$ /home/hugo/.conda/envs/omegafold_py310/bin/python /home/hugo/codes/flowa-multistep-reinference/data/lineageflow_upstream/evaluation/run_foldability.py --fasta /tmp/w158/lineageflow_real_fastas/baseline.fasta --outdir /tmp/w160/foldability_n1000/baseline/foldability --omegafold-bin /home/hugo/.conda/envs/omegafold_py310/bin/omegafold --fold-gpus 0 --sc-gpus 0 --min-len 10 --max-len 1024 --chain A --log-every 30 --no-plots
/home/hugo/OmegaFold/omegafold/utils/protein_utils/residue_constants.py:482: UserWarning: Using torch.cross without specifying the dim arg is deprecated.
Please either pass the dim explicitly or simply use torch.linalg.cross.
The default value of dim will change to agree with that of linalg.cross in a future release. (Triggered internally at /__w/pytorch/pytorch/aten/src/ATen/native/Cross.cpp:63.)
  eznorm = torch.cross(ex_normalized, ey_normalized)
INFO:root:Loading weights from /home/hugo/.cache/omegafold_ckpt/model.pt
INFO:root:Constructing OmegaFold
INFO:root:Reading /tmp/w160/foldability_n1000/baseline/foldability/omegafold_shards/shard_00/queries.fasta
INFO:root:Predicting 1th chain in /tmp/w160/foldability_n1000/baseline/foldability/omegafold_shards/shard_00/queries.fasta
INFO:root:30 residues in this chain.
INFO:root:Finished prediction in 4.12 seconds.
INFO:root:Saving prediction to /tmp/w160/foldability_n1000/baseline/foldability/omegafold_shards/shard_00/pdb/q209.pdb
INFO:root:Saved
INFO:root:Predicting 2th chain in /tmp/w160/foldability_n1000/baseline/foldability/omegafold_shards/shard_00/queries.fasta
INFO:root:30 residues in this chain.
INFO:root:Finished prediction in 3.58 seconds.
INFO:root:Saving prediction to /tmp/w160/foldability_n1000/baseline/foldability/omegafold_shards/shard_00/pdb/q253.pdb
INFO:root:Saved
INFO:root:Predicting 3th chain in /tmp/w160/foldability_n1000/baseline/foldability/omegafold_shards/shard_00/queries.fasta
INFO:root:30 residues in this chain.
INFO:root:Finished prediction in 3.58 seconds.
INFO:root:Saving prediction to /tmp/w160/foldability_n1000/baseline/foldability/omegafold_shards/shard_00/pdb/q419.pdb
INFO:root:Saved
INFO:root:Predicting 4th chain in /tmp/w160/foldability_n1000/baseline/foldability/omegafold_shards/shard_00/queries.fasta
INFO:root:30 residues in this chain.
INFO:root:Finished prediction in 3.58 seconds.
INFO:root:Saving prediction to /tmp/w160/foldability_n1000/baseline/foldability/omegafold_shards/shard_00/pdb/q481.pdb
INFO:root:Saved
INFO:root:Predicting 5th chain in /tmp/w160/foldability_n1000/baseline/foldability/omegafold_shards/shard_00/queries.fasta
INFO:root:30 residues in this chain.
INFO:root:Finished prediction in 3.58 seconds.
INFO:root:Saving prediction to /tmp/w160/foldability_n1000/baseline/foldability/omegafold_shards/shard_00/pdb/q492.pdb
INFO:root:Saved
INFO:root:Predicting 6th chain in /tmp/w160/foldability_n1000/baseline/foldability/omegafold_shards/shard_00/queries.fasta
INFO:root:31 residues in this chain.
INFO:root:Finished prediction in 3.59 seconds.
INFO:root:Saving prediction to /tmp/w160/foldability_n1000/baseline/foldability/omegafold_shards/shard_00/pdb/q185.pdb
INFO:root:Saved
INFO:root:Predicting 7th chain in /tmp/w160/foldability_n1000/baseline/foldability/omegafold_shards/shard_00/queries.fasta
INFO:root:31 residues in this chain.
INFO:root:Finished prediction in 3.58 seconds.
INFO:root:Saving prediction to /tmp/w160/foldability_n1000/baseline/foldability/omegafold_shards/shard_00/pdb/q233.pdb
INFO:root:Saved
INFO:root:Predicting 8th chain in /tmp/w160/foldability_n1000/baseline/foldability/omegafold_shards/shard_00/queries.fasta
INFO:root:31 residues in this chain.
INFO:root:Finished prediction in 3.59 seconds.
INFO:root:Saving prediction to /tmp/w160/foldability_n1000/baseline/foldability/omegafold_shards/shard_00/pdb/q473.pdb
INFO:root:Saved
INFO:root:Predicting 9th chain in /tmp/w160/foldability_n1000/baseline/foldability/omegafold_shards/shard_00/queries.fasta
INFO:root:31 residues in this chain.
INFO:root:Finished prediction in 3.57 seconds.
INFO:root:Saving prediction to /tmp/w160/foldability_n1000/baseline/foldability/omegafold_shards/shard_00/pdb/q477.pdb
INFO:root:Saved
INFO:root:Predicting 10th chain in /tmp/w160/foldability_n1000/baseline/foldability/omegafold_shards/shard_00/queries.fasta
INFO:root:31 residues in this chain.
INFO:root:Finished prediction in 3.59 seconds.
INFO:root:Saving prediction to /tmp/w160/foldability_n1000/baseline/foldability/omegafold_shards/shard_00/pdb/q729.pdb
INFO:root:Saved
INFO:root:Predicting 11th chain in /tmp/w160/foldability_n1000/baseline/foldability/omegafold_shards/shard_00/queries.fasta
INFO:root:31 residues in this chain.
INFO:root:Finished prediction in 3.59 seconds.
INFO:root:Saving prediction to /tmp/w160/foldability_n1000/baseline/foldability/omegafold_shards/shard_00/pdb/q747.pdb
INFO:root:Saved
INFO:root:Predicting 12th chain in /tmp/w160/foldability_n1000/baseline/foldability/omegafold_shards/shard_00/queries.fasta
INFO:root:31 residues in this chain.
INFO:root:Finished prediction in 3.59 seconds.
INFO:root:Saving prediction to /tmp/w160/foldability_n1000/baseline/foldability/omegafold_shards/shard_00/pdb/q795.pdb
INFO:root:Saved
INFO:root:Predicting 13th chain in /tmp/w160/foldability_n1000/baseline/foldability/omegafold_shards/shard_00/queries.fasta
INFO:root:31 residues in this chain.
INFO:root:Finished prediction in 3.58 seconds.
INFO:root:Saving prediction to /tmp/w160/foldability_n1000/baseline/foldability/omegafold_shards/shard_00/pdb/q799.pdb
INFO:root:Saved
INFO:root:Predicting 14th chain in /tmp/w160/foldability_n1000/baseline/foldability/omegafold_shards/shard_00/queries.fasta
INFO:root:31 residues in this chain.
INFO:root:Finished prediction in 3.59 seconds.
INFO:root:Saving prediction to /tmp/w160/foldability_n1000/baseline/foldability/omegafold_shards/shard_00/pdb/q820.pdb
INFO:root:Saved
INFO:root:Predicting 15th chain in /tmp/w160/foldability_n1000/baseline/foldability/omegafold_shards/shard_00/queries.fasta
INFO:root:31 residues in this chain.
INFO:root:Finished prediction in 3.58 seconds.
INFO:root:Saving prediction to /tmp/w160/foldability_n1000/baseline/foldability/omegafold_shards/shard_00/pdb/q884.pdb
INFO:root:Saved
INFO:root:Predicting 16th chain in /tmp/w160/foldability_n1000/baseline/foldability/omegafold_shards/shard_00/queries.fasta
INFO:root:31 residues in this chain.
INFO:root:Finished prediction in 3.59 seconds.
INFO:root:Saving prediction to /tmp/w160/foldability_n1000/baseline/foldability/omegafold_shards/shard_00/pdb/q947.pdb
INFO:root:Saved
INFO:root:Predicting 17th chain in /tmp/w160/foldability_n1000/baseline/foldability/omegafold_shards/shard_00/queries.fasta
INFO:root:32 residues in this chain.
INFO:root:Finished prediction in 3.57 seconds.
INFO:root:Saving prediction to /tmp/w160/foldability_n1000/baseline/foldability/omegafold_shards/shard_00/pdb/q503.pdb
INFO:root:Saved
INFO:root:Predicting 18th chain in /tmp/w160/foldability_n1000/baseline/foldability/omegafold_shards/shard_00/queries.fasta
INFO:root:32 residues in this chain.
INFO:root:Finished prediction in 3.57 seconds.
INFO:root:Saving prediction to /tmp/w160/foldability_n1000/baseline/foldability/omegafold_shards/shard_00/pdb/q555.pdb
INFO:root:Saved
INFO:root:Predicting 19th chain in /tmp/w160/foldability_n1000/baseline/foldability/omegafold_shards/shard_00/queries.fasta
INFO:root:32 residues in this chain.
INFO:root:Finished prediction in 3.57 seconds.
INFO:root:Saving prediction to /tmp/w160/foldability_n1000/baseline/foldability/omegafold_shards/shard_00/pdb/q956.pdb
INFO:root:Saved
INFO:root:Predicting 20th chain in /tmp/w160/foldability_n1000/baseline/foldability/omegafold_shards/shard_00/queries.fasta
INFO:root:33 residues in this chain.
INFO:root:Finished prediction in 3.57 seconds.
INFO:root:Saving prediction to /tmp/w160/foldability_n1000/baseline/foldability/omegafold_shards/shard_00/pdb/q198.pdb
INFO:root:Saved
INFO:root:Predicting 21th chain in /tmp/w160/foldability_n1000/baseline/foldability/omegafold_shards/shard_00/queries.fasta
INFO:root:33 residues in this chain.
INFO:root:Finished prediction in 3.58 seconds.
INFO:root:Saving prediction to /tmp/w160/foldability_n1000/baseline/foldability/omegafold_shards/shard_00/pdb/q405.pdb
INFO:root:Saved
INFO:root:Predicting 22th chain in /tmp/w160/foldability_n1000/baseline/foldability/omegafold_shards/shard_00/queries.fasta
INFO:root:33 residues in this chain.
INFO:root:Finished prediction in 3.57 seconds.
INFO:root:Saving prediction to /tmp/w160/foldability_n1000/baseline/foldability/omegafold_shards/shard_00/pdb/q420.pdb
INFO:root:Saved
INFO:root:Predicting 23th chain in /tmp/w160/foldability_n1000/baseline/foldability/omegafold_shards/shard_00/queries.fasta
INFO:root:33 residues in this chain.
INFO:root:Finished prediction in 3.57 seconds.
INFO:root:Saving prediction to /tmp/w160/foldability_n1000/baseline/foldability/omegafold_shards/shard_00/pdb/q459.pdb
INFO:root:Saved
INFO:root:Predicting 24th chain in /tmp/w160/foldability_n1000/baseline/foldability/omegafold_shards/shard_00/queries.fasta
INFO:root:33 residues in this chain.
INFO:root:Finished prediction in 3.57 seconds.
INFO:root:Saving prediction to /tmp/w160/foldability_n1000/baseline/foldability/omegafold_shards/shard_00/pdb/q495.pdb
INFO:root:Saved
INFO:root:Predicting 25th chain in /tmp/w160/foldability_n1000/baseline/foldability/omegafold_shards/shard_00/queries.fasta
INFO:root:33 residues in this chain.
INFO:root:Finished prediction in 3.57 seconds.
INFO:root:Saving prediction to /tmp/w160/foldability_n1000/baseline/foldability/omegafold_shards/shard_00/pdb/q644.pdb
INFO:root:Saved
INFO:root:Predicting 26th chain in /tmp/w160/foldability_n1000/baseline/foldability/omegafold_shards/shard_00/queries.fasta
INFO:root:33 residues in this chain.
INFO:root:Finished prediction in 3.57 seconds.
INFO:root:Saving prediction to /tmp/w160/foldability_n1000/baseline/foldability/omegafold_shards/shard_00/pdb/q721.pdb
INFO:root:Saved
INFO:root:Predicting 27th chain in /tmp/w160/foldability_n1000/baseline/foldability/omegafold_shards/shard_00/queries.fasta
INFO:root:34 residues in this chain.
INFO:root:Finished prediction in 3.58 seconds.
INFO:root:Saving prediction to /tmp/w160/foldability_n1000/baseline/foldability/omegafold_shards/shard_00/pdb/q586.pdb
INFO:root:Saved
INFO:root:Predicting 28th chain in /tmp/w160/foldability_n1000/baseline/foldability/omegafold_shards/shard_00/queries.fasta
INFO:root:34 residues in this chain.
INFO:root:Finished prediction in 3.57 seconds.
INFO:root:Saving prediction to /tmp/w160/foldability_n1000/baseline/foldability/omegafold_shards/shard_00/pdb/q733.pdb
INFO:root:Saved
INFO:root:Predicting 29th chain in /tmp/w160/foldability_n1000/baseline/foldability/omegafold_shards/shard_00/queries.fasta
INFO:root:34 residues in this chain.
INFO:root:Finished prediction in 3.58 seconds.
INFO:root:Saving prediction to /tmp/w160/foldability_n1000/baseline/foldability/omegafold_shards/shard_00/pdb/q909.pdb
INFO:root:Saved
INFO:root:Predicting 30th chain in /tmp/w160/foldability_n1000/baseline/foldability/omegafold_shards/shard_00/queries.fasta
INFO:root:35 residues in this chain.
INFO:root:Finished prediction in 3.58 seconds.
INFO:root:Saving prediction to /tmp/w160/foldability_n1000/baseline/foldability/omegafold_shards/shard_00/pdb/q213.pdb
INFO:root:Saved
INFO:root:Predicting 31th chain in /tmp/w160/foldability_n1000/baseline/foldability/omegafold_shards/shard_00/queries.fasta
INFO:root:35 residues in this chain.
INFO:root:Finished prediction in 3.57 seconds.
INFO:root:Saving prediction to /tmp/w160/foldability_n1000/baseline/foldability/omegafold_shards/shard_00/pdb/q284.pdb
INFO:root:Saved
INFO:root:Predicting 32th chain in /tmp/w160/foldability_n1000/baseline/foldability/omegafold_shards/shard_00/queries.fasta
INFO:root:35 residues in this chain.
INFO:root:Finished prediction in 3.58 seconds.
INFO:root:Saving prediction to /tmp/w160/foldability_n1000/baseline/foldability/omegafold_shards/shard_00/pdb/q368.pdb
INFO:root:Saved
INFO:root:Predicting 33th chain in /tmp/w160/foldability_n1000/baseline/foldability/omegafold_shards/shard_00/queries.fasta
INFO:root:35 residues in this chain.
INFO:root:Finished prediction in 3.57 seconds.
INFO:root:Saving prediction to /tmp/w160/foldability_n1000/baseline/foldability/omegafold_shards/shard_00/pdb/q465.pdb
INFO:root:Saved
INFO:root:Predicting 34th chain in /tmp/w160/foldability_n1000/baseline/foldability/omegafold_shards/shard_00/queries.fasta
INFO:root:35 residues in this chain.
INFO:root:Finished prediction in 3.58 seconds.
INFO:root:Saving prediction to /tmp/w160/foldability_n1000/baseline/foldability/omegafold_shards/shard_00/pdb/q558.pdb
INFO:root:Saved
INFO:root:Predicting 35th chain in /tmp/w160/foldability_n1000/baseline/foldability/omegafold_shards/shard_00/queries.fasta
INFO:root:35 residues in this chain.
INFO:root:Finished prediction in 3.58 seconds.
INFO:root:Saving prediction to /tmp/w160/foldability_n1000/baseline/foldability/omegafold_shards/shard_00/pdb/q696.pdb
INFO:root:Saved
INFO:root:Predicting 36th chain in /tmp/w160/foldability_n1000/baseline/foldability/omegafold_shards/shard_00/queries.fasta
INFO:root:35 residues in this chain.
INFO:root:Finished prediction in 3.58 seconds.
INFO:root:Saving prediction to /tmp/w160/foldability_n1000/baseline/foldability/omegafold_shards/shard_00/pdb/q769.pdb
INFO:root:Saved
INFO:root:Predicting 37th chain in /tmp/w160/foldability_n1000/baseline/foldability/omegafold_shards/shard_00/queries.fasta
INFO:root:36 residues in this chain.
INFO:root:Finished prediction in 3.58 seconds.
INFO:root:Saving prediction to /tmp/w160/foldability_n1000/baseline/foldability/omegafold_shards/shard_00/pdb/q120.pdb
INFO:root:Saved
INFO:root:Predicting 38th chain in /tmp/w160/foldability_n1000/baseline/foldability/omegafold_shards/shard_00/queries.fasta
INFO:root:36 residues in this chain.
INFO:root:Finished prediction in 3.58 seconds.
INFO:root:Saving prediction to /tmp/w160/foldability_n1000/baseline/foldability/omegafold_shards/shard_00/pdb/q217.pdb
INFO:root:Saved
INFO:root:Predicting 39th chain in /tmp/w160/foldability_n1000/baseline/foldability/omegafold_shards/shard_00/queries.fasta
INFO:root:36 residues in this chain.
INFO:root:Finished prediction in 3.58 seconds.
INFO:root:Saving prediction to /tmp/w160/foldability_n1000/baseline/foldability/omegafold_shards/shard_00/pdb/q378.pdb
INFO:root:Saved
INFO:root:Predicting 40th chain in /tmp/w160/foldability_n1000/baseline/foldability/omegafold_shards/shard_00/queries.fasta
INFO:root:36 residues in this chain.
INFO:root:Finished prediction in 3.58 seconds.
INFO:root:Saving prediction to /tmp/w160/foldability_n1000/baseline/foldability/omegafold_shards/shard_00/pdb/q412.pdb
INFO:root:Saved
INFO:root:Predicting 41th chain in /tmp/w160/foldability_n1000/baseline/foldability/omegafold_shards/shard_00/queries.fasta
INFO:root:36 residues in this chain.
INFO:root:Finished prediction in 3.13 seconds.
INFO:root:Saving prediction to /tmp/w160/foldability_n1000/baseline/foldability/omegafold_shards/shard_00/pdb/q472.pdb
INFO:root:Saved
INFO:root:Predicting 42th chain in /tmp/w160/foldability_n1000/baseline/foldability/omegafold_shards/shard_00/queries.fasta
INFO:root:36 residues in this chain.
INFO:root:Finished prediction in 2.31 seconds.
INFO:root:Saving prediction to /tmp/w160/foldability_n1000/baseline/foldability/omegafold_shards/shard_00/pdb/q560.pdb
INFO:root:Saved
INFO:root:Predicting 43th chain in /tmp/w160/foldability_n1000/baseline/foldability/omegafold_shards/shard_00/queries.fasta
INFO:root:36 residues in this chain.
INFO:root:Finished prediction in 3.58 seconds.
INFO:root:Saving prediction to /tmp/w160/foldability_n1000/baseline/foldability/omegafold_shards/shard_00/pdb/q592.pdb
INFO:root:Saved
INFO:root:Predicting 44th chain in /tmp/w160/foldability_n1000/baseline/foldability/omegafold_shards/shard_00/queries.fasta
INFO:root:36 residues in this chain.
INFO:root:Finished prediction in 3.58 seconds.
INFO:root:Saving prediction to /tmp/w160/foldability_n1000/baseline/foldability/omegafold_shards/shard_00/pdb/q854.pdb
INFO:root:Saved
INFO:root:Predicting 45th chain in /tmp/w160/foldability_n1000/baseline/foldability/omegafold_shards/shard_00/queries.fasta
INFO:root:37 residues in this chain.
INFO:root:Finished prediction in 3.58 seconds.
INFO:root:Saving prediction to /tmp/w160/foldability_n1000/baseline/foldability/omegafold_shards/shard_00/pdb/q275.pdb
INFO:root:Saved
INFO:root:Predicting 46th chain in /tmp/w160/foldability_n1000/baseline/foldability/omegafold_shards/shard_00/queries.fasta
INFO:root:37 residues in this chain.
INFO:root:Finished prediction in 3.57 seconds.
INFO:root:Saving prediction to /tmp/w160/foldability_n1000/baseline/foldability/omegafold_shards/shard_00/pdb/q434.pdb
INFO:root:Saved
INFO:root:Predicting 47th chain in /tmp/w160/foldability_n1000/baseline/foldability/omegafold_shards/shard_00/queries.fasta
INFO:root:37 residues in this chain.
INFO:root:Finished prediction in 3.58 seconds.
INFO:root:Saving prediction to /tmp/w160/foldability_n1000/baseline/foldability/omegafold_shards/shard_00/pdb/q463.pdb
INFO:root:Saved
INFO:root:Predicting 48th chain in /tmp/w160/foldability_n1000/baseline/foldability/omegafold_shards/shard_00/queries.fasta
INFO:root:37 residues in this chain.
INFO:root:Finished prediction in 3.57 seconds.
INFO:root:Saving prediction to /tmp/w160/foldability_n1000/baseline/foldability/omegafold_shards/shard_00/pdb/q842.pdb
INFO:root:Saved
INFO:root:Predicting 49th chain in /tmp/w160/foldability_n1000/baseline/foldability/omegafold_shards/shard_00/queries.fasta
INFO:root:37 residues in this chain.
INFO:root:Finished prediction in 3.58 seconds.
INFO:root:Saving prediction to /tmp/w160/foldability_n1000/baseline/foldability/omegafold_shards/shard_00/pdb/q908.pdb
INFO:root:Saved
INFO:root:Predicting 50th chain in /tmp/w160/foldability_n1000/baseline/foldability/omegafold_shards/shard_00/queries.fasta
INFO:root:37 residues in this chain.
INFO:root:Finished prediction in 3.59 seconds.
INFO:root:Saving prediction to /tmp/w160/foldability_n1000/baseline/foldability/omegafold_shards/shard_00/pdb/q918.pdb
INFO:root:Saved
INFO:root:Predicting 51th chain in /tmp/w160/foldability_n1000/baseline/foldability/omegafold_shards/shard_00/queries.fasta
INFO:root:38 residues in this chain.
INFO:root:Finished prediction in 3.58 seconds.
INFO:root:Saving prediction to /tmp/w160/foldability_n1000/baseline/foldability/omegafold_shards/shard_00/pdb/q43.pdb
INFO:root:Saved
INFO:root:Predicting 52th chain in /tmp/w160/foldability_n1000/baseline/foldability/omegafold_shards/shard_00/queries.fasta
INFO:root:38 residues in this chain.
INFO:root:Finished prediction in 3.57 seconds.
INFO:root:Saving prediction to /tmp/w160/foldability_n1000/baseline/foldability/omegafold_shards/shard_00/pdb/q127.pdb
INFO:root:Saved
INFO:root:Predicting 53th chain in /tmp/w160/foldability_n1000/baseline/foldability/omegafold_shards/shard_00/queries.fasta
INFO:root:38 residues in this chain.
INFO:root:Finished prediction in 3.58 seconds.
INFO:root:Saving prediction to /tmp/w160/foldability_n1000/baseline/foldability/omegafold_shards/shard_00/pdb/q132.pdb
INFO:root:Saved
INFO:root:Predicting 54th chain in /tmp/w160/foldability_n1000/baseline/foldability/omegafold_shards/shard_00/queries.fasta
INFO:root:38 residues in this chain.
INFO:root:Finished prediction in 3.58 seconds.
INFO:root:Saving prediction to /tmp/w160/foldability_n1000/baseline/foldability/omegafold_shards/shard_00/pdb/q354.pdb
INFO:root:Saved
INFO:root:Predicting 55th chain in /tmp/w160/foldability_n1000/baseline/foldability/omegafold_shards/shard_00/queries.fasta
INFO:root:38 residues in this chain.
INFO:root:Finished prediction in 3.58 seconds.
INFO:root:Saving prediction to /tmp/w160/foldability_n1000/baseline/foldability/omegafold_shards/shard_00/pdb/q381.pdb
INFO:root:Saved
INFO:root:Predicting 56th chain in /tmp/w160/foldability_n1000/baseline/foldability/omegafold_shards/shard_00/queries.fasta
INFO:root:38 residues in this chain.
INFO:root:Finished prediction in 3.57 seconds.
INFO:root:Saving prediction to /tmp/w160/foldability_n1000/baseline/foldability/omegafold_shards/shard_00/pdb/q428.pdb
INFO:root:Saved
INFO:root:Predicting 57th chain in /tmp/w160/foldability_n1000/baseline/foldability/omegafold_shards/shard_00/queries.fasta
INFO:root:38 residues in this chain.
INFO:root:Finished prediction in 3.58 seconds.
INFO:root:Saving prediction to /tmp/w160/foldability_n1000/baseline/foldability/omegafold_shards/shard_00/pdb/q506.pdb
INFO:root:Saved
INFO:root:Predicting 58th chain in /tmp/w160/foldability_n1000/baseline/foldability/omegafold_shards/shard_00/queries.fasta
INFO:root:38 residues in this chain.
INFO:root:Finished prediction in 3.57 seconds.
INFO:root:Saving prediction to /tmp/w160/foldability_n1000/baseline/foldability/omegafold_shards/shard_00/pdb/q564.pdb
INFO:root:Saved
INFO:root:Predicting 59th chain in /tmp/w160/foldability_n1000/baseline/foldability/omegafold_shards/shard_00/queries.fasta
INFO:root:38 residues in this chain.
INFO:root:Finished prediction in 3.58 seconds.
INFO:root:Saving prediction to /tmp/w160/foldability_n1000/baseline/foldability/omegafold_shards/shard_00/pdb/q585.pdb
INFO:root:Saved
INFO:root:Predicting 60th chain in /tmp/w160/foldability_n1000/baseline/foldability/omegafold_shards/shard_00/queries.fasta
INFO:root:38 residues in this chain.
INFO:root:Finished prediction in 3.57 seconds.
INFO:root:Saving prediction to /tmp/w160/foldability_n1000/baseline/foldability/omegafold_shards/shard_00/pdb/q610.pdb
INFO:root:Saved
INFO:root:Predicting 61th chain in /tmp/w160/foldability_n1000/baseline/foldability/omegafold_shards/shard_00/queries.fasta
INFO:root:38 residues in this chain.
INFO:root:Finished prediction in 3.58 seconds.
INFO:root:Saving prediction to /tmp/w160/foldability_n1000/baseline/foldability/omegafold_shards/shard_00/pdb/q715.pdb
INFO:root:Saved
INFO:root:Predicting 62th chain in /tmp/w160/foldability_n1000/baseline/foldability/omegafold_shards/shard_00/queries.fasta
INFO:root:38 residues in this chain.
INFO:root:Finished prediction in 3.58 seconds.
INFO:root:Saving prediction to /tmp/w160/foldability_n1000/baseline/foldability/omegafold_shards/shard_00/pdb/q781.pdb
INFO:root:Saved
INFO:root:Predicting 63th chain in /tmp/w160/foldability_n1000/baseline/foldability/omegafold_shards/shard_00/queries.fasta
INFO:root:38 residues in this chain.
INFO:root:Finished prediction in 3.57 seconds.
INFO:root:Saving prediction to /tmp/w160/foldability_n1000/baseline/foldability/omegafold_shards/shard_00/pdb/q843.pdb
INFO:root:Saved
INFO:root:Predicting 64th chain in /tmp/w160/foldability_n1000/baseline/foldability/omegafold_shards/shard_00/queries.fasta
INFO:root:38 residues in this chain.
INFO:root:Finished prediction in 3.58 seconds.
INFO:root:Saving prediction to /tmp/w160/foldability_n1000/baseline/foldability/omegafold_shards/shard_00/pdb/q847.pdb
INFO:root:Saved
INFO:root:Predicting 65th chain in /tmp/w160/foldability_n1000/baseline/foldability/omegafold_shards/shard_00/queries.fasta
INFO:root:39 residues in this chain.
INFO:root:Finished prediction in 3.58 seconds.
INFO:root:Saving prediction to /tmp/w160/foldability_n1000/baseline/foldability/omegafold_shards/shard_00/pdb/q303.pdb
INFO:root:Saved
INFO:root:Predicting 66th chain in /tmp/w160/foldability_n1000/baseline/foldability/omegafold_shards/shard_00/queries.fasta
INFO:root:39 residues in this chain.
INFO:root:Finished prediction in 3.59 seconds.
INFO:root:Saving prediction to /tmp/w160/foldability_n1000/baseline/foldability/omegafold_shards/shard_00/pdb/q450.pdb
INFO:root:Saved
INFO:root:Predicting 67th chain in /tmp/w160/foldability_n1000/baseline/foldability/omegafold_shards/shard_00/queries.fasta
INFO:root:39 residues in this chain.
INFO:root:Finished prediction in 3.58 seconds.
INFO:root:Saving prediction to /tmp/w160/foldability_n1000/baseline/foldability/omegafold_shards/shard_00/pdb/q614.pdb
INFO:root:Saved
INFO:root:Predicting 68th chain in /tmp/w160/foldability_n1000/baseline/foldability/omegafold_shards/shard_00/queries.fasta
INFO:root:39 residues in this chain.
INFO:root:Finished prediction in 3.57 seconds.
INFO:root:Saving prediction to /tmp/w160/foldability_n1000/baseline/foldability/omegafold_shards/shard_00/pdb/q816.pdb
INFO:root:Saved
INFO:root:Predicting 69th chain in /tmp/w160/foldability_n1000/baseline/foldability/omegafold_shards/shard_00/queries.fasta
INFO:root:39 residues in this chain.
INFO:root:Finished prediction in 3.58 seconds.
INFO:root:Saving prediction to /tmp/w160/foldability_n1000/baseline/foldability/omegafold_shards/shard_00/pdb/q830.pdb
INFO:root:Saved
INFO:root:Predicting 70th chain in /tmp/w160/foldability_n1000/baseline/foldability/omegafold_shards/shard_00/queries.fasta
INFO:root:39 residues in this chain.
INFO:root:Finished prediction in 3.57 seconds.
INFO:root:Saving prediction to /tmp/w160/foldability_n1000/baseline/foldability/omegafold_shards/shard_00/pdb/q865.pdb
INFO:root:Saved
INFO:root:Predicting 71th chain in /tmp/w160/foldability_n1000/baseline/foldability/omegafold_shards/shard_00/queries.fasta
INFO:root:39 residues in this chain.
INFO:root:Finished prediction in 3.57 seconds.
INFO:root:Saving prediction to /tmp/w160/foldability_n1000/baseline/foldability/omegafold_shards/shard_00/pdb/q995.pdb
INFO:root:Saved
INFO:root:Predicting 72th chain in /tmp/w160/foldability_n1000/baseline/foldability/omegafold_shards/shard_00/queries.fasta
INFO:root:40 residues in this chain.
INFO:root:Finished prediction in 3.58 seconds.
INFO:root:Saving prediction to /tmp/w160/foldability_n1000/baseline/foldability/omegafold_shards/shard_00/pdb/q9.pdb
INFO:root:Saved
INFO:root:Predicting 73th chain in /tmp/w160/foldability_n1000/baseline/foldability/omegafold_shards/shard_00/queries.fasta
INFO:root:40 residues in this chain.
INFO:root:Finished prediction in 3.57 seconds.
INFO:root:Saving prediction to /tmp/w160/foldability_n1000/baseline/foldability/omegafold_shards/shard_00/pdb/q95.pdb
INFO:root:Saved
INFO:root:Predicting 74th chain in /tmp/w160/foldability_n1000/baseline/foldability/omegafold_shards/shard_00/queries.fasta
INFO:root:40 residues in this chain.
INFO:root:Finished prediction in 3.58 seconds.
INFO:root:Saving prediction to /tmp/w160/foldability_n1000/baseline/foldability/omegafold_shards/shard_00/pdb/q140.pdb
INFO:root:Saved
INFO:root:Predicting 75th chain in /tmp/w160/foldability_n1000/baseline/foldability/omegafold_shards/shard_00/queries.fasta
INFO:root:40 residues in this chain.
INFO:root:Finished prediction in 3.57 seconds.
INFO:root:Saving prediction to /tmp/w160/foldability_n1000/baseline/foldability/omegafold_shards/shard_00/pdb/q266.pdb
INFO:root:Saved
INFO:root:Predicting 76th chain in /tmp/w160/foldability_n1000/baseline/foldability/omegafold_shards/shard_00/queries.fasta
INFO:root:40 residues in this chain.
INFO:root:Finished prediction in 3.57 seconds.
INFO:root:Saving prediction to /tmp/w160/foldability_n1000/baseline/foldability/omegafold_shards/shard_00/pdb/q288.pdb
INFO:root:Saved
INFO:root:Predicting 77th chain in /tmp/w160/foldability_n1000/baseline/foldability/omegafold_shards/shard_00/queries.fasta
INFO:root:40 residues in this chain.
INFO:root:Finished prediction in 3.58 seconds.
INFO:root:Saving prediction to /tmp/w160/foldability_n1000/baseline/foldability/omegafold_shards/shard_00/pdb/q525.pdb
INFO:root:Saved
INFO:root:Predicting 78th chain in /tmp/w160/foldability_n1000/baseline/foldability/omegafold_shards/shard_00/queries.fasta
INFO:root:40 residues in this chain.
INFO:root:Finished prediction in 3.59 seconds.
INFO:root:Saving prediction to /tmp/w160/foldability_n1000/baseline/foldability/omegafold_shards/shard_00/pdb/q526.pdb
INFO:root:Saved
INFO:root:Predicting 79th chain in /tmp/w160/foldability_n1000/baseline/foldability/omegafold_shards/shard_00/queries.fasta
INFO:root:40 residues in this chain.
INFO:root:Finished prediction in 3.59 seconds.
INFO:root:Saving prediction to /tmp/w160/foldability_n1000/baseline/foldability/omegafold_shards/shard_00/pdb/q566.pdb
INFO:root:Saved
INFO:root:Predicting 80th chain in /tmp/w160/foldability_n1000/baseline/foldability/omegafold_shards/shard_00/queries.fasta
INFO:root:40 residues in this chain.
INFO:root:Finished prediction in 3.58 seconds.
INFO:root:Saving prediction to /tmp/w160/foldability_n1000/baseline/foldability/omegafold_shards/shard_00/pdb/q752.pdb
INFO:root:Saved
INFO:root:Predicting 81th chain in /tmp/w160/foldability_n1000/baseline/foldability/omegafold_shards/shard_00/queries.fasta
INFO:root:40 residues in this chain.
INFO:root:Finished prediction in 3.58 seconds.
INFO:root:Saving prediction to /tmp/w160/foldability_n1000/baseline/foldability/omegafold_shards/shard_00/pdb/q780.pdb
INFO:root:Saved
INFO:root:Predicting 82th chain in /tmp/w160/foldability_n1000/baseline/foldability/omegafold_shards/shard_00/queries.fasta
INFO:root:40 residues in this chain.
INFO:root:Finished prediction in 3.58 seconds.
INFO:root:Saving prediction to /tmp/w160/foldability_n1000/baseline/foldability/omegafold_shards/shard_00/pdb/q838.pdb
INFO:root:Saved
INFO:root:Predicting 83th chain in /tmp/w160/foldability_n1000/baseline/foldability/omegafold_shards/shard_00/queries.fasta
INFO:root:40 residues in this chain.
INFO:root:Finished prediction in 3.58 seconds.
INFO:root:Saving prediction to /tmp/w160/foldability_n1000/baseline/foldability/omegafold_shards/shard_00/pdb/q863.pdb
INFO:root:Saved
INFO:root:Predicting 84th chain in /tmp/w160/foldability_n1000/baseline/foldability/omegafold_shards/shard_00/queries.fasta
INFO:root:40 residues in this chain.
INFO:root:Finished prediction in 3.58 seconds.
INFO:root:Saving prediction to /tmp/w160/foldability_n1000/baseline/foldability/omegafold_shards/shard_00/pdb/q885.pdb
INFO:root:Saved
INFO:root:Predicting 85th chain in /tmp/w160/foldability_n1000/baseline/foldability/omegafold_shards/shard_00/queries.fasta
INFO:root:40 residues in this chain.
INFO:root:Finished prediction in 3.58 seconds.
INFO:root:Saving prediction to /tmp/w160/foldability_n1000/baseline/foldability/omegafold_shards/shard_00/pdb/q953.pdb
INFO:root:Saved
INFO:root:Predicting 86th chain in /tmp/w160/foldability_n1000/baseline/foldability/omegafold_shards/shard_00/queries.fasta
INFO:root:41 residues in this chain.
INFO:root:Finished prediction in 3.59 seconds.
INFO:root:Saving prediction to /tmp/w160/foldability_n1000/baseline/foldability/omegafold_shards/shard_00/pdb/q5.pdb
INFO:root:Saved
INFO:root:Predicting 87th chain in /tmp/w160/foldability_n1000/baseline/foldability/omegafold_shards/shard_00/queries.fasta
INFO:root:41 residues in this chain.
INFO:root:Finished prediction in 3.58 seconds.
INFO:root:Saving prediction to /tmp/w160/foldability_n1000/baseline/foldability/omegafold_shards/shard_00/pdb/q90.pdb
INFO:root:Saved
INFO:root:Predicting 88th chain in /tmp/w160/foldability_n1000/baseline/foldability/omegafold_shards/shard_00/queries.fasta
INFO:root:41 residues in this chain.
INFO:root:Finished prediction in 3.58 seconds.
INFO:root:Saving prediction to /tmp/w160/foldability_n1000/baseline/foldability/omegafold_shards/shard_00/pdb/q351.pdb
INFO:root:Saved
INFO:root:Predicting 89th chain in /tmp/w160/foldability_n1000/baseline/foldability/omegafold_shards/shard_00/queries.fasta
INFO:root:41 residues in this chain.
INFO:root:Finished prediction in 3.59 seconds.
INFO:root:Saving prediction to /tmp/w160/foldability_n1000/baseline/foldability/omegafold_shards/shard_00/pdb/q505.pdb
INFO:root:Saved
INFO:root:Predicting 90th chain in /tmp/w160/foldability_n1000/baseline/foldability/omegafold_shards/shard_00/queries.fasta
INFO:root:41 residues in this chain.
INFO:root:Finished prediction in 3.58 seconds.
INFO:root:Saving prediction to /tmp/w160/foldability_n1000/baseline/foldability/omegafold_shards/shard_00/pdb/q869.pdb
INFO:root:Saved
INFO:root:Predicting 91th chain in /tmp/w160/foldability_n1000/baseline/foldability/omegafold_shards/shard_00/queries.fasta
INFO:root:42 residues in this chain.
INFO:root:Finished prediction in 3.57 seconds.
INFO:root:Saving prediction to /tmp/w160/foldability_n1000/baseline/foldability/omegafold_shards/shard_00/pdb/q89.pdb
INFO:root:Saved
INFO:root:Predicting 92th chain in /tmp/w160/foldability_n1000/baseline/foldability/omegafold_shards/shard_00/queries.fasta
INFO:root:42 residues in this chain.
INFO:root:Finished prediction in 3.57 seconds.
INFO:root:Saving prediction to /tmp/w160/foldability_n1000/baseline/foldability/omegafold_shards/shard_00/pdb/q101.pdb
INFO:root:Saved
INFO:root:Predicting 93th chain in /tmp/w160/foldability_n1000/baseline/foldability/omegafold_shards/shard_00/queries.fasta
INFO:root:42 residues in this chain.
INFO:root:Finished prediction in 3.57 seconds.
INFO:root:Saving prediction to /tmp/w160/foldability_n1000/baseline/foldability/omegafold_shards/shard_00/pdb/q218.pdb
INFO:root:Saved
INFO:root:Predicting 94th chain in /tmp/w160/foldability_n1000/baseline/foldability/omegafold_shards/shard_00/queries.fasta
INFO:root:42 residues in this chain.
INFO:root:Finished prediction in 3.57 seconds.
INFO:root:Saving prediction to /tmp/w160/foldability_n1000/baseline/foldability/omegafold_shards/shard_00/pdb/q295.pdb
INFO:root:Saved
INFO:root:Predicting 95th chain in /tmp/w160/foldability_n1000/baseline/foldability/omegafold_shards/shard_00/queries.fasta
INFO:root:42 residues in this chain.
INFO:root:Finished prediction in 3.57 seconds.
INFO:root:Saving prediction to /tmp/w160/foldability_n1000/baseline/foldability/omegafold_shards/shard_00/pdb/q541.pdb
INFO:root:Saved
INFO:root:Predicting 96th chain in /tmp/w160/foldability_n1000/baseline/foldability/omegafold_shards/shard_00/queries.fasta
INFO:root:42 residues in this chain.
INFO:root:Finished prediction in 3.57 seconds.
INFO:root:Saving prediction to /tmp/w160/foldability_n1000/baseline/foldability/omegafold_shards/shard_00/pdb/q706.pdb
INFO:root:Saved
INFO:root:Predicting 97th chain in /tmp/w160/foldability_n1000/baseline/foldability/omegafold_shards/shard_00/queries.fasta
INFO:root:42 residues in this chain.
INFO:root:Finished prediction in 3.57 seconds.
INFO:root:Saving prediction to /tmp/w160/foldability_n1000/baseline/foldability/omegafold_shards/shard_00/pdb/q938.pdb
INFO:root:Saved
INFO:root:Predicting 98th chain in /tmp/w160/foldability_n1000/baseline/foldability/omegafold_shards/shard_00/queries.fasta
INFO:root:42 residues in this chain.
INFO:root:Finished prediction in 3.57 seconds.
INFO:root:Saving prediction to /tmp/w160/foldability_n1000/baseline/foldability/omegafold_shards/shard_00/pdb/q942.pdb
INFO:root:Saved
INFO:root:Predicting 99th chain in /tmp/w160/foldability_n1000/baseline/foldability/omegafold_shards/shard_00/queries.fasta
INFO:root:43 residues in this chain.
INFO:root:Finished prediction in 3.59 seconds.
INFO:root:Saving prediction to /tmp/w160/foldability_n1000/baseline/foldability/omegafold_shards/shard_00/pdb/q77.pdb
INFO:root:Saved
INFO:root:Predicting 100th chain in /tmp/w160/foldability_n1000/baseline/foldability/omegafold_shards/shard_00/queries.fasta
INFO:root:43 residues in this chain.
INFO:root:Finished prediction in 3.59 seconds.
INFO:root:Saving prediction to /tmp/w160/foldability_n1000/baseline/foldability/omegafold_shards/shard_00/pdb/q78.pdb
INFO:root:Saved
INFO:root:Predicting 101th chain in /tmp/w160/foldability_n1000/baseline/foldability/omegafold_shards/shard_00/queries.fasta
INFO:root:43 residues in this chain.
INFO:root:Finished prediction in 3.58 seconds.
INFO:root:Saving prediction to /tmp/w160/foldability_n1000/baseline/foldability/omegafold_shards/shard_00/pdb/q269.pdb
INFO:root:Saved
INFO:root:Predicting 102th chain in /tmp/w160/foldability_n1000/baseline/foldability/omegafold_shards/shard_00/queries.fasta
INFO:root:43 residues in this chain.
INFO:root:Finished prediction in 3.58 seconds.
INFO:root:Saving prediction to /tmp/w160/foldability_n1000/baseline/foldability/omegafold_shards/shard_00/pdb/q393.pdb
INFO:root:Saved
INFO:root:Predicting 103th chain in /tmp/w160/foldability_n1000/baseline/foldability/omegafold_shards/shard_00/queries.fasta
INFO:root:43 residues in this chain.
INFO:root:Finished prediction in 3.60 seconds.
INFO:root:Saving prediction to /tmp/w160/foldability_n1000/baseline/foldability/omegafold_shards/shard_00/pdb/q411.pdb
INFO:root:Saved
INFO:root:Predicting 104th chain in /tmp/w160/foldability_n1000/baseline/foldability/omegafold_shards/shard_00/queries.fasta
INFO:root:43 residues in this chain.
INFO:root:Finished prediction in 3.58 seconds.
INFO:root:Saving prediction to /tmp/w160/foldability_n1000/baseline/foldability/omegafold_shards/shard_00/pdb/q501.pdb
INFO:root:Saved
INFO:root:Predicting 105th chain in /tmp/w160/foldability_n1000/baseline/foldability/omegafold_shards/shard_00/queries.fasta
INFO:root:43 residues in this chain.
INFO:root:Finished prediction in 3.58 seconds.
INFO:root:Saving prediction to /tmp/w160/foldability_n1000/baseline/foldability/omegafold_shards/shard_00/pdb/q666.pdb
INFO:root:Saved
INFO:root:Predicting 106th chain in /tmp/w160/foldability_n1000/baseline/foldability/omegafold_shards/shard_00/queries.fasta
INFO:root:43 residues in this chain.
INFO:root:Finished prediction in 3.58 seconds.
INFO:root:Saving prediction to /tmp/w160/foldability_n1000/baseline/foldability/omegafold_shards/shard_00/pdb/q976.pdb
INFO:root:Saved
INFO:root:Predicting 107th chain in /tmp/w160/foldability_n1000/baseline/foldability/omegafold_shards/shard_00/queries.fasta
INFO:root:44 residues in this chain.
INFO:root:Finished prediction in 3.59 seconds.
INFO:root:Saving prediction to /tmp/w160/foldability_n1000/baseline/foldability/omegafold_shards/shard_00/pdb/q171.pdb
INFO:root:Saved
INFO:root:Predicting 108th chain in /tmp/w160/foldability_n1000/baseline/foldability/omegafold_shards/shard_00/queries.fasta
INFO:root:44 residues in this chain.
INFO:root:Finished prediction in 3.58 seconds.
INFO:root:Saving prediction to /tmp/w160/foldability_n1000/baseline/foldability/omegafold_shards/shard_00/pdb/q415.pdb
INFO:root:Saved
INFO:root:Predicting 109th chain in /tmp/w160/foldability_n1000/baseline/foldability/omegafold_shards/shard_00/queries.fasta
INFO:root:44 residues in this chain.
INFO:root:Finished prediction in 3.58 seconds.
INFO:root:Saving prediction to /tmp/w160/foldability_n1000/baseline/foldability/omegafold_shards/shard_00/pdb/q468.pdb
INFO:root:Saved
INFO:root:Predicting 110th chain in /tmp/w160/foldability_n1000/baseline/foldability/omegafold_shards/shard_00/queries.fasta
INFO:root:44 residues in this chain.
INFO:root:Finished prediction in 3.59 seconds.
INFO:root:Saving prediction to /tmp/w160/foldability_n1000/baseline/foldability/omegafold_shards/shard_00/pdb/q630.pdb
INFO:root:Saved
INFO:root:Predicting 111th chain in /tmp/w160/foldability_n1000/baseline/foldability/omegafold_shards/shard_00/queries.fasta
INFO:root:44 residues in this chain.
INFO:root:Finished prediction in 3.58 seconds.
INFO:root:Saving prediction to /tmp/w160/foldability_n1000/baseline/foldability/omegafold_shards/shard_00/pdb/q689.pdb
INFO:root:Saved
INFO:root:Predicting 112th chain in /tmp/w160/foldability_n1000/baseline/foldability/omegafold_shards/shard_00/queries.fasta
INFO:root:45 residues in this chain.
INFO:root:Finished prediction in 3.58 seconds.
INFO:root:Saving prediction to /tmp/w160/foldability_n1000/baseline/foldability/omegafold_shards/shard_00/pdb/q74.pdb
INFO:root:Saved
INFO:root:Predicting 113th chain in /tmp/w160/foldability_n1000/baseline/foldability/omegafold_shards/shard_00/queries.fasta
INFO:root:45 residues in this chain.
INFO:root:Finished prediction in 3.58 seconds.
INFO:root:Saving prediction to /tmp/w160/foldability_n1000/baseline/foldability/omegafold_shards/shard_00/pdb/q82.pdb
INFO:root:Saved
INFO:root:Predicting 114th chain in /tmp/w160/foldability_n1000/baseline/foldability/omegafold_shards/shard_00/queries.fasta
INFO:root:45 residues in this chain.
INFO:root:Finished prediction in 3.59 seconds.
INFO:root:Saving prediction to /tmp/w160/foldability_n1000/baseline/foldability/omegafold_shards/shard_00/pdb/q111.pdb
INFO:root:Saved
INFO:root:Predicting 115th chain in /tmp/w160/foldability_n1000/baseline/foldability/omegafold_shards/shard_00/queries.fasta
INFO:root:45 residues in this chain.
INFO:root:Finished prediction in 3.58 seconds.
INFO:root:Saving prediction to /tmp/w160/foldability_n1000/baseline/foldability/omegafold_shards/shard_00/pdb/q235.pdb
INFO:root:Saved
INFO:root:Predicting 116th chain in /tmp/w160/foldability_n1000/baseline/foldability/omegafold_shards/shard_00/queries.fasta
INFO:root:45 residues in this chain.
INFO:root:Finished prediction in 3.59 seconds.
INFO:root:Saving prediction to /tmp/w160/foldability_n1000/baseline/foldability/omegafold_shards/shard_00/pdb/q352.pdb
INFO:root:Saved
INFO:root:Predicting 117th chain in /tmp/w160/foldability_n1000/baseline/foldability/omegafold_shards/shard_00/queries.fasta
INFO:root:45 residues in this chain.
INFO:root:Finished prediction in 3.58 seconds.
INFO:root:Saving prediction to /tmp/w160/foldability_n1000/baseline/foldability/omegafold_shards/shard_00/pdb/q409.pdb
INFO:root:Saved
INFO:root:Predicting 118th chain in /tmp/w160/foldability_n1000/baseline/foldability/omegafold_shards/shard_00/queries.fasta
INFO:root:45 residues in this chain.
INFO:root:Finished prediction in 3.59 seconds.
INFO:root:Saving prediction to /tmp/w160/foldability_n1000/baseline/foldability/omegafold_shards/shard_00/pdb/q583.pdb
INFO:root:Saved
INFO:root:Predicting 119th chain in /tmp/w160/foldability_n1000/baseline/foldability/omegafold_shards/shard_00/queries.fasta
INFO:root:45 residues in this chain.
INFO:root:Finished prediction in 3.58 seconds.
INFO:root:Saving prediction to /tmp/w160/foldability_n1000/baseline/foldability/omegafold_shards/shard_00/pdb/q639.pdb
INFO:root:Saved
INFO:root:Predicting 120th chain in /tmp/w160/foldability_n1000/baseline/foldability/omegafold_shards/shard_00/queries.fasta
INFO:root:45 residues in this chain.
INFO:root:Finished prediction in 3.59 seconds.
INFO:root:Saving prediction to /tmp/w160/foldability_n1000/baseline/foldability/omegafold_shards/shard_00/pdb/q698.pdb
INFO:root:Saved
INFO:root:Predicting 121th chain in /tmp/w160/foldability_n1000/baseline/foldability/omegafold_shards/shard_00/queries.fasta
INFO:root:45 residues in this chain.
INFO:root:Finished prediction in 3.58 seconds.
INFO:root:Saving prediction to /tmp/w160/foldability_n1000/baseline/foldability/omegafold_shards/shard_00/pdb/q833.pdb
INFO:root:Saved
INFO:root:Predicting 122th chain in /tmp/w160/foldability_n1000/baseline/foldability/omegafold_shards/shard_00/queries.fasta
INFO:root:46 residues in this chain.
INFO:root:Finished prediction in 3.59 seconds.
INFO:root:Saving prediction to /tmp/w160/foldability_n1000/baseline/foldability/omegafold_shards/shard_00/pdb/q8.pdb
INFO:root:Saved
INFO:root:Predicting 123th chain in /tmp/w160/foldability_n1000/baseline/foldability/omegafold_shards/shard_00/queries.fasta
INFO:root:46 residues in this chain.
INFO:root:Finished prediction in 3.58 seconds.
INFO:root:Saving prediction to /tmp/w160/foldability_n1000/baseline/foldability/omegafold_shards/shard_00/pdb/q108.pdb
INFO:root:Saved
INFO:root:Predicting 124th chain in /tmp/w160/foldability_n1000/baseline/foldability/omegafold_shards/shard_00/queries.fasta
INFO:root:46 residues in this chain.
INFO:root:Finished prediction in 3.59 seconds.
INFO:root:Saving prediction to /tmp/w160/foldability_n1000/baseline/foldability/omegafold_shards/shard_00/pdb/q164.pdb
INFO:root:Saved
INFO:root:Predicting 125th chain in /tmp/w160/foldability_n1000/baseline/foldability/omegafold_shards/shard_00/queries.fasta
INFO:root:46 residues in this chain.
INFO:root:Finished prediction in 3.58 seconds.
INFO:root:Saving prediction to /tmp/w160/foldability_n1000/baseline/foldability/omegafold_shards/shard_00/pdb/q285.pdb
INFO:root:Saved
INFO:root:Predicting 126th chain in /tmp/w160/foldability_n1000/baseline/foldability/omegafold_shards/shard_00/queries.fasta
INFO:root:46 residues in this chain.
INFO:root:Finished prediction in 3.58 seconds.
INFO:root:Saving prediction to /tmp/w160/foldability_n1000/baseline/foldability/omegafold_shards/shard_00/pdb/q364.pdb
INFO:root:Saved
INFO:root:Predicting 127th chain in /tmp/w160/foldability_n1000/baseline/foldability/omegafold_shards/shard_00/queries.fasta
INFO:root:46 residues in this chain.
INFO:root:Finished prediction in 3.58 seconds.
INFO:root:Saving prediction to /tmp/w160/foldability_n1000/baseline/foldability/omegafold_shards/shard_00/pdb/q372.pdb
INFO:root:Saved
INFO:root:Predicting 128th chain in /tmp/w160/foldability_n1000/baseline/foldability/omegafold_shards/shard_00/queries.fasta
INFO:root:46 residues in this chain.
INFO:root:Finished prediction in 3.59 seconds.
INFO:root:Saving prediction to /tmp/w160/foldability_n1000/baseline/foldability/omegafold_shards/shard_00/pdb/q454.pdb
INFO:root:Saved
INFO:root:Predicting 129th chain in /tmp/w160/foldability_n1000/baseline/foldability/omegafold_shards/shard_00/queries.fasta
INFO:root:46 residues in this chain.
INFO:root:Finished prediction in 3.58 seconds.
INFO:root:Saving prediction to /tmp/w160/foldability_n1000/baseline/foldability/omegafold_shards/shard_00/pdb/q590.pdb
INFO:root:Saved
INFO:root:Predicting 130th chain in /tmp/w160/foldability_n1000/baseline/foldability/omegafold_shards/shard_00/queries.fasta
INFO:root:46 residues in this chain.
INFO:root:Finished prediction in 3.58 seconds.
INFO:root:Saving prediction to /tmp/w160/foldability_n1000/baseline/foldability/omegafold_shards/shard_00/pdb/q755.pdb
INFO:root:Saved
INFO:root:Predicting 131th chain in /tmp/w160/foldability_n1000/baseline/foldability/omegafold_shards/shard_00/queries.fasta
INFO:root:46 residues in this chain.
INFO:root:Finished prediction in 3.58 seconds.
INFO:root:Saving prediction to /tmp/w160/foldability_n1000/baseline/foldability/omegafold_shards/shard_00/pdb/q772.pdb
INFO:root:Saved
INFO:root:Predicting 132th chain in /tmp/w160/foldability_n1000/baseline/foldability/omegafold_shards/shard_00/queries.fasta
INFO:root:47 residues in this chain.
INFO:root:Finished prediction in 3.59 seconds.
INFO:root:Saving prediction to /tmp/w160/foldability_n1000/baseline/foldability/omegafold_shards/shard_00/pdb/q160.pdb
INFO:root:Saved
INFO:root:Predicting 133th chain in /tmp/w160/foldability_n1000/baseline/foldability/omegafold_shards/shard_00/queries.fasta
INFO:root:47 residues in this chain.
INFO:root:Finished prediction in 3.57 seconds.
INFO:root:Saving prediction to /tmp/w160/foldability_n1000/baseline/foldability/omegafold_shards/shard_00/pdb/q413.pdb
INFO:root:Saved
INFO:root:Predicting 134th chain in /tmp/w160/foldability_n1000/baseline/foldability/omegafold_shards/shard_00/queries.fasta
INFO:root:47 residues in this chain.
INFO:root:Finished prediction in 3.58 seconds.
INFO:root:Saving prediction to /tmp/w160/foldability_n1000/baseline/foldability/omegafold_shards/shard_00/pdb/q553.pdb
INFO:root:Saved
INFO:root:Predicting 135th chain in /tmp/w160/foldability_n1000/baseline/foldability/omegafold_shards/shard_00/queries.fasta
INFO:root:47 residues in this chain.
INFO:root:Finished prediction in 3.58 seconds.
INFO:root:Saving prediction to /tmp/w160/foldability_n1000/baseline/foldability/omegafold_shards/shard_00/pdb/q723.pdb
INFO:root:Saved
INFO:root:Predicting 136th chain in /tmp/w160/foldability_n1000/baseline/foldability/omegafold_shards/shard_00/queries.fasta
INFO:root:47 residues in this chain.
INFO:root:Finished prediction in 3.58 seconds.
INFO:root:Saving prediction to /tmp/w160/foldability_n1000/baseline/foldability/omegafold_shards/shard_00/pdb/q874.pdb
INFO:root:Saved
INFO:root:Predicting 137th chain in /tmp/w160/foldability_n1000/baseline/foldability/omegafold_shards/shard_00/queries.fasta
INFO:root:47 residues in this chain.
INFO:root:Finished prediction in 3.58 seconds.
INFO:root:Saving prediction to /tmp/w160/foldability_n1000/baseline/foldability/omegafold_shards/shard_00/pdb/q896.pdb
INFO:root:Saved
INFO:root:Predicting 138th chain in /tmp/w160/foldability_n1000/baseline/foldability/omegafold_shards/shard_00/queries.fasta
INFO:root:47 residues in this chain.
INFO:root:Finished prediction in 3.59 seconds.
INFO:root:Saving prediction to /tmp/w160/foldability_n1000/baseline/foldability/omegafold_shards/shard_00/pdb/q984.pdb
INFO:root:Saved
INFO:root:Predicting 139th chain in /tmp/w160/foldability_n1000/baseline/foldability/omegafold_shards/shard_00/queries.fasta
INFO:root:48 residues in this chain.
INFO:root:Finished prediction in 3.59 seconds.
INFO:root:Saving prediction to /tmp/w160/foldability_n1000/baseline/foldability/omegafold_shards/shard_00/pdb/q85.pdb
INFO:root:Saved
INFO:root:Predicting 140th chain in /tmp/w160/foldability_n1000/baseline/foldability/omegafold_shards/shard_00/queries.fasta
INFO:root:48 residues in this chain.
INFO:root:Finished prediction in 3.58 seconds.
INFO:root:Saving prediction to /tmp/w160/foldability_n1000/baseline/foldability/omegafold_shards/shard_00/pdb/q143.pdb
INFO:root:Saved
INFO:root:Predicting 141th chain in /tmp/w160/foldability_n1000/baseline/foldability/omegafold_shards/shard_00/queries.fasta
INFO:root:48 residues in this chain.
INFO:root:Finished prediction in 3.58 seconds.
INFO:root:Saving prediction to /tmp/w160/foldability_n1000/baseline/foldability/omegafold_shards/shard_00/pdb/q166.pdb
INFO:root:Saved
INFO:root:Predicting 142th chain in /tmp/w160/foldability_n1000/baseline/foldability/omegafold_shards/shard_00/queries.fasta
INFO:root:48 residues in this chain.
INFO:root:Finished prediction in 3.59 seconds.
INFO:root:Saving prediction to /tmp/w160/foldability_n1000/baseline/foldability/omegafold_shards/shard_00/pdb/q325.pdb
INFO:root:Saved
INFO:root:Predicting 143th chain in /tmp/w160/foldability_n1000/baseline/foldability/omegafold_shards/shard_00/queries.fasta
INFO:root:48 residues in this chain.
INFO:root:Finished prediction in 3.58 seconds.
INFO:root:Saving prediction to /tmp/w160/foldability_n1000/baseline/foldability/omegafold_shards/shard_00/pdb/q391.pdb
INFO:root:Saved
INFO:root:Predicting 144th chain in /tmp/w160/foldability_n1000/baseline/foldability/omegafold_shards/shard_00/queries.fasta
INFO:root:48 residues in this chain.
INFO:root:Finished prediction in 3.58 seconds.
INFO:root:Saving prediction to /tmp/w160/foldability_n1000/baseline/foldability/omegafold_shards/shard_00/pdb/q460.pdb
INFO:root:Saved
INFO:root:Predicting 145th chain in /tmp/w160/foldability_n1000/baseline/foldability/omegafold_shards/shard_00/queries.fasta
INFO:root:48 residues in this chain.
INFO:root:Finished prediction in 3.58 seconds.
INFO:root:Saving prediction to /tmp/w160/foldability_n1000/baseline/foldability/omegafold_shards/shard_00/pdb/q483.pdb
INFO:root:Saved
INFO:root:Predicting 146th chain in /tmp/w160/foldability_n1000/baseline/foldability/omegafold_shards/shard_00/queries.fasta
INFO:root:48 residues in this chain.
INFO:root:Finished prediction in 3.58 seconds.
INFO:root:Saving prediction to /tmp/w160/foldability_n1000/baseline/foldability/omegafold_shards/shard_00/pdb/q911.pdb
INFO:root:Saved
INFO:root:Predicting 147th chain in /tmp/w160/foldability_n1000/baseline/foldability/omegafold_shards/shard_00/queries.fasta
INFO:root:48 residues in this chain.
INFO:root:Finished prediction in 3.58 seconds.
INFO:root:Saving prediction to /tmp/w160/foldability_n1000/baseline/foldability/omegafold_shards/shard_00/pdb/q930.pdb
INFO:root:Saved
INFO:root:Predicting 148th chain in /tmp/w160/foldability_n1000/baseline/foldability/omegafold_shards/shard_00/queries.fasta
INFO:root:48 residues in this chain.
INFO:root:Finished prediction in 3.58 seconds.
INFO:root:Saving prediction to /tmp/w160/foldability_n1000/baseline/foldability/omegafold_shards/shard_00/pdb/q931.pdb
INFO:root:Saved
INFO:root:Predicting 149th chain in /tmp/w160/foldability_n1000/baseline/foldability/omegafold_shards/shard_00/queries.fasta
INFO:root:48 residues in this chain.
INFO:root:Finished prediction in 3.58 seconds.
INFO:root:Saving prediction to /tmp/w160/foldability_n1000/baseline/foldability/omegafold_shards/shard_00/pdb/q957.pdb
INFO:root:Saved
INFO:root:Predicting 150th chain in /tmp/w160/foldability_n1000/baseline/foldability/omegafold_shards/shard_00/queries.fasta
INFO:root:49 residues in this chain.
INFO:root:Finished prediction in 3.58 seconds.
INFO:root:Saving prediction to /tmp/w160/foldability_n1000/baseline/foldability/omegafold_shards/shard_00/pdb/q297.pdb
INFO:root:Saved
INFO:root:Predicting 151th chain in /tmp/w160/foldability_n1000/baseline/foldability/omegafold_shards/shard_00/queries.fasta
INFO:root:49 residues in this chain.
INFO:root:Finished prediction in 3.59 seconds.
INFO:root:Saving prediction to /tmp/w160/foldability_n1000/baseline/foldability/omegafold_shards/shard_00/pdb/q438.pdb
INFO:root:Saved
INFO:root:Predicting 152th chain in /tmp/w160/foldability_n1000/baseline/foldability/omegafold_shards/shard_00/queries.fasta
INFO:root:49 residues in this chain.
INFO:root:Finished prediction in 3.58 seconds.
INFO:root:Saving prediction to /tmp/w160/foldability_n1000/baseline/foldability/omegafold_shards/shard_00/pdb/q464.pdb
INFO:root:Saved
INFO:root:Predicting 153th chain in /tmp/w160/foldability_n1000/baseline/foldability/omegafold_shards/shard_00/queries.fasta
INFO:root:49 residues in this chain.
INFO:root:Finished prediction in 3.59 seconds.
INFO:root:Saving prediction to /tmp/w160/foldability_n1000/baseline/foldability/omegafold_shards/shard_00/pdb/q476.pdb
INFO:root:Saved
INFO:root:Predicting 154th chain in /tmp/w160/foldability_n1000/baseline/foldability/omegafold_shards/shard_00/queries.fasta
INFO:root:49 residues in this chain.
INFO:root:Finished prediction in 3.58 seconds.
INFO:root:Saving prediction to /tmp/w160/foldability_n1000/baseline/foldability/omegafold_shards/shard_00/pdb/q538.pdb
INFO:root:Saved
INFO:root:Predicting 155th chain in /tmp/w160/foldability_n1000/baseline/foldability/omegafold_shards/shard_00/queries.fasta
INFO:root:49 residues in this chain.
INFO:root:Finished prediction in 3.58 seconds.
INFO:root:Saving prediction to /tmp/w160/foldability_n1000/baseline/foldability/omegafold_shards/shard_00/pdb/q732.pdb
INFO:root:Saved
INFO:root:Predicting 156th chain in /tmp/w160/foldability_n1000/baseline/foldability/omegafold_shards/shard_00/queries.fasta
INFO:root:49 residues in this chain.
INFO:root:Finished prediction in 3.59 seconds.
INFO:root:Saving prediction to /tmp/w160/foldability_n1000/baseline/foldability/omegafold_shards/shard_00/pdb/q834.pdb
INFO:root:Saved
INFO:root:Predicting 157th chain in /tmp/w160/foldability_n1000/baseline/foldability/omegafold_shards/shard_00/queries.fasta
INFO:root:49 residues in this chain.
INFO:root:Finished prediction in 3.59 seconds.
INFO:root:Saving prediction to /tmp/w160/foldability_n1000/baseline/foldability/omegafold_shards/shard_00/pdb/q845.pdb
INFO:root:Saved
INFO:root:Predicting 158th chain in /tmp/w160/foldability_n1000/baseline/foldability/omegafold_shards/shard_00/queries.fasta
INFO:root:49 residues in this chain.
INFO:root:Finished prediction in 3.59 seconds.
INFO:root:Saving prediction to /tmp/w160/foldability_n1000/baseline/foldability/omegafold_shards/shard_00/pdb/q933.pdb
INFO:root:Saved
INFO:root:Predicting 159th chain in /tmp/w160/foldability_n1000/baseline/foldability/omegafold_shards/shard_00/queries.fasta
INFO:root:50 residues in this chain.
INFO:root:Finished prediction in 3.58 seconds.
INFO:root:Saving prediction to /tmp/w160/foldability_n1000/baseline/foldability/omegafold_shards/shard_00/pdb/q84.pdb
INFO:root:Saved
INFO:root:Predicting 160th chain in /tmp/w160/foldability_n1000/baseline/foldability/omegafold_shards/shard_00/queries.fasta
INFO:root:50 residues in this chain.
INFO:root:Finished prediction in 3.58 seconds.
INFO:root:Saving prediction to /tmp/w160/foldability_n1000/baseline/foldability/omegafold_shards/shard_00/pdb/q200.pdb
INFO:root:Saved
INFO:root:Predicting 161th chain in /tmp/w160/foldability_n1000/baseline/foldability/omegafold_shards/shard_00/queries.fasta
INFO:root:50 residues in this chain.
INFO:root:Finished prediction in 3.58 seconds.
INFO:root:Saving prediction to /tmp/w160/foldability_n1000/baseline/foldability/omegafold_shards/shard_00/pdb/q211.pdb
INFO:root:Saved
INFO:root:Predicting 162th chain in /tmp/w160/foldability_n1000/baseline/foldability/omegafold_shards/shard_00/queries.fasta
INFO:root:50 residues in this chain.
INFO:root:Finished prediction in 3.58 seconds.
INFO:root:Saving prediction to /tmp/w160/foldability_n1000/baseline/foldability/omegafold_shards/shard_00/pdb/q402.pdb
INFO:root:Saved
INFO:root:Predicting 163th chain in /tmp/w160/foldability_n1000/baseline/foldability/omegafold_shards/shard_00/queries.fasta
INFO:root:50 residues in this chain.
INFO:root:Finished prediction in 3.58 seconds.
INFO:root:Saving prediction to /tmp/w160/foldability_n1000/baseline/foldability/omegafold_shards/shard_00/pdb/q686.pdb
INFO:root:Saved
INFO:root:Predicting 164th chain in /tmp/w160/foldability_n1000/baseline/foldability/omegafold_shards/shard_00/queries.fasta
INFO:root:50 residues in this chain.
INFO:root:Finished prediction in 3.58 seconds.
INFO:root:Saving prediction to /tmp/w160/foldability_n1000/baseline/foldability/omegafold_shards/shard_00/pdb/q809.pdb
INFO:root:Saved
INFO:root:Predicting 165th chain in /tmp/w160/foldability_n1000/baseline/foldability/omegafold_shards/shard_00/queries.fasta
INFO:root:50 residues in this chain.
INFO:root:Finished prediction in 3.58 seconds.
INFO:root:Saving prediction to /tmp/w160/foldability_n1000/baseline/foldability/omegafold_shards/shard_00/pdb/q861.pdb
INFO:root:Saved
INFO:root:Predicting 166th chain in /tmp/w160/foldability_n1000/baseline/foldability/omegafold_shards/shard_00/queries.fasta
INFO:root:50 residues in this chain.
INFO:root:Finished prediction in 3.58 seconds.
INFO:root:Saving prediction to /tmp/w160/foldability_n1000/baseline/foldability/omegafold_shards/shard_00/pdb/q948.pdb
INFO:root:Saved
INFO:root:Predicting 167th chain in /tmp/w160/foldability_n1000/baseline/foldability/omegafold_shards/shard_00/queries.fasta
INFO:root:51 residues in this chain.
INFO:root:Finished prediction in 3.58 seconds.
INFO:root:Saving prediction to /tmp/w160/foldability_n1000/baseline/foldability/omegafold_shards/shard_00/pdb/q290.pdb
INFO:root:Saved
INFO:root:Predicting 168th chain in /tmp/w160/foldability_n1000/baseline/foldability/omegafold_shards/shard_00/queries.fasta
INFO:root:51 residues in this chain.
INFO:root:Finished prediction in 3.58 seconds.
INFO:root:Saving prediction to /tmp/w160/foldability_n1000/baseline/foldability/omegafold_shards/shard_00/pdb/q301.pdb
INFO:root:Saved
INFO:root:Predicting 169th chain in /tmp/w160/foldability_n1000/baseline/foldability/omegafold_shards/shard_00/queries.fasta
INFO:root:51 residues in this chain.
INFO:root:Finished prediction in 3.58 seconds.
INFO:root:Saving prediction to /tmp/w160/foldability_n1000/baseline/foldability/omegafold_shards/shard_00/pdb/q370.pdb
INFO:root:Saved
INFO:root:Predicting 170th chain in /tmp/w160/foldability_n1000/baseline/foldability/omegafold_shards/shard_00/queries.fasta
INFO:root:51 residues in this chain.
INFO:root:Finished prediction in 3.59 seconds.
INFO:root:Saving prediction to /tmp/w160/foldability_n1000/baseline/foldability/omegafold_shards/shard_00/pdb/q388.pdb
INFO:root:Saved
INFO:root:Predicting 171th chain in /tmp/w160/foldability_n1000/baseline/foldability/omegafold_shards/shard_00/queries.fasta
INFO:root:51 residues in this chain.
INFO:root:Finished prediction in 3.58 seconds.
INFO:root:Saving prediction to /tmp/w160/foldability_n1000/baseline/foldability/omegafold_shards/shard_00/pdb/q480.pdb
INFO:root:Saved
INFO:root:Predicting 172th chain in /tmp/w160/foldability_n1000/baseline/foldability/omegafold_shards/shard_00/queries.fasta
INFO:root:51 residues in this chain.
INFO:root:Finished prediction in 3.58 seconds.
INFO:root:Saving prediction to /tmp/w160/foldability_n1000/baseline/foldability/omegafold_shards/shard_00/pdb/q561.pdb
INFO:root:Saved
INFO:root:Predicting 173th chain in /tmp/w160/foldability_n1000/baseline/foldability/omegafold_shards/shard_00/queries.fasta
INFO:root:51 residues in this chain.
INFO:root:Finished prediction in 3.58 seconds.
INFO:root:Saving prediction to /tmp/w160/foldability_n1000/baseline/foldability/omegafold_shards/shard_00/pdb/q581.pdb
INFO:root:Saved
INFO:root:Predicting 174th chain in /tmp/w160/foldability_n1000/baseline/foldability/omegafold_shards/shard_00/queries.fasta
INFO:root:51 residues in this chain.
INFO:root:Finished prediction in 3.59 seconds.
INFO:root:Saving prediction to /tmp/w160/foldability_n1000/baseline/foldability/omegafold_shards/shard_00/pdb/q657.pdb
INFO:root:Saved
INFO:root:Predicting 175th chain in /tmp/w160/foldability_n1000/baseline/foldability/omegafold_shards/shard_00/queries.fasta
INFO:root:51 residues in this chain.
INFO:root:Finished prediction in 3.58 seconds.
INFO:root:Saving prediction to /tmp/w160/foldability_n1000/baseline/foldability/omegafold_shards/shard_00/pdb/q817.pdb
INFO:root:Saved
INFO:root:Predicting 176th chain in /tmp/w160/foldability_n1000/baseline/foldability/omegafold_shards/shard_00/queries.fasta
INFO:root:51 residues in this chain.
INFO:root:Finished prediction in 3.59 seconds.
INFO:root:Saving prediction to /tmp/w160/foldability_n1000/baseline/foldability/omegafold_shards/shard_00/pdb/q936.pdb
INFO:root:Saved
INFO:root:Predicting 177th chain in /tmp/w160/foldability_n1000/baseline/foldability/omegafold_shards/shard_00/queries.fasta
INFO:root:51 residues in this chain.
INFO:root:Finished prediction in 3.59 seconds.
INFO:root:Saving prediction to /tmp/w160/foldability_n1000/baseline/foldability/omegafold_shards/shard_00/pdb/q978.pdb
INFO:root:Saved
INFO:root:Predicting 178th chain in /tmp/w160/foldability_n1000/baseline/foldability/omegafold_shards/shard_00/queries.fasta
INFO:root:51 residues in this chain.
INFO:root:Finished prediction in 3.59 seconds.
INFO:root:Saving prediction to /tmp/w160/foldability_n1000/baseline/foldability/omegafold_shards/shard_00/pdb/q996.pdb
INFO:root:Saved
INFO:root:Predicting 179th chain in /tmp/w160/foldability_n1000/baseline/foldability/omegafold_shards/shard_00/queries.fasta
INFO:root:52 residues in this chain.
INFO:root:Finished prediction in 3.57 seconds.
INFO:root:Saving prediction to /tmp/w160/foldability_n1000/baseline/foldability/omegafold_shards/shard_00/pdb/q531.pdb
INFO:root:Saved
INFO:root:Predicting 180th chain in /tmp/w160/foldability_n1000/baseline/foldability/omegafold_shards/shard_00/queries.fasta
INFO:root:52 residues in this chain.
INFO:root:Finished prediction in 3.58 seconds.
INFO:root:Saving prediction to /tmp/w160/foldability_n1000/baseline/foldability/omegafold_shards/shard_00/pdb/q691.pdb
INFO:root:Saved
INFO:root:Predicting 181th chain in /tmp/w160/foldability_n1000/baseline/foldability/omegafold_shards/shard_00/queries.fasta
INFO:root:53 residues in this chain.
INFO:root:Finished prediction in 3.58 seconds.
INFO:root:Saving prediction to /tmp/w160/foldability_n1000/baseline/foldability/omegafold_shards/shard_00/pdb/q45.pdb
INFO:root:Saved
INFO:root:Predicting 182th chain in /tmp/w160/foldability_n1000/baseline/foldability/omegafold_shards/shard_00/queries.fasta
INFO:root:53 residues in this chain.
INFO:root:Finished prediction in 3.58 seconds.
INFO:root:Saving prediction to /tmp/w160/foldability_n1000/baseline/foldability/omegafold_shards/shard_00/pdb/q196.pdb
INFO:root:Saved
INFO:root:Predicting 183th chain in /tmp/w160/foldability_n1000/baseline/foldability/omegafold_shards/shard_00/queries.fasta
INFO:root:53 residues in this chain.
INFO:root:Finished prediction in 3.57 seconds.
INFO:root:Saving prediction to /tmp/w160/foldability_n1000/baseline/foldability/omegafold_shards/shard_00/pdb/q210.pdb
INFO:root:Saved
INFO:root:Predicting 184th chain in /tmp/w160/foldability_n1000/baseline/foldability/omegafold_shards/shard_00/queries.fasta
INFO:root:53 residues in this chain.
INFO:root:Finished prediction in 3.58 seconds.
INFO:root:Saving prediction to /tmp/w160/foldability_n1000/baseline/foldability/omegafold_shards/shard_00/pdb/q278.pdb
INFO:root:Saved
INFO:root:Predicting 185th chain in /tmp/w160/foldability_n1000/baseline/foldability/omegafold_shards/shard_00/queries.fasta
INFO:root:53 residues in this chain.
INFO:root:Finished prediction in 3.57 seconds.
INFO:root:Saving prediction to /tmp/w160/foldability_n1000/baseline/foldability/omegafold_shards/shard_00/pdb/q386.pdb
INFO:root:Saved
INFO:root:Predicting 186th chain in /tmp/w160/foldability_n1000/baseline/foldability/omegafold_shards/shard_00/queries.fasta
INFO:root:53 residues in this chain.
INFO:root:Finished prediction in 3.58 seconds.
INFO:root:Saving prediction to /tmp/w160/foldability_n1000/baseline/foldability/omegafold_shards/shard_00/pdb/q447.pdb
INFO:root:Saved
INFO:root:Predicting 187th chain in /tmp/w160/foldability_n1000/baseline/foldability/omegafold_shards/shard_00/queries.fasta
INFO:root:53 residues in this chain.
INFO:root:Finished prediction in 3.58 seconds.
INFO:root:Saving prediction to /tmp/w160/foldability_n1000/baseline/foldability/omegafold_shards/shard_00/pdb/q513.pdb
INFO:root:Saved
INFO:root:Predicting 188th chain in /tmp/w160/foldability_n1000/baseline/foldability/omegafold_shards/shard_00/queries.fasta
INFO:root:54 residues in this chain.
INFO:root:Finished prediction in 3.58 seconds.
INFO:root:Saving prediction to /tmp/w160/foldability_n1000/baseline/foldability/omegafold_shards/shard_00/pdb/q116.pdb
INFO:root:Saved
INFO:root:Predicting 189th chain in /tmp/w160/foldability_n1000/baseline/foldability/omegafold_shards/shard_00/queries.fasta
INFO:root:54 residues in this chain.
INFO:root:Finished prediction in 3.58 seconds.
INFO:root:Saving prediction to /tmp/w160/foldability_n1000/baseline/foldability/omegafold_shards/shard_00/pdb/q224.pdb
INFO:root:Saved
INFO:root:Predicting 190th chain in /tmp/w160/foldability_n1000/baseline/foldability/omegafold_shards/shard_00/queries.fasta
INFO:root:54 residues in this chain.
INFO:root:Finished prediction in 3.58 seconds.
INFO:root:Saving prediction to /tmp/w160/foldability_n1000/baseline/foldability/omegafold_shards/shard_00/pdb/q410.pdb
INFO:root:Saved
INFO:root:Predicting 191th chain in /tmp/w160/foldability_n1000/baseline/foldability/omegafold_shards/shard_00/queries.fasta
INFO:root:54 residues in this chain.
INFO:root:Finished prediction in 3.57 seconds.
INFO:root:Saving prediction to /tmp/w160/foldability_n1000/baseline/foldability/omegafold_shards/shard_00/pdb/q475.pdb
INFO:root:Saved
INFO:root:Predicting 192th chain in /tmp/w160/foldability_n1000/baseline/foldability/omegafold_shards/shard_00/queries.fasta
INFO:root:54 residues in this chain.
INFO:root:Finished prediction in 3.59 seconds.
INFO:root:Saving prediction to /tmp/w160/foldability_n1000/baseline/foldability/omegafold_shards/shard_00/pdb/q572.pdb
INFO:root:Saved
INFO:root:Predicting 193th chain in /tmp/w160/foldability_n1000/baseline/foldability/omegafold_shards/shard_00/queries.fasta
INFO:root:54 residues in this chain.
INFO:root:Finished prediction in 3.58 seconds.
INFO:root:Saving prediction to /tmp/w160/foldability_n1000/baseline/foldability/omegafold_shards/shard_00/pdb/q679.pdb
INFO:root:Saved
INFO:root:Predicting 194th chain in /tmp/w160/foldability_n1000/baseline/foldability/omegafold_shards/shard_00/queries.fasta
INFO:root:54 residues in this chain.
INFO:root:Finished prediction in 3.58 seconds.
INFO:root:Saving prediction to /tmp/w160/foldability_n1000/baseline/foldability/omegafold_shards/shard_00/pdb/q692.pdb
INFO:root:Saved
INFO:root:Predicting 195th chain in /tmp/w160/foldability_n1000/baseline/foldability/omegafold_shards/shard_00/queries.fasta
INFO:root:54 residues in this chain.
INFO:root:Finished prediction in 3.57 seconds.
INFO:root:Saving prediction to /tmp/w160/foldability_n1000/baseline/foldability/omegafold_shards/shard_00/pdb/q714.pdb
INFO:root:Saved
INFO:root:Predicting 196th chain in /tmp/w160/foldability_n1000/baseline/foldability/omegafold_shards/shard_00/queries.fasta
INFO:root:54 residues in this chain.
INFO:root:Finished prediction in 3.58 seconds.
INFO:root:Saving prediction to /tmp/w160/foldability_n1000/baseline/foldability/omegafold_shards/shard_00/pdb/q858.pdb
INFO:root:Saved
INFO:root:Predicting 197th chain in /tmp/w160/foldability_n1000/baseline/foldability/omegafold_shards/shard_00/queries.fasta
INFO:root:55 residues in this chain.
INFO:root:Finished prediction in 3.59 seconds.
INFO:root:Saving prediction to /tmp/w160/foldability_n1000/baseline/foldability/omegafold_shards/shard_00/pdb/q19.pdb
INFO:root:Saved
INFO:root:Predicting 198th chain in /tmp/w160/foldability_n1000/baseline/foldability/omegafold_shards/shard_00/queries.fasta
INFO:root:55 residues in this chain.
INFO:root:Finished prediction in 3.59 seconds.
INFO:root:Saving prediction to /tmp/w160/foldability_n1000/baseline/foldability/omegafold_shards/shard_00/pdb/q30.pdb
INFO:root:Saved
INFO:root:Predicting 199th chain in /tmp/w160/foldability_n1000/baseline/foldability/omegafold_shards/shard_00/queries.fasta
INFO:root:55 residues in this chain.
INFO:root:Finished prediction in 3.58 seconds.
INFO:root:Saving prediction to /tmp/w160/foldability_n1000/baseline/foldability/omegafold_shards/shard_00/pdb/q204.pdb
INFO:root:Saved
INFO:root:Predicting 200th chain in /tmp/w160/foldability_n1000/baseline/foldability/omegafold_shards/shard_00/queries.fasta
INFO:root:55 residues in this chain.
INFO:root:Finished prediction in 3.58 seconds.
INFO:root:Saving prediction to /tmp/w160/foldability_n1000/baseline/foldability/omegafold_shards/shard_00/pdb/q433.pdb
INFO:root:Saved
INFO:root:Predicting 201th chain in /tmp/w160/foldability_n1000/baseline/foldability/omegafold_shards/shard_00/queries.fasta
INFO:root:55 residues in this chain.
INFO:root:Finished prediction in 3.59 seconds.
INFO:root:Saving prediction to /tmp/w160/foldability_n1000/baseline/foldability/omegafold_shards/shard_00/pdb/q600.pdb
INFO:root:Saved
INFO:root:Predicting 202th chain in /tmp/w160/foldability_n1000/baseline/foldability/omegafold_shards/shard_00/queries.fasta
INFO:root:55 residues in this chain.
INFO:root:Finished prediction in 3.59 seconds.
INFO:root:Saving prediction to /tmp/w160/foldability_n1000/baseline/foldability/omegafold_shards/shard_00/pdb/q662.pdb
INFO:root:Saved
INFO:root:Predicting 203th chain in /tmp/w160/foldability_n1000/baseline/foldability/omegafold_shards/shard_00/queries.fasta
INFO:root:55 residues in this chain.
INFO:root:Finished prediction in 3.58 seconds.
INFO:root:Saving prediction to /tmp/w160/foldability_n1000/baseline/foldability/omegafold_shards/shard_00/pdb/q717.pdb
INFO:root:Saved
INFO:root:Predicting 204th chain in /tmp/w160/foldability_n1000/baseline/foldability/omegafold_shards/shard_00/queries.fasta
INFO:root:55 residues in this chain.
INFO:root:Finished prediction in 3.58 seconds.
INFO:root:Saving prediction to /tmp/w160/foldability_n1000/baseline/foldability/omegafold_shards/shard_00/pdb/q853.pdb
INFO:root:Saved
INFO:root:Predicting 205th chain in /tmp/w160/foldability_n1000/baseline/foldability/omegafold_shards/shard_00/queries.fasta
INFO:root:56 residues in this chain.
INFO:root:Finished prediction in 3.59 seconds.
INFO:root:Saving prediction to /tmp/w160/foldability_n1000/baseline/foldability/omegafold_shards/shard_00/pdb/q206.pdb
INFO:root:Saved
INFO:root:Predicting 206th chain in /tmp/w160/foldability_n1000/baseline/foldability/omegafold_shards/shard_00/queries.fasta
INFO:root:56 residues in this chain.
INFO:root:Finished prediction in 3.59 seconds.
INFO:root:Saving prediction to /tmp/w160/foldability_n1000/baseline/foldability/omegafold_shards/shard_00/pdb/q265.pdb
INFO:root:Saved
INFO:root:Predicting 207th chain in /tmp/w160/foldability_n1000/baseline/foldability/omegafold_shards/shard_00/queries.fasta
INFO:root:56 residues in this chain.
INFO:root:Finished prediction in 3.58 seconds.
INFO:root:Saving prediction to /tmp/w160/foldability_n1000/baseline/foldability/omegafold_shards/shard_00/pdb/q471.pdb
INFO:root:Saved
INFO:root:Predicting 208th chain in /tmp/w160/foldability_n1000/baseline/foldability/omegafold_shards/shard_00/queries.fasta
INFO:root:56 residues in this chain.
INFO:root:Finished prediction in 3.58 seconds.
INFO:root:Saving prediction to /tmp/w160/foldability_n1000/baseline/foldability/omegafold_shards/shard_00/pdb/q788.pdb
INFO:root:Saved
INFO:root:Predicting 209th chain in /tmp/w160/foldability_n1000/baseline/foldability/omegafold_shards/shard_00/queries.fasta
INFO:root:56 residues in this chain.
INFO:root:Finished prediction in 3.59 seconds.
INFO:root:Saving prediction to /tmp/w160/foldability_n1000/baseline/foldability/omegafold_shards/shard_00/pdb/q892.pdb
INFO:root:Saved
INFO:root:Predicting 210th chain in /tmp/w160/foldability_n1000/baseline/foldability/omegafold_shards/shard_00/queries.fasta
INFO:root:56 residues in this chain.
INFO:root:Finished prediction in 3.58 seconds.
INFO:root:Saving prediction to /tmp/w160/foldability_n1000/baseline/foldability/omegafold_shards/shard_00/pdb/q921.pdb
INFO:root:Saved
INFO:root:Predicting 211th chain in /tmp/w160/foldability_n1000/baseline/foldability/omegafold_shards/shard_00/queries.fasta
INFO:root:57 residues in this chain.
INFO:root:Finished prediction in 3.59 seconds.
INFO:root:Saving prediction to /tmp/w160/foldability_n1000/baseline/foldability/omegafold_shards/shard_00/pdb/q25.pdb
INFO:root:Saved
INFO:root:Predicting 212th chain in /tmp/w160/foldability_n1000/baseline/foldability/omegafold_shards/shard_00/queries.fasta
INFO:root:57 residues in this chain.
INFO:root:Finished prediction in 3.58 seconds.
INFO:root:Saving prediction to /tmp/w160/foldability_n1000/baseline/foldability/omegafold_shards/shard_00/pdb/q119.pdb
INFO:root:Saved
INFO:root:Predicting 213th chain in /tmp/w160/foldability_n1000/baseline/foldability/omegafold_shards/shard_00/queries.fasta
INFO:root:57 residues in this chain.
INFO:root:Finished prediction in 3.58 seconds.
INFO:root:Saving prediction to /tmp/w160/foldability_n1000/baseline/foldability/omegafold_shards/shard_00/pdb/q194.pdb
INFO:root:Saved
INFO:root:Predicting 214th chain in /tmp/w160/foldability_n1000/baseline/foldability/omegafold_shards/shard_00/queries.fasta
INFO:root:57 residues in this chain.
INFO:root:Finished prediction in 3.58 seconds.
INFO:root:Saving prediction to /tmp/w160/foldability_n1000/baseline/foldability/omegafold_shards/shard_00/pdb/q248.pdb
INFO:root:Saved
INFO:root:Predicting 215th chain in /tmp/w160/foldability_n1000/baseline/foldability/omegafold_shards/shard_00/queries.fasta
INFO:root:57 residues in this chain.
INFO:root:Finished prediction in 3.60 seconds.
INFO:root:Saving prediction to /tmp/w160/foldability_n1000/baseline/foldability/omegafold_shards/shard_00/pdb/q315.pdb
INFO:root:Saved
INFO:root:Predicting 216th chain in /tmp/w160/foldability_n1000/baseline/foldability/omegafold_shards/shard_00/queries.fasta
INFO:root:57 residues in this chain.
INFO:root:Finished prediction in 3.59 seconds.
INFO:root:Saving prediction to /tmp/w160/foldability_n1000/baseline/foldability/omegafold_shards/shard_00/pdb/q318.pdb
INFO:root:Saved
INFO:root:Predicting 217th chain in /tmp/w160/foldability_n1000/baseline/foldability/omegafold_shards/shard_00/queries.fasta
INFO:root:57 residues in this chain.
INFO:root:Finished prediction in 3.59 seconds.
INFO:root:Saving prediction to /tmp/w160/foldability_n1000/baseline/foldability/omegafold_shards/shard_00/pdb/q401.pdb
INFO:root:Saved
INFO:root:Predicting 218th chain in /tmp/w160/foldability_n1000/baseline/foldability/omegafold_shards/shard_00/queries.fasta
INFO:root:57 residues in this chain.
INFO:root:Finished prediction in 3.58 seconds.
INFO:root:Saving prediction to /tmp/w160/foldability_n1000/baseline/foldability/omegafold_shards/shard_00/pdb/q635.pdb
INFO:root:Saved
INFO:root:Predicting 219th chain in /tmp/w160/foldability_n1000/baseline/foldability/omegafold_shards/shard_00/queries.fasta
INFO:root:57 residues in this chain.
INFO:root:Finished prediction in 3.60 seconds.
INFO:root:Saving prediction to /tmp/w160/foldability_n1000/baseline/foldability/omegafold_shards/shard_00/pdb/q766.pdb
INFO:root:Saved
INFO:root:Predicting 220th chain in /tmp/w160/foldability_n1000/baseline/foldability/omegafold_shards/shard_00/queries.fasta
INFO:root:57 residues in this chain.
INFO:root:Finished prediction in 3.59 seconds.
INFO:root:Saving prediction to /tmp/w160/foldability_n1000/baseline/foldability/omegafold_shards/shard_00/pdb/q860.pdb
INFO:root:Saved
INFO:root:Predicting 221th chain in /tmp/w160/foldability_n1000/baseline/foldability/omegafold_shards/shard_00/queries.fasta
INFO:root:58 residues in this chain.
INFO:root:Finished prediction in 3.59 seconds.
INFO:root:Saving prediction to /tmp/w160/foldability_n1000/baseline/foldability/omegafold_shards/shard_00/pdb/q39.pdb
INFO:root:Saved
INFO:root:Predicting 222th chain in /tmp/w160/foldability_n1000/baseline/foldability/omegafold_shards/shard_00/queries.fasta
INFO:root:58 residues in this chain.
INFO:root:Finished prediction in 3.58 seconds.
INFO:root:Saving prediction to /tmp/w160/foldability_n1000/baseline/foldability/omegafold_shards/shard_00/pdb/q183.pdb
INFO:root:Saved
INFO:root:Predicting 223th chain in /tmp/w160/foldability_n1000/baseline/foldability/omegafold_shards/shard_00/queries.fasta
INFO:root:58 residues in this chain.
INFO:root:Finished prediction in 3.58 seconds.
INFO:root:Saving prediction to /tmp/w160/foldability_n1000/baseline/foldability/omegafold_shards/shard_00/pdb/q193.pdb
INFO:root:Saved
INFO:root:Predicting 224th chain in /tmp/w160/foldability_n1000/baseline/foldability/omegafold_shards/shard_00/queries.fasta
INFO:root:58 residues in this chain.
INFO:root:Finished prediction in 3.58 seconds.
INFO:root:Saving prediction to /tmp/w160/foldability_n1000/baseline/foldability/omegafold_shards/shard_00/pdb/q222.pdb
INFO:root:Saved
INFO:root:Predicting 225th chain in /tmp/w160/foldability_n1000/baseline/foldability/omegafold_shards/shard_00/queries.fasta
INFO:root:58 residues in this chain.
INFO:root:Finished prediction in 3.58 seconds.
INFO:root:Saving prediction to /tmp/w160/foldability_n1000/baseline/foldability/omegafold_shards/shard_00/pdb/q329.pdb
INFO:root:Saved
INFO:root:Predicting 226th chain in /tmp/w160/foldability_n1000/baseline/foldability/omegafold_shards/shard_00/queries.fasta
INFO:root:58 residues in this chain.
INFO:root:Finished prediction in 3.58 seconds.
INFO:root:Saving prediction to /tmp/w160/foldability_n1000/baseline/foldability/omegafold_shards/shard_00/pdb/q334.pdb
INFO:root:Saved
INFO:root:Predicting 227th chain in /tmp/w160/foldability_n1000/baseline/foldability/omegafold_shards/shard_00/queries.fasta
INFO:root:58 residues in this chain.
INFO:root:Finished prediction in 3.58 seconds.
INFO:root:Saving prediction to /tmp/w160/foldability_n1000/baseline/foldability/omegafold_shards/shard_00/pdb/q355.pdb
INFO:root:Saved
INFO:root:Predicting 228th chain in /tmp/w160/foldability_n1000/baseline/foldability/omegafold_shards/shard_00/queries.fasta
INFO:root:58 residues in this chain.
INFO:root:Finished prediction in 3.58 seconds.
INFO:root:Saving prediction to /tmp/w160/foldability_n1000/baseline/foldability/omegafold_shards/shard_00/pdb/q416.pdb
INFO:root:Saved
INFO:root:Predicting 229th chain in /tmp/w160/foldability_n1000/baseline/foldability/omegafold_shards/shard_00/queries.fasta
INFO:root:58 residues in this chain.
INFO:root:Finished prediction in 3.58 seconds.
INFO:root:Saving prediction to /tmp/w160/foldability_n1000/baseline/foldability/omegafold_shards/shard_00/pdb/q517.pdb
INFO:root:Saved
INFO:root:Predicting 230th chain in /tmp/w160/foldability_n1000/baseline/foldability/omegafold_shards/shard_00/queries.fasta
INFO:root:58 residues in this chain.
INFO:root:Finished prediction in 3.58 seconds.
INFO:root:Saving prediction to /tmp/w160/foldability_n1000/baseline/foldability/omegafold_shards/shard_00/pdb/q621.pdb
INFO:root:Saved
INFO:root:Predicting 231th chain in /tmp/w160/foldability_n1000/baseline/foldability/omegafold_shards/shard_00/queries.fasta
INFO:root:58 residues in this chain.
INFO:root:Finished prediction in 3.57 seconds.
INFO:root:Saving prediction to /tmp/w160/foldability_n1000/baseline/foldability/omegafold_shards/shard_00/pdb/q709.pdb
INFO:root:Saved
INFO:root:Predicting 232th chain in /tmp/w160/foldability_n1000/baseline/foldability/omegafold_shards/shard_00/queries.fasta
INFO:root:58 residues in this chain.
INFO:root:Finished prediction in 3.58 seconds.
INFO:root:Saving prediction to /tmp/w160/foldability_n1000/baseline/foldability/omegafold_shards/shard_00/pdb/q764.pdb
INFO:root:Saved
INFO:root:Predicting 233th chain in /tmp/w160/foldability_n1000/baseline/foldability/omegafold_shards/shard_00/queries.fasta
INFO:root:58 residues in this chain.
INFO:root:Finished prediction in 3.58 seconds.
INFO:root:Saving prediction to /tmp/w160/foldability_n1000/baseline/foldability/omegafold_shards/shard_00/pdb/q886.pdb
INFO:root:Saved
INFO:root:Predicting 234th chain in /tmp/w160/foldability_n1000/baseline/foldability/omegafold_shards/shard_00/queries.fasta
INFO:root:58 residues in this chain.
INFO:root:Finished prediction in 3.58 seconds.
INFO:root:Saving prediction to /tmp/w160/foldability_n1000/baseline/foldability/omegafold_shards/shard_00/pdb/q898.pdb
INFO:root:Saved
INFO:root:Predicting 235th chain in /tmp/w160/foldability_n1000/baseline/foldability/omegafold_shards/shard_00/queries.fasta
INFO:root:59 residues in this chain.
INFO:root:Finished prediction in 3.58 seconds.
INFO:root:Saving prediction to /tmp/w160/foldability_n1000/baseline/foldability/omegafold_shards/shard_00/pdb/q10.pdb
INFO:root:Saved
INFO:root:Predicting 236th chain in /tmp/w160/foldability_n1000/baseline/foldability/omegafold_shards/shard_00/queries.fasta
INFO:root:59 residues in this chain.
INFO:root:Finished prediction in 3.59 seconds.
INFO:root:Saving prediction to /tmp/w160/foldability_n1000/baseline/foldability/omegafold_shards/shard_00/pdb/q52.pdb
INFO:root:Saved
INFO:root:Predicting 237th chain in /tmp/w160/foldability_n1000/baseline/foldability/omegafold_shards/shard_00/queries.fasta
INFO:root:59 residues in this chain.
INFO:root:Finished prediction in 3.58 seconds.
INFO:root:Saving prediction to /tmp/w160/foldability_n1000/baseline/foldability/omegafold_shards/shard_00/pdb/q243.pdb
INFO:root:Saved
INFO:root:Predicting 238th chain in /tmp/w160/foldability_n1000/baseline/foldability/omegafold_shards/shard_00/queries.fasta
INFO:root:59 residues in this chain.
INFO:root:Finished prediction in 3.59 seconds.
INFO:root:Saving prediction to /tmp/w160/foldability_n1000/baseline/foldability/omegafold_shards/shard_00/pdb/q272.pdb
INFO:root:Saved
INFO:root:Predicting 239th chain in /tmp/w160/foldability_n1000/baseline/foldability/omegafold_shards/shard_00/queries.fasta
INFO:root:59 residues in this chain.
INFO:root:Finished prediction in 3.58 seconds.
INFO:root:Saving prediction to /tmp/w160/foldability_n1000/baseline/foldability/omegafold_shards/shard_00/pdb/q504.pdb
INFO:root:Saved
INFO:root:Predicting 240th chain in /tmp/w160/foldability_n1000/baseline/foldability/omegafold_shards/shard_00/queries.fasta
INFO:root:59 residues in this chain.
INFO:root:Finished prediction in 3.58 seconds.
INFO:root:Saving prediction to /tmp/w160/foldability_n1000/baseline/foldability/omegafold_shards/shard_00/pdb/q595.pdb
INFO:root:Saved
INFO:root:Predicting 241th chain in /tmp/w160/foldability_n1000/baseline/foldability/omegafold_shards/shard_00/queries.fasta
INFO:root:59 residues in this chain.
INFO:root:Finished prediction in 3.58 seconds.
INFO:root:Saving prediction to /tmp/w160/foldability_n1000/baseline/foldability/omegafold_shards/shard_00/pdb/q632.pdb
INFO:root:Saved
INFO:root:Predicting 242th chain in /tmp/w160/foldability_n1000/baseline/foldability/omegafold_shards/shard_00/queries.fasta
INFO:root:59 residues in this chain.
INFO:root:Finished prediction in 3.58 seconds.
INFO:root:Saving prediction to /tmp/w160/foldability_n1000/baseline/foldability/omegafold_shards/shard_00/pdb/q664.pdb
INFO:root:Saved
INFO:root:Predicting 243th chain in /tmp/w160/foldability_n1000/baseline/foldability/omegafold_shards/shard_00/queries.fasta
INFO:root:59 residues in this chain.
INFO:root:Finished prediction in 3.58 seconds.
INFO:root:Saving prediction to /tmp/w160/foldability_n1000/baseline/foldability/omegafold_shards/shard_00/pdb/q922.pdb
INFO:root:Saved
INFO:root:Predicting 244th chain in /tmp/w160/foldability_n1000/baseline/foldability/omegafold_shards/shard_00/queries.fasta
INFO:root:60 residues in this chain.
INFO:root:Finished prediction in 3.60 seconds.
INFO:root:Saving prediction to /tmp/w160/foldability_n1000/baseline/foldability/omegafold_shards/shard_00/pdb/q207.pdb
INFO:root:Saved
INFO:root:Predicting 245th chain in /tmp/w160/foldability_n1000/baseline/foldability/omegafold_shards/shard_00/queries.fasta
INFO:root:60 residues in this chain.
INFO:root:Finished prediction in 3.59 seconds.
INFO:root:Saving prediction to /tmp/w160/foldability_n1000/baseline/foldability/omegafold_shards/shard_00/pdb/q582.pdb
INFO:root:Saved
INFO:root:Predicting 246th chain in /tmp/w160/foldability_n1000/baseline/foldability/omegafold_shards/shard_00/queries.fasta
INFO:root:60 residues in this chain.
INFO:root:Finished prediction in 3.59 seconds.
INFO:root:Saving prediction to /tmp/w160/foldability_n1000/baseline/foldability/omegafold_shards/shard_00/pdb/q763.pdb
INFO:root:Saved
INFO:root:Predicting 247th chain in /tmp/w160/foldability_n1000/baseline/foldability/omegafold_shards/shard_00/queries.fasta
INFO:root:60 residues in this chain.
INFO:root:Finished prediction in 3.58 seconds.
INFO:root:Saving prediction to /tmp/w160/foldability_n1000/baseline/foldability/omegafold_shards/shard_00/pdb/q889.pdb
INFO:root:Saved
INFO:root:Predicting 248th chain in /tmp/w160/foldability_n1000/baseline/foldability/omegafold_shards/shard_00/queries.fasta
INFO:root:60 residues in this chain.
INFO:root:Finished prediction in 3.59 seconds.
INFO:root:Saving prediction to /tmp/w160/foldability_n1000/baseline/foldability/omegafold_shards/shard_00/pdb/q894.pdb
INFO:root:Saved
INFO:root:Predicting 249th chain in /tmp/w160/foldability_n1000/baseline/foldability/omegafold_shards/shard_00/queries.fasta
INFO:root:61 residues in this chain.
INFO:root:Finished prediction in 3.58 seconds.
INFO:root:Saving prediction to /tmp/w160/foldability_n1000/baseline/foldability/omegafold_shards/shard_00/pdb/q524.pdb
INFO:root:Saved
INFO:root:Predicting 250th chain in /tmp/w160/foldability_n1000/baseline/foldability/omegafold_shards/shard_00/queries.fasta
INFO:root:61 residues in this chain.
INFO:root:Finished prediction in 3.59 seconds.
INFO:root:Saving prediction to /tmp/w160/foldability_n1000/baseline/foldability/omegafold_shards/shard_00/pdb/q954.pdb
INFO:root:Saved
INFO:root:Predicting 251th chain in /tmp/w160/foldability_n1000/baseline/foldability/omegafold_shards/shard_00/queries.fasta
INFO:root:61 residues in this chain.
INFO:root:Finished prediction in 3.58 seconds.
INFO:root:Saving prediction to /tmp/w160/foldability_n1000/baseline/foldability/omegafold_shards/shard_00/pdb/q955.pdb
INFO:root:Saved
INFO:root:Predicting 252th chain in /tmp/w160/foldability_n1000/baseline/foldability/omegafold_shards/shard_00/queries.fasta
INFO:root:62 residues in this chain.
INFO:root:Finished prediction in 3.59 seconds.
INFO:root:Saving prediction to /tmp/w160/foldability_n1000/baseline/foldability/omegafold_shards/shard_00/pdb/q130.pdb
INFO:root:Saved
INFO:root:Predicting 253th chain in /tmp/w160/foldability_n1000/baseline/foldability/omegafold_shards/shard_00/queries.fasta
INFO:root:62 residues in this chain.
INFO:root:Finished prediction in 3.59 seconds.
INFO:root:Saving prediction to /tmp/w160/foldability_n1000/baseline/foldability/omegafold_shards/shard_00/pdb/q229.pdb
INFO:root:Saved
INFO:root:Predicting 254th chain in /tmp/w160/foldability_n1000/baseline/foldability/omegafold_shards/shard_00/queries.fasta
INFO:root:62 residues in this chain.
INFO:root:Finished prediction in 3.59 seconds.
INFO:root:Saving prediction to /tmp/w160/foldability_n1000/baseline/foldability/omegafold_shards/shard_00/pdb/q245.pdb
INFO:root:Saved
INFO:root:Predicting 255th chain in /tmp/w160/foldability_n1000/baseline/foldability/omegafold_shards/shard_00/queries.fasta
INFO:root:62 residues in this chain.
INFO:root:Finished prediction in 3.59 seconds.
INFO:root:Saving prediction to /tmp/w160/foldability_n1000/baseline/foldability/omegafold_shards/shard_00/pdb/q646.pdb
INFO:root:Saved
INFO:root:Predicting 256th chain in /tmp/w160/foldability_n1000/baseline/foldability/omegafold_shards/shard_00/queries.fasta
INFO:root:62 residues in this chain.
INFO:root:Finished prediction in 3.41 seconds.
INFO:root:Saving prediction to /tmp/w160/foldability_n1000/baseline/foldability/omegafold_shards/shard_00/pdb/q793.pdb
INFO:root:Saved
INFO:root:Predicting 257th chain in /tmp/w160/foldability_n1000/baseline/foldability/omegafold_shards/shard_00/queries.fasta
INFO:root:62 residues in this chain.
INFO:root:Finished prediction in 3.59 seconds.
INFO:root:Saving prediction to /tmp/w160/foldability_n1000/baseline/foldability/omegafold_shards/shard_00/pdb/q867.pdb
INFO:root:Saved
INFO:root:Predicting 258th chain in /tmp/w160/foldability_n1000/baseline/foldability/omegafold_shards/shard_00/queries.fasta
INFO:root:62 residues in this chain.
INFO:root:Finished prediction in 3.59 seconds.
INFO:root:Saving prediction to /tmp/w160/foldability_n1000/baseline/foldability/omegafold_shards/shard_00/pdb/q969.pdb
INFO:root:Saved
INFO:root:Predicting 259th chain in /tmp/w160/foldability_n1000/baseline/foldability/omegafold_shards/shard_00/queries.fasta
INFO:root:63 residues in this chain.
INFO:root:Finished prediction in 3.59 seconds.
INFO:root:Saving prediction to /tmp/w160/foldability_n1000/baseline/foldability/omegafold_shards/shard_00/pdb/q151.pdb
INFO:root:Saved
INFO:root:Predicting 260th chain in /tmp/w160/foldability_n1000/baseline/foldability/omegafold_shards/shard_00/queries.fasta
INFO:root:63 residues in this chain.
INFO:root:Finished prediction in 3.59 seconds.
INFO:root:Saving prediction to /tmp/w160/foldability_n1000/baseline/foldability/omegafold_shards/shard_00/pdb/q350.pdb
INFO:root:Saved
INFO:root:Predicting 261th chain in /tmp/w160/foldability_n1000/baseline/foldability/omegafold_shards/shard_00/queries.fasta
INFO:root:63 residues in this chain.
INFO:root:Finished prediction in 3.59 seconds.
INFO:root:Saving prediction to /tmp/w160/foldability_n1000/baseline/foldability/omegafold_shards/shard_00/pdb/q449.pdb
INFO:root:Saved
INFO:root:Predicting 262th chain in /tmp/w160/foldability_n1000/baseline/foldability/omegafold_shards/shard_00/queries.fasta
INFO:root:63 residues in this chain.
INFO:root:Finished prediction in 5.87 seconds.
INFO:root:Saving prediction to /tmp/w160/foldability_n1000/baseline/foldability/omegafold_shards/shard_00/pdb/q923.pdb
INFO:root:Saved
INFO:root:Predicting 263th chain in /tmp/w160/foldability_n1000/baseline/foldability/omegafold_shards/shard_00/queries.fasta
INFO:root:64 residues in this chain.
INFO:root:Finished prediction in 3.60 seconds.
INFO:root:Saving prediction to /tmp/w160/foldability_n1000/baseline/foldability/omegafold_shards/shard_00/pdb/q149.pdb
INFO:root:Saved
INFO:root:Predicting 264th chain in /tmp/w160/foldability_n1000/baseline/foldability/omegafold_shards/shard_00/queries.fasta
INFO:root:64 residues in this chain.
INFO:root:Finished prediction in 3.61 seconds.
INFO:root:Saving prediction to /tmp/w160/foldability_n1000/baseline/foldability/omegafold_shards/shard_00/pdb/q174.pdb
INFO:root:Saved
INFO:root:Predicting 265th chain in /tmp/w160/foldability_n1000/baseline/foldability/omegafold_shards/shard_00/queries.fasta
INFO:root:64 residues in this chain.
INFO:root:Finished prediction in 3.78 seconds.
INFO:root:Saving prediction to /tmp/w160/foldability_n1000/baseline/foldability/omegafold_shards/shard_00/pdb/q396.pdb
INFO:root:Saved
INFO:root:Predicting 266th chain in /tmp/w160/foldability_n1000/baseline/foldability/omegafold_shards/shard_00/queries.fasta
INFO:root:64 residues in this chain.
INFO:root:Finished prediction in 3.88 seconds.
INFO:root:Saving prediction to /tmp/w160/foldability_n1000/baseline/foldability/omegafold_shards/shard_00/pdb/q757.pdb
INFO:root:Saved
INFO:root:Predicting 267th chain in /tmp/w160/foldability_n1000/baseline/foldability/omegafold_shards/shard_00/queries.fasta
INFO:root:64 residues in this chain.
INFO:root:Finished prediction in 4.31 seconds.
INFO:root:Saving prediction to /tmp/w160/foldability_n1000/baseline/foldability/omegafold_shards/shard_00/pdb/q787.pdb
INFO:root:Saved
INFO:root:Predicting 268th chain in /tmp/w160/foldability_n1000/baseline/foldability/omegafold_shards/shard_00/queries.fasta
INFO:root:64 residues in this chain.
INFO:root:Finished prediction in 3.83 seconds.
INFO:root:Saving prediction to /tmp/w160/foldability_n1000/baseline/foldability/omegafold_shards/shard_00/pdb/q829.pdb
INFO:root:Saved
INFO:root:Predicting 269th chain in /tmp/w160/foldability_n1000/baseline/foldability/omegafold_shards/shard_00/queries.fasta
INFO:root:64 residues in this chain.
INFO:root:Finished prediction in 3.66 seconds.
INFO:root:Saving prediction to /tmp/w160/foldability_n1000/baseline/foldability/omegafold_shards/shard_00/pdb/q862.pdb
INFO:root:Saved
INFO:root:Predicting 270th chain in /tmp/w160/foldability_n1000/baseline/foldability/omegafold_shards/shard_00/queries.fasta
INFO:root:64 residues in this chain.
INFO:root:Finished prediction in 3.71 seconds.
INFO:root:Saving prediction to /tmp/w160/foldability_n1000/baseline/foldability/omegafold_shards/shard_00/pdb/q904.pdb
INFO:root:Saved
INFO:root:Predicting 271th chain in /tmp/w160/foldability_n1000/baseline/foldability/omegafold_shards/shard_00/queries.fasta
INFO:root:65 residues in this chain.
INFO:root:Finished prediction in 4.17 seconds.
INFO:root:Saving prediction to /tmp/w160/foldability_n1000/baseline/foldability/omegafold_shards/shard_00/pdb/q142.pdb
INFO:root:Saved
INFO:root:Predicting 272th chain in /tmp/w160/foldability_n1000/baseline/foldability/omegafold_shards/shard_00/queries.fasta
INFO:root:65 residues in this chain.
INFO:root:Finished prediction in 3.93 seconds.
INFO:root:Saving prediction to /tmp/w160/foldability_n1000/baseline/foldability/omegafold_shards/shard_00/pdb/q268.pdb
INFO:root:Saved
INFO:root:Predicting 273th chain in /tmp/w160/foldability_n1000/baseline/foldability/omegafold_shards/shard_00/queries.fasta
INFO:root:65 residues in this chain.
INFO:root:Finished prediction in 3.67 seconds.
INFO:root:Saving prediction to /tmp/w160/foldability_n1000/baseline/foldability/omegafold_shards/shard_00/pdb/q271.pdb
INFO:root:Saved
INFO:root:Predicting 274th chain in /tmp/w160/foldability_n1000/baseline/foldability/omegafold_shards/shard_00/queries.fasta
INFO:root:65 residues in this chain.
INFO:root:Finished prediction in 3.66 seconds.
INFO:root:Saving prediction to /tmp/w160/foldability_n1000/baseline/foldability/omegafold_shards/shard_00/pdb/q359.pdb
INFO:root:Saved
INFO:root:Predicting 275th chain in /tmp/w160/foldability_n1000/baseline/foldability/omegafold_shards/shard_00/queries.fasta
INFO:root:65 residues in this chain.
INFO:root:Finished prediction in 3.67 seconds.
INFO:root:Saving prediction to /tmp/w160/foldability_n1000/baseline/foldability/omegafold_shards/shard_00/pdb/q361.pdb
INFO:root:Saved
INFO:root:Predicting 276th chain in /tmp/w160/foldability_n1000/baseline/foldability/omegafold_shards/shard_00/queries.fasta
INFO:root:65 residues in this chain.
INFO:root:Finished prediction in 3.66 seconds.
INFO:root:Saving prediction to /tmp/w160/foldability_n1000/baseline/foldability/omegafold_shards/shard_00/pdb/q589.pdb
INFO:root:Saved
INFO:root:Predicting 277th chain in /tmp/w160/foldability_n1000/baseline/foldability/omegafold_shards/shard_00/queries.fasta
INFO:root:65 residues in this chain.
INFO:root:Finished prediction in 3.66 seconds.
INFO:root:Saving prediction to /tmp/w160/foldability_n1000/baseline/foldability/omegafold_shards/shard_00/pdb/q652.pdb
INFO:root:Saved
INFO:root:Predicting 278th chain in /tmp/w160/foldability_n1000/baseline/foldability/omegafold_shards/shard_00/queries.fasta
INFO:root:65 residues in this chain.
INFO:root:Finished prediction in 3.67 seconds.
INFO:root:Saving prediction to /tmp/w160/foldability_n1000/baseline/foldability/omegafold_shards/shard_00/pdb/q683.pdb
INFO:root:Saved
INFO:root:Predicting 279th chain in /tmp/w160/foldability_n1000/baseline/foldability/omegafold_shards/shard_00/queries.fasta
INFO:root:65 residues in this chain.
INFO:root:Finished prediction in 3.66 seconds.
INFO:root:Saving prediction to /tmp/w160/foldability_n1000/baseline/foldability/omegafold_shards/shard_00/pdb/q719.pdb
INFO:root:Saved
INFO:root:Predicting 280th chain in /tmp/w160/foldability_n1000/baseline/foldability/omegafold_shards/shard_00/queries.fasta
INFO:root:65 residues in this chain.
INFO:root:Finished prediction in 3.66 seconds.
INFO:root:Saving prediction to /tmp/w160/foldability_n1000/baseline/foldability/omegafold_shards/shard_00/pdb/q963.pdb
INFO:root:Saved
INFO:root:Predicting 281th chain in /tmp/w160/foldability_n1000/baseline/foldability/omegafold_shards/shard_00/queries.fasta
INFO:root:65 residues in this chain.
INFO:root:Finished prediction in 3.66 seconds.
INFO:root:Saving prediction to /tmp/w160/foldability_n1000/baseline/foldability/omegafold_shards/shard_00/pdb/q975.pdb
INFO:root:Saved
INFO:root:Predicting 282th chain in /tmp/w160/foldability_n1000/baseline/foldability/omegafold_shards/shard_00/queries.fasta
INFO:root:66 residues in this chain.
INFO:root:Finished prediction in 3.66 seconds.
INFO:root:Saving prediction to /tmp/w160/foldability_n1000/baseline/foldability/omegafold_shards/shard_00/pdb/q65.pdb
INFO:root:Saved
INFO:root:Predicting 283th chain in /tmp/w160/foldability_n1000/baseline/foldability/omegafold_shards/shard_00/queries.fasta
INFO:root:66 residues in this chain.
INFO:root:Finished prediction in 3.65 seconds.
INFO:root:Saving prediction to /tmp/w160/foldability_n1000/baseline/foldability/omegafold_shards/shard_00/pdb/q135.pdb
INFO:root:Saved
INFO:root:Predicting 284th chain in /tmp/w160/foldability_n1000/baseline/foldability/omegafold_shards/shard_00/queries.fasta
INFO:root:66 residues in this chain.
INFO:root:Finished prediction in 3.66 seconds.
INFO:root:Saving prediction to /tmp/w160/foldability_n1000/baseline/foldability/omegafold_shards/shard_00/pdb/q250.pdb
INFO:root:Saved
INFO:root:Predicting 285th chain in /tmp/w160/foldability_n1000/baseline/foldability/omegafold_shards/shard_00/queries.fasta
INFO:root:66 residues in this chain.
INFO:root:Finished prediction in 3.66 seconds.
INFO:root:Saving prediction to /tmp/w160/foldability_n1000/baseline/foldability/omegafold_shards/shard_00/pdb/q299.pdb
INFO:root:Saved
INFO:root:Predicting 286th chain in /tmp/w160/foldability_n1000/baseline/foldability/omegafold_shards/shard_00/queries.fasta
INFO:root:66 residues in this chain.
INFO:root:Finished prediction in 3.66 seconds.
INFO:root:Saving prediction to /tmp/w160/foldability_n1000/baseline/foldability/omegafold_shards/shard_00/pdb/q527.pdb
INFO:root:Saved
INFO:root:Predicting 287th chain in /tmp/w160/foldability_n1000/baseline/foldability/omegafold_shards/shard_00/queries.fasta
INFO:root:66 residues in this chain.
INFO:root:Finished prediction in 3.74 seconds.
INFO:root:Saving prediction to /tmp/w160/foldability_n1000/baseline/foldability/omegafold_shards/shard_00/pdb/q535.pdb
INFO:root:Saved
INFO:root:Predicting 288th chain in /tmp/w160/foldability_n1000/baseline/foldability/omegafold_shards/shard_00/queries.fasta
INFO:root:66 residues in this chain.
INFO:root:Finished prediction in 3.77 seconds.
INFO:root:Saving prediction to /tmp/w160/foldability_n1000/baseline/foldability/omegafold_shards/shard_00/pdb/q738.pdb
INFO:root:Saved
INFO:root:Predicting 289th chain in /tmp/w160/foldability_n1000/baseline/foldability/omegafold_shards/shard_00/queries.fasta
INFO:root:66 residues in this chain.
INFO:root:Finished prediction in 3.83 seconds.
INFO:root:Saving prediction to /tmp/w160/foldability_n1000/baseline/foldability/omegafold_shards/shard_00/pdb/q831.pdb
INFO:root:Saved
INFO:root:Predicting 290th chain in /tmp/w160/foldability_n1000/baseline/foldability/omegafold_shards/shard_00/queries.fasta
INFO:root:66 residues in this chain.
INFO:root:Finished prediction in 3.72 seconds.
INFO:root:Saving prediction to /tmp/w160/foldability_n1000/baseline/foldability/omegafold_shards/shard_00/pdb/q857.pdb
INFO:root:Saved
INFO:root:Predicting 291th chain in /tmp/w160/foldability_n1000/baseline/foldability/omegafold_shards/shard_00/queries.fasta
INFO:root:66 residues in this chain.
INFO:root:Finished prediction in 3.79 seconds.
INFO:root:Saving prediction to /tmp/w160/foldability_n1000/baseline/foldability/omegafold_shards/shard_00/pdb/q875.pdb
INFO:root:Saved
INFO:root:Predicting 292th chain in /tmp/w160/foldability_n1000/baseline/foldability/omegafold_shards/shard_00/queries.fasta
INFO:root:66 residues in this chain.
INFO:root:Finished prediction in 5.51 seconds.
INFO:root:Saving prediction to /tmp/w160/foldability_n1000/baseline/foldability/omegafold_shards/shard_00/pdb/q927.pdb
INFO:root:Saved
INFO:root:Predicting 293th chain in /tmp/w160/foldability_n1000/baseline/foldability/omegafold_shards/shard_00/queries.fasta
INFO:root:66 residues in this chain.
INFO:root:Finished prediction in 4.54 seconds.
INFO:root:Saving prediction to /tmp/w160/foldability_n1000/baseline/foldability/omegafold_shards/shard_00/pdb/q939.pdb
INFO:root:Saved
INFO:root:Predicting 294th chain in /tmp/w160/foldability_n1000/baseline/foldability/omegafold_shards/shard_00/queries.fasta
INFO:root:67 residues in this chain.
INFO:root:Finished prediction in 4.56 seconds.
INFO:root:Saving prediction to /tmp/w160/foldability_n1000/baseline/foldability/omegafold_shards/shard_00/pdb/q104.pdb
INFO:root:Saved
INFO:root:Predicting 295th chain in /tmp/w160/foldability_n1000/baseline/foldability/omegafold_shards/shard_00/queries.fasta
INFO:root:67 residues in this chain.
INFO:root:Finished prediction in 2.97 seconds.
INFO:root:Saving prediction to /tmp/w160/foldability_n1000/baseline/foldability/omegafold_shards/shard_00/pdb/q225.pdb
INFO:root:Saved
INFO:root:Predicting 296th chain in /tmp/w160/foldability_n1000/baseline/foldability/omegafold_shards/shard_00/queries.fasta
INFO:root:67 residues in this chain.
INFO:root:Finished prediction in 3.04 seconds.
INFO:root:Saving prediction to /tmp/w160/foldability_n1000/baseline/foldability/omegafold_shards/shard_00/pdb/q317.pdb
INFO:root:Saved
INFO:root:Predicting 297th chain in /tmp/w160/foldability_n1000/baseline/foldability/omegafold_shards/shard_00/queries.fasta
INFO:root:67 residues in this chain.
INFO:root:Finished prediction in 2.83 seconds.
INFO:root:Saving prediction to /tmp/w160/foldability_n1000/baseline/foldability/omegafold_shards/shard_00/pdb/q331.pdb
INFO:root:Saved
INFO:root:Predicting 298th chain in /tmp/w160/foldability_n1000/baseline/foldability/omegafold_shards/shard_00/queries.fasta
INFO:root:67 residues in this chain.
INFO:root:Finished prediction in 2.40 seconds.
INFO:root:Saving prediction to /tmp/w160/foldability_n1000/baseline/foldability/omegafold_shards/shard_00/pdb/q515.pdb
INFO:root:Saved
INFO:root:Predicting 299th chain in /tmp/w160/foldability_n1000/baseline/foldability/omegafold_shards/shard_00/queries.fasta
INFO:root:67 residues in this chain.
INFO:root:Finished prediction in 3.48 seconds.
INFO:root:Saving prediction to /tmp/w160/foldability_n1000/baseline/foldability/omegafold_shards/shard_00/pdb/q516.pdb
INFO:root:Saved
INFO:root:Predicting 300th chain in /tmp/w160/foldability_n1000/baseline/foldability/omegafold_shards/shard_00/queries.fasta
INFO:root:67 residues in this chain.
INFO:root:Finished prediction in 7.07 seconds.
INFO:root:Saving prediction to /tmp/w160/foldability_n1000/baseline/foldability/omegafold_shards/shard_00/pdb/q613.pdb
INFO:root:Saved
INFO:root:Predicting 301th chain in /tmp/w160/foldability_n1000/baseline/foldability/omegafold_shards/shard_00/queries.fasta
INFO:root:67 residues in this chain.
INFO:root:Finished prediction in 5.00 seconds.
INFO:root:Saving prediction to /tmp/w160/foldability_n1000/baseline/foldability/omegafold_shards/shard_00/pdb/q682.pdb
INFO:root:Saved
INFO:root:Predicting 302th chain in /tmp/w160/foldability_n1000/baseline/foldability/omegafold_shards/shard_00/queries.fasta
INFO:root:68 residues in this chain.
INFO:root:Finished prediction in 6.51 seconds.
INFO:root:Saving prediction to /tmp/w160/foldability_n1000/baseline/foldability/omegafold_shards/shard_00/pdb/q323.pdb
INFO:root:Saved
INFO:root:Predicting 303th chain in /tmp/w160/foldability_n1000/baseline/foldability/omegafold_shards/shard_00/queries.fasta
INFO:root:68 residues in this chain.
INFO:root:Finished prediction in 3.59 seconds.
INFO:root:Saving prediction to /tmp/w160/foldability_n1000/baseline/foldability/omegafold_shards/shard_00/pdb/q470.pdb
INFO:root:Saved
INFO:root:Predicting 304th chain in /tmp/w160/foldability_n1000/baseline/foldability/omegafold_shards/shard_00/queries.fasta
INFO:root:68 residues in this chain.
INFO:root:Finished prediction in 3.58 seconds.
INFO:root:Saving prediction to /tmp/w160/foldability_n1000/baseline/foldability/omegafold_shards/shard_00/pdb/q543.pdb
INFO:root:Saved
INFO:root:Predicting 305th chain in /tmp/w160/foldability_n1000/baseline/foldability/omegafold_shards/shard_00/queries.fasta
INFO:root:68 residues in this chain.
INFO:root:Finished prediction in 3.64 seconds.
INFO:root:Saving prediction to /tmp/w160/foldability_n1000/baseline/foldability/omegafold_shards/shard_00/pdb/q606.pdb
INFO:root:Saved
INFO:root:Predicting 306th chain in /tmp/w160/foldability_n1000/baseline/foldability/omegafold_shards/shard_00/queries.fasta
INFO:root:68 residues in this chain.
INFO:root:Finished prediction in 4.01 seconds.
INFO:root:Saving prediction to /tmp/w160/foldability_n1000/baseline/foldability/omegafold_shards/shard_00/pdb/q626.pdb
INFO:root:Saved
INFO:root:Predicting 307th chain in /tmp/w160/foldability_n1000/baseline/foldability/omegafold_shards/shard_00/queries.fasta
INFO:root:68 residues in this chain.
INFO:root:Finished prediction in 4.29 seconds.
INFO:root:Saving prediction to /tmp/w160/foldability_n1000/baseline/foldability/omegafold_shards/shard_00/pdb/q758.pdb
INFO:root:Saved
INFO:root:Predicting 308th chain in /tmp/w160/foldability_n1000/baseline/foldability/omegafold_shards/shard_00/queries.fasta
INFO:root:68 residues in this chain.
INFO:root:Finished prediction in 3.82 seconds.
INFO:root:Saving prediction to /tmp/w160/foldability_n1000/baseline/foldability/omegafold_shards/shard_00/pdb/q775.pdb
INFO:root:Saved
INFO:root:Predicting 309th chain in /tmp/w160/foldability_n1000/baseline/foldability/omegafold_shards/shard_00/queries.fasta
INFO:root:69 residues in this chain.
INFO:root:Finished prediction in 4.53 seconds.
INFO:root:Saving prediction to /tmp/w160/foldability_n1000/baseline/foldability/omegafold_shards/shard_00/pdb/q51.pdb
INFO:root:Saved
INFO:root:Predicting 310th chain in /tmp/w160/foldability_n1000/baseline/foldability/omegafold_shards/shard_00/queries.fasta
INFO:root:69 residues in this chain.
INFO:root:Finished prediction in 3.96 seconds.
INFO:root:Saving prediction to /tmp/w160/foldability_n1000/baseline/foldability/omegafold_shards/shard_00/pdb/q55.pdb
INFO:root:Saved
INFO:root:Predicting 311th chain in /tmp/w160/foldability_n1000/baseline/foldability/omegafold_shards/shard_00/queries.fasta
INFO:root:69 residues in this chain.
INFO:root:Finished prediction in 3.59 seconds.
INFO:root:Saving prediction to /tmp/w160/foldability_n1000/baseline/foldability/omegafold_shards/shard_00/pdb/q115.pdb
INFO:root:Saved
INFO:root:Predicting 312th chain in /tmp/w160/foldability_n1000/baseline/foldability/omegafold_shards/shard_00/queries.fasta
INFO:root:69 residues in this chain.
INFO:root:Finished prediction in 3.58 seconds.
INFO:root:Saving prediction to /tmp/w160/foldability_n1000/baseline/foldability/omegafold_shards/shard_00/pdb/q161.pdb
INFO:root:Saved
INFO:root:Predicting 313th chain in /tmp/w160/foldability_n1000/baseline/foldability/omegafold_shards/shard_00/queries.fasta
INFO:root:69 residues in this chain.
INFO:root:Finished prediction in 3.59 seconds.
INFO:root:Saving prediction to /tmp/w160/foldability_n1000/baseline/foldability/omegafold_shards/shard_00/pdb/q262.pdb
INFO:root:Saved
INFO:root:Predicting 314th chain in /tmp/w160/foldability_n1000/baseline/foldability/omegafold_shards/shard_00/queries.fasta
INFO:root:69 residues in this chain.
INFO:root:Finished prediction in 3.59 seconds.
INFO:root:Saving prediction to /tmp/w160/foldability_n1000/baseline/foldability/omegafold_shards/shard_00/pdb/q276.pdb
INFO:root:Saved
INFO:root:Predicting 315th chain in /tmp/w160/foldability_n1000/baseline/foldability/omegafold_shards/shard_00/queries.fasta
INFO:root:69 residues in this chain.
INFO:root:Finished prediction in 3.60 seconds.
INFO:root:Saving prediction to /tmp/w160/foldability_n1000/baseline/foldability/omegafold_shards/shard_00/pdb/q283.pdb
INFO:root:Saved
INFO:root:Predicting 316th chain in /tmp/w160/foldability_n1000/baseline/foldability/omegafold_shards/shard_00/queries.fasta
INFO:root:69 residues in this chain.
INFO:root:Finished prediction in 3.58 seconds.
INFO:root:Saving prediction to /tmp/w160/foldability_n1000/baseline/foldability/omegafold_shards/shard_00/pdb/q650.pdb
INFO:root:Saved
INFO:root:Predicting 317th chain in /tmp/w160/foldability_n1000/baseline/foldability/omegafold_shards/shard_00/queries.fasta
INFO:root:69 residues in this chain.
INFO:root:Finished prediction in 3.59 seconds.
INFO:root:Saving prediction to /tmp/w160/foldability_n1000/baseline/foldability/omegafold_shards/shard_00/pdb/q685.pdb
INFO:root:Saved
INFO:root:Predicting 318th chain in /tmp/w160/foldability_n1000/baseline/foldability/omegafold_shards/shard_00/queries.fasta
INFO:root:69 residues in this chain.
INFO:root:Finished prediction in 3.58 seconds.
INFO:root:Saving prediction to /tmp/w160/foldability_n1000/baseline/foldability/omegafold_shards/shard_00/pdb/q690.pdb
INFO:root:Saved
INFO:root:Predicting 319th chain in /tmp/w160/foldability_n1000/baseline/foldability/omegafold_shards/shard_00/queries.fasta
INFO:root:69 residues in this chain.
INFO:root:Finished prediction in 3.59 seconds.
INFO:root:Saving prediction to /tmp/w160/foldability_n1000/baseline/foldability/omegafold_shards/shard_00/pdb/q926.pdb
INFO:root:Saved
INFO:root:Predicting 320th chain in /tmp/w160/foldability_n1000/baseline/foldability/omegafold_shards/shard_00/queries.fasta
INFO:root:70 residues in this chain.
INFO:root:Finished prediction in 3.59 seconds.
INFO:root:Saving prediction to /tmp/w160/foldability_n1000/baseline/foldability/omegafold_shards/shard_00/pdb/q29.pdb
INFO:root:Saved
INFO:root:Predicting 321th chain in /tmp/w160/foldability_n1000/baseline/foldability/omegafold_shards/shard_00/queries.fasta
INFO:root:70 residues in this chain.
INFO:root:Finished prediction in 3.60 seconds.
INFO:root:Saving prediction to /tmp/w160/foldability_n1000/baseline/foldability/omegafold_shards/shard_00/pdb/q177.pdb
INFO:root:Saved
INFO:root:Predicting 322th chain in /tmp/w160/foldability_n1000/baseline/foldability/omegafold_shards/shard_00/queries.fasta
INFO:root:70 residues in this chain.
INFO:root:Finished prediction in 3.59 seconds.
INFO:root:Saving prediction to /tmp/w160/foldability_n1000/baseline/foldability/omegafold_shards/shard_00/pdb/q255.pdb
INFO:root:Saved
INFO:root:Predicting 323th chain in /tmp/w160/foldability_n1000/baseline/foldability/omegafold_shards/shard_00/queries.fasta
INFO:root:70 residues in this chain.
INFO:root:Finished prediction in 3.59 seconds.
INFO:root:Saving prediction to /tmp/w160/foldability_n1000/baseline/foldability/omegafold_shards/shard_00/pdb/q327.pdb
INFO:root:Saved
INFO:root:Predicting 324th chain in /tmp/w160/foldability_n1000/baseline/foldability/omegafold_shards/shard_00/queries.fasta
INFO:root:70 residues in this chain.
INFO:root:Finished prediction in 3.59 seconds.
INFO:root:Saving prediction to /tmp/w160/foldability_n1000/baseline/foldability/omegafold_shards/shard_00/pdb/q559.pdb
INFO:root:Saved
INFO:root:Predicting 325th chain in /tmp/w160/foldability_n1000/baseline/foldability/omegafold_shards/shard_00/queries.fasta
INFO:root:70 residues in this chain.
INFO:root:Finished prediction in 3.59 seconds.
INFO:root:Saving prediction to /tmp/w160/foldability_n1000/baseline/foldability/omegafold_shards/shard_00/pdb/q653.pdb
INFO:root:Saved
INFO:root:Predicting 326th chain in /tmp/w160/foldability_n1000/baseline/foldability/omegafold_shards/shard_00/queries.fasta
INFO:root:70 residues in this chain.
INFO:root:Finished prediction in 3.57 seconds.
INFO:root:Saving prediction to /tmp/w160/foldability_n1000/baseline/foldability/omegafold_shards/shard_00/pdb/q808.pdb
INFO:root:Saved
INFO:root:Predicting 327th chain in /tmp/w160/foldability_n1000/baseline/foldability/omegafold_shards/shard_00/queries.fasta
INFO:root:70 residues in this chain.
INFO:root:Finished prediction in 3.58 seconds.
INFO:root:Saving prediction to /tmp/w160/foldability_n1000/baseline/foldability/omegafold_shards/shard_00/pdb/q824.pdb
INFO:root:Saved
INFO:root:Predicting 328th chain in /tmp/w160/foldability_n1000/baseline/foldability/omegafold_shards/shard_00/queries.fasta
INFO:root:70 residues in this chain.
INFO:root:Finished prediction in 3.58 seconds.
INFO:root:Saving prediction to /tmp/w160/foldability_n1000/baseline/foldability/omegafold_shards/shard_00/pdb/q981.pdb
INFO:root:Saved
INFO:root:Predicting 329th chain in /tmp/w160/foldability_n1000/baseline/foldability/omegafold_shards/shard_00/queries.fasta
INFO:root:71 residues in this chain.
INFO:root:Finished prediction in 3.59 seconds.
INFO:root:Saving prediction to /tmp/w160/foldability_n1000/baseline/foldability/omegafold_shards/shard_00/pdb/q33.pdb
INFO:root:Saved
INFO:root:Predicting 330th chain in /tmp/w160/foldability_n1000/baseline/foldability/omegafold_shards/shard_00/queries.fasta
INFO:root:71 residues in this chain.
INFO:root:Finished prediction in 3.59 seconds.
INFO:root:Saving prediction to /tmp/w160/foldability_n1000/baseline/foldability/omegafold_shards/shard_00/pdb/q144.pdb
INFO:root:Saved
INFO:root:Predicting 331th chain in /tmp/w160/foldability_n1000/baseline/foldability/omegafold_shards/shard_00/queries.fasta
INFO:root:71 residues in this chain.
INFO:root:Finished prediction in 3.59 seconds.
INFO:root:Saving prediction to /tmp/w160/foldability_n1000/baseline/foldability/omegafold_shards/shard_00/pdb/q199.pdb
INFO:root:Saved
INFO:root:Predicting 332th chain in /tmp/w160/foldability_n1000/baseline/foldability/omegafold_shards/shard_00/queries.fasta
INFO:root:71 residues in this chain.
INFO:root:Finished prediction in 3.59 seconds.
INFO:root:Saving prediction to /tmp/w160/foldability_n1000/baseline/foldability/omegafold_shards/shard_00/pdb/q383.pdb
INFO:root:Saved
INFO:root:Predicting 333th chain in /tmp/w160/foldability_n1000/baseline/foldability/omegafold_shards/shard_00/queries.fasta
INFO:root:71 residues in this chain.
INFO:root:Finished prediction in 3.59 seconds.
INFO:root:Saving prediction to /tmp/w160/foldability_n1000/baseline/foldability/omegafold_shards/shard_00/pdb/q500.pdb
INFO:root:Saved
INFO:root:Predicting 334th chain in /tmp/w160/foldability_n1000/baseline/foldability/omegafold_shards/shard_00/queries.fasta
INFO:root:71 residues in this chain.
INFO:root:Finished prediction in 3.59 seconds.
INFO:root:Saving prediction to /tmp/w160/foldability_n1000/baseline/foldability/omegafold_shards/shard_00/pdb/q596.pdb
INFO:root:Saved
INFO:root:Predicting 335th chain in /tmp/w160/foldability_n1000/baseline/foldability/omegafold_shards/shard_00/queries.fasta
INFO:root:71 residues in this chain.
INFO:root:Finished prediction in 3.59 seconds.
INFO:root:Saving prediction to /tmp/w160/foldability_n1000/baseline/foldability/omegafold_shards/shard_00/pdb/q746.pdb
INFO:root:Saved
INFO:root:Predicting 336th chain in /tmp/w160/foldability_n1000/baseline/foldability/omegafold_shards/shard_00/queries.fasta
INFO:root:71 residues in this chain.
INFO:root:Finished prediction in 3.58 seconds.
INFO:root:Saving prediction to /tmp/w160/foldability_n1000/baseline/foldability/omegafold_shards/shard_00/pdb/q920.pdb
INFO:root:Saved
INFO:root:Predicting 337th chain in /tmp/w160/foldability_n1000/baseline/foldability/omegafold_shards/shard_00/queries.fasta
INFO:root:71 residues in this chain.
INFO:root:Finished prediction in 3.59 seconds.
INFO:root:Saving prediction to /tmp/w160/foldability_n1000/baseline/foldability/omegafold_shards/shard_00/pdb/q977.pdb
INFO:root:Saved
INFO:root:Predicting 338th chain in /tmp/w160/foldability_n1000/baseline/foldability/omegafold_shards/shard_00/queries.fasta
INFO:root:72 residues in this chain.
INFO:root:Finished prediction in 3.59 seconds.
INFO:root:Saving prediction to /tmp/w160/foldability_n1000/baseline/foldability/omegafold_shards/shard_00/pdb/q41.pdb
INFO:root:Saved
INFO:root:Predicting 339th chain in /tmp/w160/foldability_n1000/baseline/foldability/omegafold_shards/shard_00/queries.fasta
INFO:root:72 residues in this chain.
INFO:root:Finished prediction in 3.60 seconds.
INFO:root:Saving prediction to /tmp/w160/foldability_n1000/baseline/foldability/omegafold_shards/shard_00/pdb/q96.pdb
INFO:root:Saved
INFO:root:Predicting 340th chain in /tmp/w160/foldability_n1000/baseline/foldability/omegafold_shards/shard_00/queries.fasta
INFO:root:72 residues in this chain.
INFO:root:Finished prediction in 3.59 seconds.
INFO:root:Saving prediction to /tmp/w160/foldability_n1000/baseline/foldability/omegafold_shards/shard_00/pdb/q123.pdb
INFO:root:Saved
INFO:root:Predicting 341th chain in /tmp/w160/foldability_n1000/baseline/foldability/omegafold_shards/shard_00/queries.fasta
INFO:root:72 residues in this chain.
INFO:root:Finished prediction in 3.60 seconds.
INFO:root:Saving prediction to /tmp/w160/foldability_n1000/baseline/foldability/omegafold_shards/shard_00/pdb/q312.pdb
INFO:root:Saved
INFO:root:Predicting 342th chain in /tmp/w160/foldability_n1000/baseline/foldability/omegafold_shards/shard_00/queries.fasta
INFO:root:72 residues in this chain.
INFO:root:Finished prediction in 3.60 seconds.
INFO:root:Saving prediction to /tmp/w160/foldability_n1000/baseline/foldability/omegafold_shards/shard_00/pdb/q335.pdb
INFO:root:Saved
INFO:root:Predicting 343th chain in /tmp/w160/foldability_n1000/baseline/foldability/omegafold_shards/shard_00/queries.fasta
INFO:root:72 residues in this chain.
INFO:root:Finished prediction in 3.60 seconds.
INFO:root:Saving prediction to /tmp/w160/foldability_n1000/baseline/foldability/omegafold_shards/shard_00/pdb/q342.pdb
INFO:root:Saved
INFO:root:Predicting 344th chain in /tmp/w160/foldability_n1000/baseline/foldability/omegafold_shards/shard_00/queries.fasta
INFO:root:72 residues in this chain.
INFO:root:Finished prediction in 3.59 seconds.
INFO:root:Saving prediction to /tmp/w160/foldability_n1000/baseline/foldability/omegafold_shards/shard_00/pdb/q782.pdb
INFO:root:Saved
INFO:root:Predicting 345th chain in /tmp/w160/foldability_n1000/baseline/foldability/omegafold_shards/shard_00/queries.fasta
INFO:root:72 residues in this chain.
INFO:root:Finished prediction in 3.60 seconds.
INFO:root:Saving prediction to /tmp/w160/foldability_n1000/baseline/foldability/omegafold_shards/shard_00/pdb/q871.pdb
INFO:root:Saved
INFO:root:Predicting 346th chain in /tmp/w160/foldability_n1000/baseline/foldability/omegafold_shards/shard_00/queries.fasta
INFO:root:72 residues in this chain.
INFO:root:Finished prediction in 3.59 seconds.
INFO:root:Saving prediction to /tmp/w160/foldability_n1000/baseline/foldability/omegafold_shards/shard_00/pdb/q944.pdb
INFO:root:Saved
INFO:root:Predicting 347th chain in /tmp/w160/foldability_n1000/baseline/foldability/omegafold_shards/shard_00/queries.fasta
INFO:root:73 residues in this chain.
INFO:root:Finished prediction in 3.60 seconds.
INFO:root:Saving prediction to /tmp/w160/foldability_n1000/baseline/foldability/omegafold_shards/shard_00/pdb/q6.pdb
INFO:root:Saved
INFO:root:Predicting 348th chain in /tmp/w160/foldability_n1000/baseline/foldability/omegafold_shards/shard_00/queries.fasta
INFO:root:73 residues in this chain.
INFO:root:Finished prediction in 3.59 seconds.
INFO:root:Saving prediction to /tmp/w160/foldability_n1000/baseline/foldability/omegafold_shards/shard_00/pdb/q54.pdb
INFO:root:Saved
INFO:root:Predicting 349th chain in /tmp/w160/foldability_n1000/baseline/foldability/omegafold_shards/shard_00/queries.fasta
INFO:root:73 residues in this chain.
INFO:root:Finished prediction in 3.59 seconds.
INFO:root:Saving prediction to /tmp/w160/foldability_n1000/baseline/foldability/omegafold_shards/shard_00/pdb/q107.pdb
INFO:root:Saved
INFO:root:Predicting 350th chain in /tmp/w160/foldability_n1000/baseline/foldability/omegafold_shards/shard_00/queries.fasta
INFO:root:73 residues in this chain.
INFO:root:Finished prediction in 3.59 seconds.
INFO:root:Saving prediction to /tmp/w160/foldability_n1000/baseline/foldability/omegafold_shards/shard_00/pdb/q192.pdb
INFO:root:Saved
INFO:root:Predicting 351th chain in /tmp/w160/foldability_n1000/baseline/foldability/omegafold_shards/shard_00/queries.fasta
INFO:root:73 residues in this chain.
INFO:root:Finished prediction in 3.59 seconds.
INFO:root:Saving prediction to /tmp/w160/foldability_n1000/baseline/foldability/omegafold_shards/shard_00/pdb/q451.pdb
INFO:root:Saved
INFO:root:Predicting 352th chain in /tmp/w160/foldability_n1000/baseline/foldability/omegafold_shards/shard_00/queries.fasta
INFO:root:73 residues in this chain.
INFO:root:Finished prediction in 3.58 seconds.
INFO:root:Saving prediction to /tmp/w160/foldability_n1000/baseline/foldability/omegafold_shards/shard_00/pdb/q597.pdb
INFO:root:Saved
INFO:root:Predicting 353th chain in /tmp/w160/foldability_n1000/baseline/foldability/omegafold_shards/shard_00/queries.fasta
INFO:root:73 residues in this chain.
INFO:root:Finished prediction in 3.59 seconds.
INFO:root:Saving prediction to /tmp/w160/foldability_n1000/baseline/foldability/omegafold_shards/shard_00/pdb/q656.pdb
INFO:root:Saved
INFO:root:Predicting 354th chain in /tmp/w160/foldability_n1000/baseline/foldability/omegafold_shards/shard_00/queries.fasta
INFO:root:73 residues in this chain.
INFO:root:Finished prediction in 3.66 seconds.
INFO:root:Saving prediction to /tmp/w160/foldability_n1000/baseline/foldability/omegafold_shards/shard_00/pdb/q661.pdb
INFO:root:Saved
INFO:root:Predicting 355th chain in /tmp/w160/foldability_n1000/baseline/foldability/omegafold_shards/shard_00/queries.fasta
INFO:root:74 residues in this chain.
INFO:root:Finished prediction in 3.59 seconds.
INFO:root:Saving prediction to /tmp/w160/foldability_n1000/baseline/foldability/omegafold_shards/shard_00/pdb/q62.pdb
INFO:root:Saved
INFO:root:Predicting 356th chain in /tmp/w160/foldability_n1000/baseline/foldability/omegafold_shards/shard_00/queries.fasta
INFO:root:74 residues in this chain.
INFO:root:Finished prediction in 3.58 seconds.
INFO:root:Saving prediction to /tmp/w160/foldability_n1000/baseline/foldability/omegafold_shards/shard_00/pdb/q165.pdb
INFO:root:Saved
INFO:root:Predicting 357th chain in /tmp/w160/foldability_n1000/baseline/foldability/omegafold_shards/shard_00/queries.fasta
INFO:root:74 residues in this chain.
INFO:root:Finished prediction in 3.58 seconds.
INFO:root:Saving prediction to /tmp/w160/foldability_n1000/baseline/foldability/omegafold_shards/shard_00/pdb/q293.pdb
INFO:root:Saved
INFO:root:Predicting 358th chain in /tmp/w160/foldability_n1000/baseline/foldability/omegafold_shards/shard_00/queries.fasta
INFO:root:74 residues in this chain.
INFO:root:Finished prediction in 3.57 seconds.
INFO:root:Saving prediction to /tmp/w160/foldability_n1000/baseline/foldability/omegafold_shards/shard_00/pdb/q425.pdb
INFO:root:Saved
INFO:root:Predicting 359th chain in /tmp/w160/foldability_n1000/baseline/foldability/omegafold_shards/shard_00/queries.fasta
INFO:root:74 residues in this chain.
INFO:root:Finished prediction in 3.63 seconds.
INFO:root:Saving prediction to /tmp/w160/foldability_n1000/baseline/foldability/omegafold_shards/shard_00/pdb/q448.pdb
INFO:root:Saved
INFO:root:Predicting 360th chain in /tmp/w160/foldability_n1000/baseline/foldability/omegafold_shards/shard_00/queries.fasta
INFO:root:74 residues in this chain.
INFO:root:Finished prediction in 4.82 seconds.
INFO:root:Saving prediction to /tmp/w160/foldability_n1000/baseline/foldability/omegafold_shards/shard_00/pdb/q536.pdb
INFO:root:Saved
INFO:root:Predicting 361th chain in /tmp/w160/foldability_n1000/baseline/foldability/omegafold_shards/shard_00/queries.fasta
INFO:root:74 residues in this chain.
INFO:root:Finished prediction in 3.59 seconds.
INFO:root:Saving prediction to /tmp/w160/foldability_n1000/baseline/foldability/omegafold_shards/shard_00/pdb/q624.pdb
INFO:root:Saved
INFO:root:Predicting 362th chain in /tmp/w160/foldability_n1000/baseline/foldability/omegafold_shards/shard_00/queries.fasta
INFO:root:74 residues in this chain.
INFO:root:Finished prediction in 7.11 seconds.
INFO:root:Saving prediction to /tmp/w160/foldability_n1000/baseline/foldability/omegafold_shards/shard_00/pdb/q964.pdb
INFO:root:Saved
INFO:root:Predicting 363th chain in /tmp/w160/foldability_n1000/baseline/foldability/omegafold_shards/shard_00/queries.fasta
INFO:root:75 residues in this chain.
INFO:root:Finished prediction in 4.05 seconds.
INFO:root:Saving prediction to /tmp/w160/foldability_n1000/baseline/foldability/omegafold_shards/shard_00/pdb/q47.pdb
INFO:root:Saved
INFO:root:Predicting 364th chain in /tmp/w160/foldability_n1000/baseline/foldability/omegafold_shards/shard_00/queries.fasta
INFO:root:75 residues in this chain.
INFO:root:Finished prediction in 1.65 seconds.
INFO:root:Saving prediction to /tmp/w160/foldability_n1000/baseline/foldability/omegafold_shards/shard_00/pdb/q456.pdb
INFO:root:Saved
INFO:root:Predicting 365th chain in /tmp/w160/foldability_n1000/baseline/foldability/omegafold_shards/shard_00/queries.fasta
INFO:root:75 residues in this chain.
INFO:root:Finished prediction in 1.65 seconds.
INFO:root:Saving prediction to /tmp/w160/foldability_n1000/baseline/foldability/omegafold_shards/shard_00/pdb/q520.pdb
INFO:root:Saved
INFO:root:Predicting 366th chain in /tmp/w160/foldability_n1000/baseline/foldability/omegafold_shards/shard_00/queries.fasta
INFO:root:75 residues in this chain.
INFO:root:Finished prediction in 1.66 seconds.
INFO:root:Saving prediction to /tmp/w160/foldability_n1000/baseline/foldability/omegafold_shards/shard_00/pdb/q529.pdb
INFO:root:Saved
INFO:root:Predicting 367th chain in /tmp/w160/foldability_n1000/baseline/foldability/omegafold_shards/shard_00/queries.fasta
INFO:root:75 residues in this chain.
INFO:root:Finished prediction in 1.66 seconds.
INFO:root:Saving prediction to /tmp/w160/foldability_n1000/baseline/foldability/omegafold_shards/shard_00/pdb/q638.pdb
INFO:root:Saved
INFO:root:Predicting 368th chain in /tmp/w160/foldability_n1000/baseline/foldability/omegafold_shards/shard_00/queries.fasta
INFO:root:75 residues in this chain.
INFO:root:Finished prediction in 1.66 seconds.
INFO:root:Saving prediction to /tmp/w160/foldability_n1000/baseline/foldability/omegafold_shards/shard_00/pdb/q774.pdb
INFO:root:Saved
INFO:root:Predicting 369th chain in /tmp/w160/foldability_n1000/baseline/foldability/omegafold_shards/shard_00/queries.fasta
INFO:root:75 residues in this chain.
INFO:root:Finished prediction in 1.68 seconds.
INFO:root:Saving prediction to /tmp/w160/foldability_n1000/baseline/foldability/omegafold_shards/shard_00/pdb/q800.pdb
INFO:root:Saved
INFO:root:Predicting 370th chain in /tmp/w160/foldability_n1000/baseline/foldability/omegafold_shards/shard_00/queries.fasta
INFO:root:76 residues in this chain.
INFO:root:Finished prediction in 1.83 seconds.
INFO:root:Saving prediction to /tmp/w160/foldability_n1000/baseline/foldability/omegafold_shards/shard_00/pdb/q42.pdb
INFO:root:Saved
INFO:root:Predicting 371th chain in /tmp/w160/foldability_n1000/baseline/foldability/omegafold_shards/shard_00/queries.fasta
INFO:root:76 residues in this chain.
INFO:root:Finished prediction in 1.63 seconds.
INFO:root:Saving prediction to /tmp/w160/foldability_n1000/baseline/foldability/omegafold_shards/shard_00/pdb/q137.pdb
INFO:root:Saved
INFO:root:Predicting 372th chain in /tmp/w160/foldability_n1000/baseline/foldability/omegafold_shards/shard_00/queries.fasta
INFO:root:76 residues in this chain.
INFO:root:Finished prediction in 1.62 seconds.
INFO:root:Saving prediction to /tmp/w160/foldability_n1000/baseline/foldability/omegafold_shards/shard_00/pdb/q172.pdb
INFO:root:Saved
INFO:root:Predicting 373th chain in /tmp/w160/foldability_n1000/baseline/foldability/omegafold_shards/shard_00/queries.fasta
INFO:root:76 residues in this chain.
INFO:root:Finished prediction in 1.63 seconds.
INFO:root:Saving prediction to /tmp/w160/foldability_n1000/baseline/foldability/omegafold_shards/shard_00/pdb/q179.pdb
INFO:root:Saved
INFO:root:Predicting 374th chain in /tmp/w160/foldability_n1000/baseline/foldability/omegafold_shards/shard_00/queries.fasta
INFO:root:76 residues in this chain.
INFO:root:Finished prediction in 1.65 seconds.
INFO:root:Saving prediction to /tmp/w160/foldability_n1000/baseline/foldability/omegafold_shards/shard_00/pdb/q188.pdb
INFO:root:Saved
INFO:root:Predicting 375th chain in /tmp/w160/foldability_n1000/baseline/foldability/omegafold_shards/shard_00/queries.fasta
INFO:root:76 residues in this chain.
INFO:root:Finished prediction in 1.66 seconds.
INFO:root:Saving prediction to /tmp/w160/foldability_n1000/baseline/foldability/omegafold_shards/shard_00/pdb/q374.pdb
INFO:root:Saved
INFO:root:Predicting 376th chain in /tmp/w160/foldability_n1000/baseline/foldability/omegafold_shards/shard_00/queries.fasta
INFO:root:76 residues in this chain.
INFO:root:Finished prediction in 1.64 seconds.
INFO:root:Saving prediction to /tmp/w160/foldability_n1000/baseline/foldability/omegafold_shards/shard_00/pdb/q444.pdb
INFO:root:Saved
INFO:root:Predicting 377th chain in /tmp/w160/foldability_n1000/baseline/foldability/omegafold_shards/shard_00/queries.fasta
INFO:root:76 residues in this chain.
INFO:root:Finished prediction in 1.65 seconds.
INFO:root:Saving prediction to /tmp/w160/foldability_n1000/baseline/foldability/omegafold_shards/shard_00/pdb/q642.pdb
INFO:root:Saved
INFO:root:Predicting 378th chain in /tmp/w160/foldability_n1000/baseline/foldability/omegafold_shards/shard_00/queries.fasta
INFO:root:76 residues in this chain.
INFO:root:Finished prediction in 1.64 seconds.
INFO:root:Saving prediction to /tmp/w160/foldability_n1000/baseline/foldability/omegafold_shards/shard_00/pdb/q700.pdb
INFO:root:Saved
INFO:root:Predicting 379th chain in /tmp/w160/foldability_n1000/baseline/foldability/omegafold_shards/shard_00/queries.fasta
INFO:root:76 residues in this chain.
INFO:root:Finished prediction in 1.64 seconds.
INFO:root:Saving prediction to /tmp/w160/foldability_n1000/baseline/foldability/omegafold_shards/shard_00/pdb/q726.pdb
INFO:root:Saved
INFO:root:Predicting 380th chain in /tmp/w160/foldability_n1000/baseline/foldability/omegafold_shards/shard_00/queries.fasta
INFO:root:76 residues in this chain.
INFO:root:Finished prediction in 1.64 seconds.
INFO:root:Saving prediction to /tmp/w160/foldability_n1000/baseline/foldability/omegafold_shards/shard_00/pdb/q832.pdb
INFO:root:Saved
INFO:root:Predicting 381th chain in /tmp/w160/foldability_n1000/baseline/foldability/omegafold_shards/shard_00/queries.fasta
INFO:root:77 residues in this chain.
INFO:root:Finished prediction in 1.64 seconds.
INFO:root:Saving prediction to /tmp/w160/foldability_n1000/baseline/foldability/omegafold_shards/shard_00/pdb/q91.pdb
INFO:root:Saved
INFO:root:Predicting 382th chain in /tmp/w160/foldability_n1000/baseline/foldability/omegafold_shards/shard_00/queries.fasta
INFO:root:77 residues in this chain.
INFO:root:Finished prediction in 1.65 seconds.
INFO:root:Saving prediction to /tmp/w160/foldability_n1000/baseline/foldability/omegafold_shards/shard_00/pdb/q122.pdb
INFO:root:Saved
INFO:root:Predicting 383th chain in /tmp/w160/foldability_n1000/baseline/foldability/omegafold_shards/shard_00/queries.fasta
INFO:root:77 residues in this chain.
INFO:root:Finished prediction in 1.65 seconds.
INFO:root:Saving prediction to /tmp/w160/foldability_n1000/baseline/foldability/omegafold_shards/shard_00/pdb/q139.pdb
INFO:root:Saved
INFO:root:Predicting 384th chain in /tmp/w160/foldability_n1000/baseline/foldability/omegafold_shards/shard_00/queries.fasta
INFO:root:77 residues in this chain.
INFO:root:Finished prediction in 1.65 seconds.
INFO:root:Saving prediction to /tmp/w160/foldability_n1000/baseline/foldability/omegafold_shards/shard_00/pdb/q367.pdb
INFO:root:Saved
INFO:root:Predicting 385th chain in /tmp/w160/foldability_n1000/baseline/foldability/omegafold_shards/shard_00/queries.fasta
INFO:root:77 residues in this chain.
INFO:root:Finished prediction in 1.66 seconds.
INFO:root:Saving prediction to /tmp/w160/foldability_n1000/baseline/foldability/omegafold_shards/shard_00/pdb/q406.pdb
INFO:root:Saved
INFO:root:Predicting 386th chain in /tmp/w160/foldability_n1000/baseline/foldability/omegafold_shards/shard_00/queries.fasta
INFO:root:77 residues in this chain.
INFO:root:Finished prediction in 1.64 seconds.
INFO:root:Saving prediction to /tmp/w160/foldability_n1000/baseline/foldability/omegafold_shards/shard_00/pdb/q498.pdb
INFO:root:Saved
INFO:root:Predicting 387th chain in /tmp/w160/foldability_n1000/baseline/foldability/omegafold_shards/shard_00/queries.fasta
INFO:root:77 residues in this chain.
INFO:root:Finished prediction in 1.64 seconds.
INFO:root:Saving prediction to /tmp/w160/foldability_n1000/baseline/foldability/omegafold_shards/shard_00/pdb/q790.pdb
INFO:root:Saved
INFO:root:Predicting 388th chain in /tmp/w160/foldability_n1000/baseline/foldability/omegafold_shards/shard_00/queries.fasta
INFO:root:77 residues in this chain.
INFO:root:Finished prediction in 1.65 seconds.
INFO:root:Saving prediction to /tmp/w160/foldability_n1000/baseline/foldability/omegafold_shards/shard_00/pdb/q864.pdb
INFO:root:Saved
INFO:root:Predicting 389th chain in /tmp/w160/foldability_n1000/baseline/foldability/omegafold_shards/shard_00/queries.fasta
INFO:root:77 residues in this chain.
INFO:root:Finished prediction in 1.64 seconds.
INFO:root:Saving prediction to /tmp/w160/foldability_n1000/baseline/foldability/omegafold_shards/shard_00/pdb/q903.pdb
INFO:root:Saved
INFO:root:Predicting 390th chain in /tmp/w160/foldability_n1000/baseline/foldability/omegafold_shards/shard_00/queries.fasta
INFO:root:78 residues in this chain.
INFO:root:Finished prediction in 1.64 seconds.
INFO:root:Saving prediction to /tmp/w160/foldability_n1000/baseline/foldability/omegafold_shards/shard_00/pdb/q80.pdb
INFO:root:Saved
INFO:root:Predicting 391th chain in /tmp/w160/foldability_n1000/baseline/foldability/omegafold_shards/shard_00/queries.fasta
INFO:root:78 residues in this chain.
INFO:root:Finished prediction in 1.64 seconds.
INFO:root:Saving prediction to /tmp/w160/foldability_n1000/baseline/foldability/omegafold_shards/shard_00/pdb/q87.pdb
INFO:root:Saved
INFO:root:Predicting 392th chain in /tmp/w160/foldability_n1000/baseline/foldability/omegafold_shards/shard_00/queries.fasta
INFO:root:78 residues in this chain.
INFO:root:Finished prediction in 1.66 seconds.
INFO:root:Saving prediction to /tmp/w160/foldability_n1000/baseline/foldability/omegafold_shards/shard_00/pdb/q180.pdb
INFO:root:Saved
INFO:root:Predicting 393th chain in /tmp/w160/foldability_n1000/baseline/foldability/omegafold_shards/shard_00/queries.fasta
INFO:root:78 residues in this chain.
INFO:root:Finished prediction in 1.66 seconds.
INFO:root:Saving prediction to /tmp/w160/foldability_n1000/baseline/foldability/omegafold_shards/shard_00/pdb/q212.pdb
INFO:root:Saved
INFO:root:Predicting 394th chain in /tmp/w160/foldability_n1000/baseline/foldability/omegafold_shards/shard_00/queries.fasta
INFO:root:78 residues in this chain.
INFO:root:Finished prediction in 1.66 seconds.
INFO:root:Saving prediction to /tmp/w160/foldability_n1000/baseline/foldability/omegafold_shards/shard_00/pdb/q263.pdb
INFO:root:Saved
INFO:root:Predicting 395th chain in /tmp/w160/foldability_n1000/baseline/foldability/omegafold_shards/shard_00/queries.fasta
INFO:root:78 residues in this chain.
INFO:root:Finished prediction in 1.66 seconds.
INFO:root:Saving prediction to /tmp/w160/foldability_n1000/baseline/foldability/omegafold_shards/shard_00/pdb/q366.pdb
INFO:root:Saved
INFO:root:Predicting 396th chain in /tmp/w160/foldability_n1000/baseline/foldability/omegafold_shards/shard_00/queries.fasta
INFO:root:78 residues in this chain.
INFO:root:Finished prediction in 1.66 seconds.
INFO:root:Saving prediction to /tmp/w160/foldability_n1000/baseline/foldability/omegafold_shards/shard_00/pdb/q620.pdb
INFO:root:Saved
INFO:root:Predicting 397th chain in /tmp/w160/foldability_n1000/baseline/foldability/omegafold_shards/shard_00/queries.fasta
INFO:root:78 residues in this chain.
INFO:root:Finished prediction in 1.66 seconds.
INFO:root:Saving prediction to /tmp/w160/foldability_n1000/baseline/foldability/omegafold_shards/shard_00/pdb/q986.pdb
INFO:root:Saved
INFO:root:Predicting 398th chain in /tmp/w160/foldability_n1000/baseline/foldability/omegafold_shards/shard_00/queries.fasta
INFO:root:79 residues in this chain.
INFO:root:Finished prediction in 1.66 seconds.
INFO:root:Saving prediction to /tmp/w160/foldability_n1000/baseline/foldability/omegafold_shards/shard_00/pdb/q15.pdb
INFO:root:Saved
INFO:root:Predicting 399th chain in /tmp/w160/foldability_n1000/baseline/foldability/omegafold_shards/shard_00/queries.fasta
INFO:root:79 residues in this chain.
INFO:root:Finished prediction in 1.64 seconds.
INFO:root:Saving prediction to /tmp/w160/foldability_n1000/baseline/foldability/omegafold_shards/shard_00/pdb/q37.pdb
INFO:root:Saved
INFO:root:Predicting 400th chain in /tmp/w160/foldability_n1000/baseline/foldability/omegafold_shards/shard_00/queries.fasta
INFO:root:79 residues in this chain.
INFO:root:Finished prediction in 1.64 seconds.
INFO:root:Saving prediction to /tmp/w160/foldability_n1000/baseline/foldability/omegafold_shards/shard_00/pdb/q106.pdb
INFO:root:Saved
INFO:root:Predicting 401th chain in /tmp/w160/foldability_n1000/baseline/foldability/omegafold_shards/shard_00/queries.fasta
INFO:root:79 residues in this chain.
INFO:root:Finished prediction in 1.65 seconds.
INFO:root:Saving prediction to /tmp/w160/foldability_n1000/baseline/foldability/omegafold_shards/shard_00/pdb/q125.pdb
INFO:root:Saved
INFO:root:Predicting 402th chain in /tmp/w160/foldability_n1000/baseline/foldability/omegafold_shards/shard_00/queries.fasta
INFO:root:79 residues in this chain.
INFO:root:Finished prediction in 1.65 seconds.
INFO:root:Saving prediction to /tmp/w160/foldability_n1000/baseline/foldability/omegafold_shards/shard_00/pdb/q129.pdb
INFO:root:Saved
INFO:root:Predicting 403th chain in /tmp/w160/foldability_n1000/baseline/foldability/omegafold_shards/shard_00/queries.fasta
INFO:root:79 residues in this chain.
INFO:root:Finished prediction in 1.65 seconds.
INFO:root:Saving prediction to /tmp/w160/foldability_n1000/baseline/foldability/omegafold_shards/shard_00/pdb/q274.pdb
INFO:root:Saved
INFO:root:Predicting 404th chain in /tmp/w160/foldability_n1000/baseline/foldability/omegafold_shards/shard_00/queries.fasta
INFO:root:79 residues in this chain.
INFO:root:Finished prediction in 1.65 seconds.
INFO:root:Saving prediction to /tmp/w160/foldability_n1000/baseline/foldability/omegafold_shards/shard_00/pdb/q287.pdb
INFO:root:Saved
INFO:root:Predicting 405th chain in /tmp/w160/foldability_n1000/baseline/foldability/omegafold_shards/shard_00/queries.fasta
INFO:root:79 residues in this chain.
INFO:root:Finished prediction in 1.65 seconds.
INFO:root:Saving prediction to /tmp/w160/foldability_n1000/baseline/foldability/omegafold_shards/shard_00/pdb/q338.pdb
INFO:root:Saved
INFO:root:Predicting 406th chain in /tmp/w160/foldability_n1000/baseline/foldability/omegafold_shards/shard_00/queries.fasta
INFO:root:79 residues in this chain.
INFO:root:Finished prediction in 1.65 seconds.
INFO:root:Saving prediction to /tmp/w160/foldability_n1000/baseline/foldability/omegafold_shards/shard_00/pdb/q347.pdb
INFO:root:Saved
INFO:root:Predicting 407th chain in /tmp/w160/foldability_n1000/baseline/foldability/omegafold_shards/shard_00/queries.fasta
INFO:root:79 residues in this chain.
INFO:root:Finished prediction in 1.67 seconds.
INFO:root:Saving prediction to /tmp/w160/foldability_n1000/baseline/foldability/omegafold_shards/shard_00/pdb/q618.pdb
INFO:root:Saved
INFO:root:Predicting 408th chain in /tmp/w160/foldability_n1000/baseline/foldability/omegafold_shards/shard_00/queries.fasta
INFO:root:79 residues in this chain.
INFO:root:Finished prediction in 1.65 seconds.
INFO:root:Saving prediction to /tmp/w160/foldability_n1000/baseline/foldability/omegafold_shards/shard_00/pdb/q750.pdb
INFO:root:Saved
INFO:root:Predicting 409th chain in /tmp/w160/foldability_n1000/baseline/foldability/omegafold_shards/shard_00/queries.fasta
INFO:root:79 residues in this chain.
INFO:root:Finished prediction in 1.65 seconds.
INFO:root:Saving prediction to /tmp/w160/foldability_n1000/baseline/foldability/omegafold_shards/shard_00/pdb/q784.pdb
INFO:root:Saved
INFO:root:Predicting 410th chain in /tmp/w160/foldability_n1000/baseline/foldability/omegafold_shards/shard_00/queries.fasta
INFO:root:79 residues in this chain.
INFO:root:Finished prediction in 1.66 seconds.
INFO:root:Saving prediction to /tmp/w160/foldability_n1000/baseline/foldability/omegafold_shards/shard_00/pdb/q929.pdb
INFO:root:Saved
INFO:root:Predicting 411th chain in /tmp/w160/foldability_n1000/baseline/foldability/omegafold_shards/shard_00/queries.fasta
INFO:root:79 residues in this chain.
INFO:root:Finished prediction in 1.67 seconds.
INFO:root:Saving prediction to /tmp/w160/foldability_n1000/baseline/foldability/omegafold_shards/shard_00/pdb/q943.pdb
INFO:root:Saved
INFO:root:Predicting 412th chain in /tmp/w160/foldability_n1000/baseline/foldability/omegafold_shards/shard_00/queries.fasta
INFO:root:79 residues in this chain.
INFO:root:Finished prediction in 1.67 seconds.
INFO:root:Saving prediction to /tmp/w160/foldability_n1000/baseline/foldability/omegafold_shards/shard_00/pdb/q990.pdb
INFO:root:Saved
INFO:root:Predicting 413th chain in /tmp/w160/foldability_n1000/baseline/foldability/omegafold_shards/shard_00/queries.fasta
INFO:root:80 residues in this chain.
INFO:root:Finished prediction in 1.66 seconds.
INFO:root:Saving prediction to /tmp/w160/foldability_n1000/baseline/foldability/omegafold_shards/shard_00/pdb/q13.pdb
INFO:root:Saved
INFO:root:Predicting 414th chain in /tmp/w160/foldability_n1000/baseline/foldability/omegafold_shards/shard_00/queries.fasta
INFO:root:80 residues in this chain.
INFO:root:Finished prediction in 1.65 seconds.
INFO:root:Saving prediction to /tmp/w160/foldability_n1000/baseline/foldability/omegafold_shards/shard_00/pdb/q34.pdb
INFO:root:Saved
INFO:root:Predicting 415th chain in /tmp/w160/foldability_n1000/baseline/foldability/omegafold_shards/shard_00/queries.fasta
INFO:root:80 residues in this chain.
INFO:root:Finished prediction in 1.66 seconds.
INFO:root:Saving prediction to /tmp/w160/foldability_n1000/baseline/foldability/omegafold_shards/shard_00/pdb/q239.pdb
INFO:root:Saved
INFO:root:Predicting 416th chain in /tmp/w160/foldability_n1000/baseline/foldability/omegafold_shards/shard_00/queries.fasta
INFO:root:80 residues in this chain.
INFO:root:Finished prediction in 1.65 seconds.
INFO:root:Saving prediction to /tmp/w160/foldability_n1000/baseline/foldability/omegafold_shards/shard_00/pdb/q260.pdb
INFO:root:Saved
INFO:root:Predicting 417th chain in /tmp/w160/foldability_n1000/baseline/foldability/omegafold_shards/shard_00/queries.fasta
INFO:root:80 residues in this chain.
INFO:root:Finished prediction in 1.66 seconds.
INFO:root:Saving prediction to /tmp/w160/foldability_n1000/baseline/foldability/omegafold_shards/shard_00/pdb/q289.pdb
INFO:root:Saved
INFO:root:Predicting 418th chain in /tmp/w160/foldability_n1000/baseline/foldability/omegafold_shards/shard_00/queries.fasta
INFO:root:80 residues in this chain.
INFO:root:Finished prediction in 1.65 seconds.
INFO:root:Saving prediction to /tmp/w160/foldability_n1000/baseline/foldability/omegafold_shards/shard_00/pdb/q397.pdb
INFO:root:Saved
INFO:root:Predicting 419th chain in /tmp/w160/foldability_n1000/baseline/foldability/omegafold_shards/shard_00/queries.fasta
INFO:root:80 residues in this chain.
INFO:root:Finished prediction in 1.64 seconds.
INFO:root:Saving prediction to /tmp/w160/foldability_n1000/baseline/foldability/omegafold_shards/shard_00/pdb/q507.pdb
INFO:root:Saved
INFO:root:Predicting 420th chain in /tmp/w160/foldability_n1000/baseline/foldability/omegafold_shards/shard_00/queries.fasta
INFO:root:80 residues in this chain.
INFO:root:Finished prediction in 1.65 seconds.
INFO:root:Saving prediction to /tmp/w160/foldability_n1000/baseline/foldability/omegafold_shards/shard_00/pdb/q641.pdb
INFO:root:Saved
INFO:root:Predicting 421th chain in /tmp/w160/foldability_n1000/baseline/foldability/omegafold_shards/shard_00/queries.fasta
INFO:root:80 residues in this chain.
INFO:root:Finished prediction in 1.65 seconds.
INFO:root:Saving prediction to /tmp/w160/foldability_n1000/baseline/foldability/omegafold_shards/shard_00/pdb/q767.pdb
INFO:root:Saved
INFO:root:Predicting 422th chain in /tmp/w160/foldability_n1000/baseline/foldability/omegafold_shards/shard_00/queries.fasta
INFO:root:80 residues in this chain.
INFO:root:Finished prediction in 1.64 seconds.
INFO:root:Saving prediction to /tmp/w160/foldability_n1000/baseline/foldability/omegafold_shards/shard_00/pdb/q878.pdb
INFO:root:Saved
INFO:root:Predicting 423th chain in /tmp/w160/foldability_n1000/baseline/foldability/omegafold_shards/shard_00/queries.fasta
INFO:root:80 residues in this chain.
INFO:root:Finished prediction in 1.65 seconds.
INFO:root:Saving prediction to /tmp/w160/foldability_n1000/baseline/foldability/omegafold_shards/shard_00/pdb/q982.pdb
INFO:root:Saved
INFO:root:Predicting 424th chain in /tmp/w160/foldability_n1000/baseline/foldability/omegafold_shards/shard_00/queries.fasta
INFO:root:80 residues in this chain.
INFO:root:Finished prediction in 1.65 seconds.
INFO:root:Saving prediction to /tmp/w160/foldability_n1000/baseline/foldability/omegafold_shards/shard_00/pdb/q998.pdb
INFO:root:Saved
INFO:root:Predicting 425th chain in /tmp/w160/foldability_n1000/baseline/foldability/omegafold_shards/shard_00/queries.fasta
INFO:root:81 residues in this chain.
INFO:root:Finished prediction in 1.66 seconds.
INFO:root:Saving prediction to /tmp/w160/foldability_n1000/baseline/foldability/omegafold_shards/shard_00/pdb/q71.pdb
INFO:root:Saved
INFO:root:Predicting 426th chain in /tmp/w160/foldability_n1000/baseline/foldability/omegafold_shards/shard_00/queries.fasta
INFO:root:81 residues in this chain.
INFO:root:Finished prediction in 1.65 seconds.
INFO:root:Saving prediction to /tmp/w160/foldability_n1000/baseline/foldability/omegafold_shards/shard_00/pdb/q214.pdb
INFO:root:Saved
INFO:root:Predicting 427th chain in /tmp/w160/foldability_n1000/baseline/foldability/omegafold_shards/shard_00/queries.fasta
INFO:root:81 residues in this chain.
INFO:root:Finished prediction in 1.65 seconds.
INFO:root:Saving prediction to /tmp/w160/foldability_n1000/baseline/foldability/omegafold_shards/shard_00/pdb/q330.pdb
INFO:root:Saved
INFO:root:Predicting 428th chain in /tmp/w160/foldability_n1000/baseline/foldability/omegafold_shards/shard_00/queries.fasta
INFO:root:81 residues in this chain.
INFO:root:Finished prediction in 1.65 seconds.
INFO:root:Saving prediction to /tmp/w160/foldability_n1000/baseline/foldability/omegafold_shards/shard_00/pdb/q629.pdb
INFO:root:Saved
INFO:root:Predicting 429th chain in /tmp/w160/foldability_n1000/baseline/foldability/omegafold_shards/shard_00/queries.fasta
INFO:root:81 residues in this chain.
INFO:root:Finished prediction in 1.65 seconds.
INFO:root:Saving prediction to /tmp/w160/foldability_n1000/baseline/foldability/omegafold_shards/shard_00/pdb/q699.pdb
INFO:root:Saved
INFO:root:Predicting 430th chain in /tmp/w160/foldability_n1000/baseline/foldability/omegafold_shards/shard_00/queries.fasta
INFO:root:81 residues in this chain.
INFO:root:Finished prediction in 1.66 seconds.
INFO:root:Saving prediction to /tmp/w160/foldability_n1000/baseline/foldability/omegafold_shards/shard_00/pdb/q987.pdb
INFO:root:Saved
INFO:root:Predicting 431th chain in /tmp/w160/foldability_n1000/baseline/foldability/omegafold_shards/shard_00/queries.fasta
INFO:root:82 residues in this chain.
INFO:root:Finished prediction in 1.66 seconds.
INFO:root:Saving prediction to /tmp/w160/foldability_n1000/baseline/foldability/omegafold_shards/shard_00/pdb/q114.pdb
INFO:root:Saved
INFO:root:Predicting 432th chain in /tmp/w160/foldability_n1000/baseline/foldability/omegafold_shards/shard_00/queries.fasta
INFO:root:82 residues in this chain.
INFO:root:Finished prediction in 1.66 seconds.
INFO:root:Saving prediction to /tmp/w160/foldability_n1000/baseline/foldability/omegafold_shards/shard_00/pdb/q697.pdb
INFO:root:Saved
INFO:root:Predicting 433th chain in /tmp/w160/foldability_n1000/baseline/foldability/omegafold_shards/shard_00/queries.fasta
INFO:root:82 residues in this chain.
INFO:root:Finished prediction in 1.65 seconds.
INFO:root:Saving prediction to /tmp/w160/foldability_n1000/baseline/foldability/omegafold_shards/shard_00/pdb/q868.pdb
INFO:root:Saved
INFO:root:Predicting 434th chain in /tmp/w160/foldability_n1000/baseline/foldability/omegafold_shards/shard_00/queries.fasta
INFO:root:83 residues in this chain.
INFO:root:Finished prediction in 1.66 seconds.
INFO:root:Saving prediction to /tmp/w160/foldability_n1000/baseline/foldability/omegafold_shards/shard_00/pdb/q72.pdb
INFO:root:Saved
INFO:root:Predicting 435th chain in /tmp/w160/foldability_n1000/baseline/foldability/omegafold_shards/shard_00/queries.fasta
INFO:root:83 residues in this chain.
INFO:root:Finished prediction in 1.66 seconds.
INFO:root:Saving prediction to /tmp/w160/foldability_n1000/baseline/foldability/omegafold_shards/shard_00/pdb/q267.pdb
INFO:root:Saved
INFO:root:Predicting 436th chain in /tmp/w160/foldability_n1000/baseline/foldability/omegafold_shards/shard_00/queries.fasta
INFO:root:83 residues in this chain.
INFO:root:Finished prediction in 1.66 seconds.
INFO:root:Saving prediction to /tmp/w160/foldability_n1000/baseline/foldability/omegafold_shards/shard_00/pdb/q291.pdb
INFO:root:Saved
INFO:root:Predicting 437th chain in /tmp/w160/foldability_n1000/baseline/foldability/omegafold_shards/shard_00/queries.fasta
INFO:root:83 residues in this chain.
INFO:root:Finished prediction in 1.65 seconds.
INFO:root:Saving prediction to /tmp/w160/foldability_n1000/baseline/foldability/omegafold_shards/shard_00/pdb/q320.pdb
INFO:root:Saved
INFO:root:Predicting 438th chain in /tmp/w160/foldability_n1000/baseline/foldability/omegafold_shards/shard_00/queries.fasta
INFO:root:83 residues in this chain.
INFO:root:Finished prediction in 1.65 seconds.
INFO:root:Saving prediction to /tmp/w160/foldability_n1000/baseline/foldability/omegafold_shards/shard_00/pdb/q489.pdb
INFO:root:Saved
INFO:root:Predicting 439th chain in /tmp/w160/foldability_n1000/baseline/foldability/omegafold_shards/shard_00/queries.fasta
INFO:root:83 residues in this chain.
INFO:root:Finished prediction in 1.66 seconds.
INFO:root:Saving prediction to /tmp/w160/foldability_n1000/baseline/foldability/omegafold_shards/shard_00/pdb/q528.pdb
INFO:root:Saved
INFO:root:Predicting 440th chain in /tmp/w160/foldability_n1000/baseline/foldability/omegafold_shards/shard_00/queries.fasta
INFO:root:83 residues in this chain.
INFO:root:Finished prediction in 1.67 seconds.
INFO:root:Saving prediction to /tmp/w160/foldability_n1000/baseline/foldability/omegafold_shards/shard_00/pdb/q765.pdb
INFO:root:Saved
INFO:root:Predicting 441th chain in /tmp/w160/foldability_n1000/baseline/foldability/omegafold_shards/shard_00/queries.fasta
INFO:root:83 residues in this chain.
INFO:root:Finished prediction in 1.66 seconds.
INFO:root:Saving prediction to /tmp/w160/foldability_n1000/baseline/foldability/omegafold_shards/shard_00/pdb/q844.pdb
INFO:root:Saved
INFO:root:Predicting 442th chain in /tmp/w160/foldability_n1000/baseline/foldability/omegafold_shards/shard_00/queries.fasta
INFO:root:83 residues in this chain.
INFO:root:Finished prediction in 1.66 seconds.
INFO:root:Saving prediction to /tmp/w160/foldability_n1000/baseline/foldability/omegafold_shards/shard_00/pdb/q891.pdb
INFO:root:Saved
INFO:root:Predicting 443th chain in /tmp/w160/foldability_n1000/baseline/foldability/omegafold_shards/shard_00/queries.fasta
INFO:root:84 residues in this chain.
INFO:root:Finished prediction in 1.64 seconds.
INFO:root:Saving prediction to /tmp/w160/foldability_n1000/baseline/foldability/omegafold_shards/shard_00/pdb/q12.pdb
INFO:root:Saved
INFO:root:Predicting 444th chain in /tmp/w160/foldability_n1000/baseline/foldability/omegafold_shards/shard_00/queries.fasta
INFO:root:84 residues in this chain.
INFO:root:Finished prediction in 1.64 seconds.
INFO:root:Saving prediction to /tmp/w160/foldability_n1000/baseline/foldability/omegafold_shards/shard_00/pdb/q61.pdb
INFO:root:Saved
INFO:root:Predicting 445th chain in /tmp/w160/foldability_n1000/baseline/foldability/omegafold_shards/shard_00/queries.fasta
INFO:root:84 residues in this chain.
INFO:root:Finished prediction in 1.65 seconds.
INFO:root:Saving prediction to /tmp/w160/foldability_n1000/baseline/foldability/omegafold_shards/shard_00/pdb/q110.pdb
INFO:root:Saved
INFO:root:Predicting 446th chain in /tmp/w160/foldability_n1000/baseline/foldability/omegafold_shards/shard_00/queries.fasta
INFO:root:84 residues in this chain.
INFO:root:Finished prediction in 1.65 seconds.
INFO:root:Saving prediction to /tmp/w160/foldability_n1000/baseline/foldability/omegafold_shards/shard_00/pdb/q474.pdb
INFO:root:Saved
INFO:root:Predicting 447th chain in /tmp/w160/foldability_n1000/baseline/foldability/omegafold_shards/shard_00/queries.fasta
INFO:root:84 residues in this chain.
INFO:root:Finished prediction in 1.64 seconds.
INFO:root:Saving prediction to /tmp/w160/foldability_n1000/baseline/foldability/omegafold_shards/shard_00/pdb/q532.pdb
INFO:root:Saved
INFO:root:Predicting 448th chain in /tmp/w160/foldability_n1000/baseline/foldability/omegafold_shards/shard_00/queries.fasta
INFO:root:84 residues in this chain.
INFO:root:Finished prediction in 1.64 seconds.
INFO:root:Saving prediction to /tmp/w160/foldability_n1000/baseline/foldability/omegafold_shards/shard_00/pdb/q768.pdb
INFO:root:Saved
INFO:root:Predicting 449th chain in /tmp/w160/foldability_n1000/baseline/foldability/omegafold_shards/shard_00/queries.fasta
INFO:root:85 residues in this chain.
INFO:root:Finished prediction in 1.66 seconds.
INFO:root:Saving prediction to /tmp/w160/foldability_n1000/baseline/foldability/omegafold_shards/shard_00/pdb/q67.pdb
INFO:root:Saved
INFO:root:Predicting 450th chain in /tmp/w160/foldability_n1000/baseline/foldability/omegafold_shards/shard_00/queries.fasta
INFO:root:85 residues in this chain.
INFO:root:Finished prediction in 1.66 seconds.
INFO:root:Saving prediction to /tmp/w160/foldability_n1000/baseline/foldability/omegafold_shards/shard_00/pdb/q181.pdb
INFO:root:Saved
INFO:root:Predicting 451th chain in /tmp/w160/foldability_n1000/baseline/foldability/omegafold_shards/shard_00/queries.fasta
INFO:root:85 residues in this chain.
INFO:root:Finished prediction in 1.66 seconds.
INFO:root:Saving prediction to /tmp/w160/foldability_n1000/baseline/foldability/omegafold_shards/shard_00/pdb/q231.pdb
INFO:root:Saved
INFO:root:Predicting 452th chain in /tmp/w160/foldability_n1000/baseline/foldability/omegafold_shards/shard_00/queries.fasta
INFO:root:85 residues in this chain.
INFO:root:Finished prediction in 1.65 seconds.
INFO:root:Saving prediction to /tmp/w160/foldability_n1000/baseline/foldability/omegafold_shards/shard_00/pdb/q488.pdb
INFO:root:Saved
INFO:root:Predicting 453th chain in /tmp/w160/foldability_n1000/baseline/foldability/omegafold_shards/shard_00/queries.fasta
INFO:root:85 residues in this chain.
INFO:root:Finished prediction in 1.66 seconds.
INFO:root:Saving prediction to /tmp/w160/foldability_n1000/baseline/foldability/omegafold_shards/shard_00/pdb/q522.pdb
INFO:root:Saved
INFO:root:Predicting 454th chain in /tmp/w160/foldability_n1000/baseline/foldability/omegafold_shards/shard_00/queries.fasta
INFO:root:85 residues in this chain.
INFO:root:Finished prediction in 1.67 seconds.
INFO:root:Saving prediction to /tmp/w160/foldability_n1000/baseline/foldability/omegafold_shards/shard_00/pdb/q534.pdb
INFO:root:Saved
INFO:root:Predicting 455th chain in /tmp/w160/foldability_n1000/baseline/foldability/omegafold_shards/shard_00/queries.fasta
INFO:root:85 residues in this chain.
INFO:root:Finished prediction in 1.66 seconds.
INFO:root:Saving prediction to /tmp/w160/foldability_n1000/baseline/foldability/omegafold_shards/shard_00/pdb/q544.pdb
INFO:root:Saved
INFO:root:Predicting 456th chain in /tmp/w160/foldability_n1000/baseline/foldability/omegafold_shards/shard_00/queries.fasta
INFO:root:85 residues in this chain.
INFO:root:Finished prediction in 1.66 seconds.
INFO:root:Saving prediction to /tmp/w160/foldability_n1000/baseline/foldability/omegafold_shards/shard_00/pdb/q571.pdb
INFO:root:Saved
INFO:root:Predicting 457th chain in /tmp/w160/foldability_n1000/baseline/foldability/omegafold_shards/shard_00/queries.fasta
INFO:root:85 residues in this chain.
INFO:root:Finished prediction in 1.66 seconds.
INFO:root:Saving prediction to /tmp/w160/foldability_n1000/baseline/foldability/omegafold_shards/shard_00/pdb/q634.pdb
INFO:root:Saved
INFO:root:Predicting 458th chain in /tmp/w160/foldability_n1000/baseline/foldability/omegafold_shards/shard_00/queries.fasta
INFO:root:85 residues in this chain.
INFO:root:Finished prediction in 1.66 seconds.
INFO:root:Saving prediction to /tmp/w160/foldability_n1000/baseline/foldability/omegafold_shards/shard_00/pdb/q636.pdb
INFO:root:Saved
INFO:root:Predicting 459th chain in /tmp/w160/foldability_n1000/baseline/foldability/omegafold_shards/shard_00/queries.fasta
INFO:root:85 residues in this chain.
INFO:root:Finished prediction in 1.67 seconds.
INFO:root:Saving prediction to /tmp/w160/foldability_n1000/baseline/foldability/omegafold_shards/shard_00/pdb/q815.pdb
INFO:root:Saved
INFO:root:Predicting 460th chain in /tmp/w160/foldability_n1000/baseline/foldability/omegafold_shards/shard_00/queries.fasta
INFO:root:85 residues in this chain.
INFO:root:Finished prediction in 1.66 seconds.
INFO:root:Saving prediction to /tmp/w160/foldability_n1000/baseline/foldability/omegafold_shards/shard_00/pdb/q822.pdb
INFO:root:Saved
INFO:root:Predicting 461th chain in /tmp/w160/foldability_n1000/baseline/foldability/omegafold_shards/shard_00/queries.fasta
INFO:root:85 residues in this chain.
INFO:root:Finished prediction in 1.66 seconds.
INFO:root:Saving prediction to /tmp/w160/foldability_n1000/baseline/foldability/omegafold_shards/shard_00/pdb/q826.pdb
INFO:root:Saved
INFO:root:Predicting 462th chain in /tmp/w160/foldability_n1000/baseline/foldability/omegafold_shards/shard_00/queries.fasta
INFO:root:85 residues in this chain.
INFO:root:Finished prediction in 1.67 seconds.
INFO:root:Saving prediction to /tmp/w160/foldability_n1000/baseline/foldability/omegafold_shards/shard_00/pdb/q876.pdb
INFO:root:Saved
INFO:root:Predicting 463th chain in /tmp/w160/foldability_n1000/baseline/foldability/omegafold_shards/shard_00/queries.fasta
INFO:root:85 residues in this chain.
INFO:root:Finished prediction in 1.67 seconds.
INFO:root:Saving prediction to /tmp/w160/foldability_n1000/baseline/foldability/omegafold_shards/shard_00/pdb/q915.pdb
INFO:root:Saved
INFO:root:Predicting 464th chain in /tmp/w160/foldability_n1000/baseline/foldability/omegafold_shards/shard_00/queries.fasta
INFO:root:85 residues in this chain.
INFO:root:Finished prediction in 1.66 seconds.
INFO:root:Saving prediction to /tmp/w160/foldability_n1000/baseline/foldability/omegafold_shards/shard_00/pdb/q925.pdb
INFO:root:Saved
INFO:root:Predicting 465th chain in /tmp/w160/foldability_n1000/baseline/foldability/omegafold_shards/shard_00/queries.fasta
INFO:root:85 residues in this chain.
INFO:root:Finished prediction in 1.67 seconds.
INFO:root:Saving prediction to /tmp/w160/foldability_n1000/baseline/foldability/omegafold_shards/shard_00/pdb/q940.pdb
INFO:root:Saved
INFO:root:Predicting 466th chain in /tmp/w160/foldability_n1000/baseline/foldability/omegafold_shards/shard_00/queries.fasta
INFO:root:85 residues in this chain.
INFO:root:Finished prediction in 1.66 seconds.
INFO:root:Saving prediction to /tmp/w160/foldability_n1000/baseline/foldability/omegafold_shards/shard_00/pdb/q959.pdb
INFO:root:Saved
INFO:root:Predicting 467th chain in /tmp/w160/foldability_n1000/baseline/foldability/omegafold_shards/shard_00/queries.fasta
INFO:root:85 residues in this chain.
INFO:root:Finished prediction in 1.67 seconds.
INFO:root:Saving prediction to /tmp/w160/foldability_n1000/baseline/foldability/omegafold_shards/shard_00/pdb/q971.pdb
INFO:root:Saved
INFO:root:Predicting 468th chain in /tmp/w160/foldability_n1000/baseline/foldability/omegafold_shards/shard_00/queries.fasta
INFO:root:86 residues in this chain.
INFO:root:Finished prediction in 1.66 seconds.
INFO:root:Saving prediction to /tmp/w160/foldability_n1000/baseline/foldability/omegafold_shards/shard_00/pdb/q118.pdb
INFO:root:Saved
INFO:root:Predicting 469th chain in /tmp/w160/foldability_n1000/baseline/foldability/omegafold_shards/shard_00/queries.fasta
INFO:root:86 residues in this chain.
INFO:root:Finished prediction in 1.73 seconds.
INFO:root:Saving prediction to /tmp/w160/foldability_n1000/baseline/foldability/omegafold_shards/shard_00/pdb/q310.pdb
INFO:root:Saved
INFO:root:Predicting 470th chain in /tmp/w160/foldability_n1000/baseline/foldability/omegafold_shards/shard_00/queries.fasta
INFO:root:86 residues in this chain.
INFO:root:Finished prediction in 1.67 seconds.
INFO:root:Saving prediction to /tmp/w160/foldability_n1000/baseline/foldability/omegafold_shards/shard_00/pdb/q580.pdb
INFO:root:Saved
INFO:root:Predicting 471th chain in /tmp/w160/foldability_n1000/baseline/foldability/omegafold_shards/shard_00/queries.fasta
INFO:root:86 residues in this chain.
INFO:root:Finished prediction in 1.66 seconds.
INFO:root:Saving prediction to /tmp/w160/foldability_n1000/baseline/foldability/omegafold_shards/shard_00/pdb/q702.pdb
INFO:root:Saved
INFO:root:Predicting 472th chain in /tmp/w160/foldability_n1000/baseline/foldability/omegafold_shards/shard_00/queries.fasta
INFO:root:86 residues in this chain.
INFO:root:Finished prediction in 1.66 seconds.
INFO:root:Saving prediction to /tmp/w160/foldability_n1000/baseline/foldability/omegafold_shards/shard_00/pdb/q804.pdb
INFO:root:Saved
INFO:root:Predicting 473th chain in /tmp/w160/foldability_n1000/baseline/foldability/omegafold_shards/shard_00/queries.fasta
INFO:root:86 residues in this chain.
INFO:root:Finished prediction in 1.83 seconds.
INFO:root:Saving prediction to /tmp/w160/foldability_n1000/baseline/foldability/omegafold_shards/shard_00/pdb/q913.pdb
INFO:root:Saved
INFO:root:Predicting 474th chain in /tmp/w160/foldability_n1000/baseline/foldability/omegafold_shards/shard_00/queries.fasta
INFO:root:86 residues in this chain.
INFO:root:Finished prediction in 1.72 seconds.
INFO:root:Saving prediction to /tmp/w160/foldability_n1000/baseline/foldability/omegafold_shards/shard_00/pdb/q958.pdb
INFO:root:Saved
INFO:root:Predicting 475th chain in /tmp/w160/foldability_n1000/baseline/foldability/omegafold_shards/shard_00/queries.fasta
INFO:root:87 residues in this chain.
INFO:root:Finished prediction in 1.66 seconds.
INFO:root:Saving prediction to /tmp/w160/foldability_n1000/baseline/foldability/omegafold_shards/shard_00/pdb/q20.pdb
INFO:root:Saved
INFO:root:Predicting 476th chain in /tmp/w160/foldability_n1000/baseline/foldability/omegafold_shards/shard_00/queries.fasta
INFO:root:87 residues in this chain.
INFO:root:Finished prediction in 1.66 seconds.
INFO:root:Saving prediction to /tmp/w160/foldability_n1000/baseline/foldability/omegafold_shards/shard_00/pdb/q23.pdb
INFO:root:Saved
INFO:root:Predicting 477th chain in /tmp/w160/foldability_n1000/baseline/foldability/omegafold_shards/shard_00/queries.fasta
INFO:root:87 residues in this chain.
INFO:root:Finished prediction in 1.67 seconds.
INFO:root:Saving prediction to /tmp/w160/foldability_n1000/baseline/foldability/omegafold_shards/shard_00/pdb/q58.pdb
INFO:root:Saved
INFO:root:Predicting 478th chain in /tmp/w160/foldability_n1000/baseline/foldability/omegafold_shards/shard_00/queries.fasta
INFO:root:87 residues in this chain.
INFO:root:Finished prediction in 1.67 seconds.
INFO:root:Saving prediction to /tmp/w160/foldability_n1000/baseline/foldability/omegafold_shards/shard_00/pdb/q93.pdb
INFO:root:Saved
INFO:root:Predicting 479th chain in /tmp/w160/foldability_n1000/baseline/foldability/omegafold_shards/shard_00/queries.fasta
INFO:root:87 residues in this chain.
INFO:root:Finished prediction in 1.65 seconds.
INFO:root:Saving prediction to /tmp/w160/foldability_n1000/baseline/foldability/omegafold_shards/shard_00/pdb/q126.pdb
INFO:root:Saved
INFO:root:Predicting 480th chain in /tmp/w160/foldability_n1000/baseline/foldability/omegafold_shards/shard_00/queries.fasta
INFO:root:87 residues in this chain.
INFO:root:Finished prediction in 1.66 seconds.
INFO:root:Saving prediction to /tmp/w160/foldability_n1000/baseline/foldability/omegafold_shards/shard_00/pdb/q157.pdb
INFO:root:Saved
INFO:root:Predicting 481th chain in /tmp/w160/foldability_n1000/baseline/foldability/omegafold_shards/shard_00/queries.fasta
INFO:root:87 residues in this chain.
INFO:root:Finished prediction in 1.65 seconds.
INFO:root:Saving prediction to /tmp/w160/foldability_n1000/baseline/foldability/omegafold_shards/shard_00/pdb/q365.pdb
INFO:root:Saved
INFO:root:Predicting 482th chain in /tmp/w160/foldability_n1000/baseline/foldability/omegafold_shards/shard_00/queries.fasta
INFO:root:87 residues in this chain.
INFO:root:Finished prediction in 1.65 seconds.
INFO:root:Saving prediction to /tmp/w160/foldability_n1000/baseline/foldability/omegafold_shards/shard_00/pdb/q371.pdb
INFO:root:Saved
INFO:root:Predicting 483th chain in /tmp/w160/foldability_n1000/baseline/foldability/omegafold_shards/shard_00/queries.fasta
INFO:root:87 residues in this chain.
INFO:root:Finished prediction in 1.64 seconds.
INFO:root:Saving prediction to /tmp/w160/foldability_n1000/baseline/foldability/omegafold_shards/shard_00/pdb/q394.pdb
INFO:root:Saved
INFO:root:Predicting 484th chain in /tmp/w160/foldability_n1000/baseline/foldability/omegafold_shards/shard_00/queries.fasta
INFO:root:87 residues in this chain.
INFO:root:Finished prediction in 1.65 seconds.
INFO:root:Saving prediction to /tmp/w160/foldability_n1000/baseline/foldability/omegafold_shards/shard_00/pdb/q395.pdb
INFO:root:Saved
INFO:root:Predicting 485th chain in /tmp/w160/foldability_n1000/baseline/foldability/omegafold_shards/shard_00/queries.fasta
INFO:root:87 residues in this chain.
INFO:root:Finished prediction in 1.65 seconds.
INFO:root:Saving prediction to /tmp/w160/foldability_n1000/baseline/foldability/omegafold_shards/shard_00/pdb/q705.pdb
INFO:root:Saved
INFO:root:Predicting 486th chain in /tmp/w160/foldability_n1000/baseline/foldability/omegafold_shards/shard_00/queries.fasta
INFO:root:87 residues in this chain.
INFO:root:Finished prediction in 1.65 seconds.
INFO:root:Saving prediction to /tmp/w160/foldability_n1000/baseline/foldability/omegafold_shards/shard_00/pdb/q754.pdb
INFO:root:Saved
INFO:root:Predicting 487th chain in /tmp/w160/foldability_n1000/baseline/foldability/omegafold_shards/shard_00/queries.fasta
INFO:root:87 residues in this chain.
INFO:root:Finished prediction in 2.23 seconds.
INFO:root:Saving prediction to /tmp/w160/foldability_n1000/baseline/foldability/omegafold_shards/shard_00/pdb/q760.pdb
INFO:root:Saved
INFO:root:Predicting 488th chain in /tmp/w160/foldability_n1000/baseline/foldability/omegafold_shards/shard_00/queries.fasta
INFO:root:87 residues in this chain.
INFO:root:Finished prediction in 3.61 seconds.
INFO:root:Saving prediction to /tmp/w160/foldability_n1000/baseline/foldability/omegafold_shards/shard_00/pdb/q893.pdb
INFO:root:Saved
INFO:root:Predicting 489th chain in /tmp/w160/foldability_n1000/baseline/foldability/omegafold_shards/shard_00/queries.fasta
INFO:root:88 residues in this chain.
INFO:root:Finished prediction in 3.62 seconds.
INFO:root:Saving prediction to /tmp/w160/foldability_n1000/baseline/foldability/omegafold_shards/shard_00/pdb/q35.pdb
INFO:root:Saved
INFO:root:Predicting 490th chain in /tmp/w160/foldability_n1000/baseline/foldability/omegafold_shards/shard_00/queries.fasta
INFO:root:88 residues in this chain.
INFO:root:Finished prediction in 2.49 seconds.
INFO:root:Saving prediction to /tmp/w160/foldability_n1000/baseline/foldability/omegafold_shards/shard_00/pdb/q147.pdb
INFO:root:Saved
INFO:root:Predicting 491th chain in /tmp/w160/foldability_n1000/baseline/foldability/omegafold_shards/shard_00/queries.fasta
INFO:root:88 residues in this chain.
INFO:root:Finished prediction in 1.99 seconds.
INFO:root:Saving prediction to /tmp/w160/foldability_n1000/baseline/foldability/omegafold_shards/shard_00/pdb/q554.pdb
INFO:root:Saved
INFO:root:Predicting 492th chain in /tmp/w160/foldability_n1000/baseline/foldability/omegafold_shards/shard_00/queries.fasta
INFO:root:88 residues in this chain.
INFO:root:Finished prediction in 1.85 seconds.
INFO:root:Saving prediction to /tmp/w160/foldability_n1000/baseline/foldability/omegafold_shards/shard_00/pdb/q792.pdb
INFO:root:Saved
INFO:root:Predicting 493th chain in /tmp/w160/foldability_n1000/baseline/foldability/omegafold_shards/shard_00/queries.fasta
INFO:root:88 residues in this chain.
INFO:root:Finished prediction in 2.99 seconds.
INFO:root:Saving prediction to /tmp/w160/foldability_n1000/baseline/foldability/omegafold_shards/shard_00/pdb/q877.pdb
INFO:root:Saved
INFO:root:Predicting 494th chain in /tmp/w160/foldability_n1000/baseline/foldability/omegafold_shards/shard_00/queries.fasta
INFO:root:88 residues in this chain.
INFO:root:Finished prediction in 4.06 seconds.
INFO:root:Saving prediction to /tmp/w160/foldability_n1000/baseline/foldability/omegafold_shards/shard_00/pdb/q960.pdb
INFO:root:Saved
INFO:root:Predicting 495th chain in /tmp/w160/foldability_n1000/baseline/foldability/omegafold_shards/shard_00/queries.fasta
INFO:root:88 residues in this chain.
INFO:root:Finished prediction in 3.74 seconds.
INFO:root:Saving prediction to /tmp/w160/foldability_n1000/baseline/foldability/omegafold_shards/shard_00/pdb/q965.pdb
INFO:root:Saved
INFO:root:Predicting 496th chain in /tmp/w160/foldability_n1000/baseline/foldability/omegafold_shards/shard_00/queries.fasta
INFO:root:89 residues in this chain.
INFO:root:Finished prediction in 4.31 seconds.
INFO:root:Saving prediction to /tmp/w160/foldability_n1000/baseline/foldability/omegafold_shards/shard_00/pdb/q24.pdb
INFO:root:Saved
INFO:root:Predicting 497th chain in /tmp/w160/foldability_n1000/baseline/foldability/omegafold_shards/shard_00/queries.fasta
INFO:root:89 residues in this chain.
INFO:root:Finished prediction in 4.29 seconds.
INFO:root:Saving prediction to /tmp/w160/foldability_n1000/baseline/foldability/omegafold_shards/shard_00/pdb/q150.pdb
INFO:root:Saved
INFO:root:Predicting 498th chain in /tmp/w160/foldability_n1000/baseline/foldability/omegafold_shards/shard_00/queries.fasta
INFO:root:89 residues in this chain.
INFO:root:Finished prediction in 3.68 seconds.
INFO:root:Saving prediction to /tmp/w160/foldability_n1000/baseline/foldability/omegafold_shards/shard_00/pdb/q326.pdb
INFO:root:Saved
INFO:root:Predicting 499th chain in /tmp/w160/foldability_n1000/baseline/foldability/omegafold_shards/shard_00/queries.fasta
INFO:root:89 residues in this chain.
INFO:root:Finished prediction in 3.68 seconds.
INFO:root:Saving prediction to /tmp/w160/foldability_n1000/baseline/foldability/omegafold_shards/shard_00/pdb/q518.pdb
INFO:root:Saved
INFO:root:Predicting 500th chain in /tmp/w160/foldability_n1000/baseline/foldability/omegafold_shards/shard_00/queries.fasta
INFO:root:89 residues in this chain.
INFO:root:Finished prediction in 3.67 seconds.
INFO:root:Saving prediction to /tmp/w160/foldability_n1000/baseline/foldability/omegafold_shards/shard_00/pdb/q631.pdb
INFO:root:Saved
INFO:root:Predicting 501th chain in /tmp/w160/foldability_n1000/baseline/foldability/omegafold_shards/shard_00/queries.fasta
INFO:root:89 residues in this chain.
INFO:root:Finished prediction in 3.68 seconds.
INFO:root:Saving prediction to /tmp/w160/foldability_n1000/baseline/foldability/omegafold_shards/shard_00/pdb/q688.pdb
INFO:root:Saved
INFO:root:Predicting 502th chain in /tmp/w160/foldability_n1000/baseline/foldability/omegafold_shards/shard_00/queries.fasta
INFO:root:89 residues in this chain.
INFO:root:Finished prediction in 3.69 seconds.
INFO:root:Saving prediction to /tmp/w160/foldability_n1000/baseline/foldability/omegafold_shards/shard_00/pdb/q701.pdb
INFO:root:Saved
INFO:root:Predicting 503th chain in /tmp/w160/foldability_n1000/baseline/foldability/omegafold_shards/shard_00/queries.fasta
INFO:root:89 residues in this chain.
INFO:root:Finished prediction in 3.67 seconds.
INFO:root:Saving prediction to /tmp/w160/foldability_n1000/baseline/foldability/omegafold_shards/shard_00/pdb/q785.pdb
INFO:root:Saved
INFO:root:Predicting 504th chain in /tmp/w160/foldability_n1000/baseline/foldability/omegafold_shards/shard_00/queries.fasta
INFO:root:89 residues in this chain.
INFO:root:Finished prediction in 3.68 seconds.
INFO:root:Saving prediction to /tmp/w160/foldability_n1000/baseline/foldability/omegafold_shards/shard_00/pdb/q945.pdb
INFO:root:Saved
INFO:root:Predicting 505th chain in /tmp/w160/foldability_n1000/baseline/foldability/omegafold_shards/shard_00/queries.fasta
INFO:root:90 residues in this chain.
INFO:root:Finished prediction in 3.67 seconds.
INFO:root:Saving prediction to /tmp/w160/foldability_n1000/baseline/foldability/omegafold_shards/shard_00/pdb/q305.pdb
INFO:root:Saved
INFO:root:Predicting 506th chain in /tmp/w160/foldability_n1000/baseline/foldability/omegafold_shards/shard_00/queries.fasta
INFO:root:90 residues in this chain.
INFO:root:Finished prediction in 3.67 seconds.
INFO:root:Saving prediction to /tmp/w160/foldability_n1000/baseline/foldability/omegafold_shards/shard_00/pdb/q356.pdb
INFO:root:Saved
INFO:root:Predicting 507th chain in /tmp/w160/foldability_n1000/baseline/foldability/omegafold_shards/shard_00/queries.fasta
INFO:root:90 residues in this chain.
INFO:root:Finished prediction in 3.69 seconds.
INFO:root:Saving prediction to /tmp/w160/foldability_n1000/baseline/foldability/omegafold_shards/shard_00/pdb/q436.pdb
INFO:root:Saved
INFO:root:Predicting 508th chain in /tmp/w160/foldability_n1000/baseline/foldability/omegafold_shards/shard_00/queries.fasta
INFO:root:90 residues in this chain.
INFO:root:Finished prediction in 3.22 seconds.
INFO:root:Saving prediction to /tmp/w160/foldability_n1000/baseline/foldability/omegafold_shards/shard_00/pdb/q523.pdb
INFO:root:Saved
INFO:root:Predicting 509th chain in /tmp/w160/foldability_n1000/baseline/foldability/omegafold_shards/shard_00/queries.fasta
INFO:root:90 residues in this chain.
INFO:root:Finished prediction in 3.15 seconds.
INFO:root:Saving prediction to /tmp/w160/foldability_n1000/baseline/foldability/omegafold_shards/shard_00/pdb/q724.pdb
INFO:root:Saved
INFO:root:Predicting 510th chain in /tmp/w160/foldability_n1000/baseline/foldability/omegafold_shards/shard_00/queries.fasta
INFO:root:90 residues in this chain.
INFO:root:Finished prediction in 2.43 seconds.
INFO:root:Saving prediction to /tmp/w160/foldability_n1000/baseline/foldability/omegafold_shards/shard_00/pdb/q728.pdb
INFO:root:Saved
INFO:root:Predicting 511th chain in /tmp/w160/foldability_n1000/baseline/foldability/omegafold_shards/shard_00/queries.fasta
INFO:root:90 residues in this chain.
INFO:root:Finished prediction in 2.07 seconds.
INFO:root:Saving prediction to /tmp/w160/foldability_n1000/baseline/foldability/omegafold_shards/shard_00/pdb/q802.pdb
INFO:root:Saved
INFO:root:Predicting 512th chain in /tmp/w160/foldability_n1000/baseline/foldability/omegafold_shards/shard_00/queries.fasta
INFO:root:90 residues in this chain.
INFO:root:Finished prediction in 1.72 seconds.
INFO:root:Saving prediction to /tmp/w160/foldability_n1000/baseline/foldability/omegafold_shards/shard_00/pdb/q883.pdb
INFO:root:Saved
INFO:root:Predicting 513th chain in /tmp/w160/foldability_n1000/baseline/foldability/omegafold_shards/shard_00/queries.fasta
INFO:root:90 residues in this chain.
INFO:root:Finished prediction in 1.72 seconds.
INFO:root:Saving prediction to /tmp/w160/foldability_n1000/baseline/foldability/omegafold_shards/shard_00/pdb/q887.pdb
INFO:root:Saved
INFO:root:Predicting 514th chain in /tmp/w160/foldability_n1000/baseline/foldability/omegafold_shards/shard_00/queries.fasta
INFO:root:91 residues in this chain.
INFO:root:Finished prediction in 1.98 seconds.
INFO:root:Saving prediction to /tmp/w160/foldability_n1000/baseline/foldability/omegafold_shards/shard_00/pdb/q17.pdb
INFO:root:Saved
INFO:root:Predicting 515th chain in /tmp/w160/foldability_n1000/baseline/foldability/omegafold_shards/shard_00/queries.fasta
INFO:root:91 residues in this chain.
INFO:root:Finished prediction in 4.04 seconds.
INFO:root:Saving prediction to /tmp/w160/foldability_n1000/baseline/foldability/omegafold_shards/shard_00/pdb/q249.pdb
INFO:root:Saved
INFO:root:Predicting 516th chain in /tmp/w160/foldability_n1000/baseline/foldability/omegafold_shards/shard_00/queries.fasta
INFO:root:91 residues in this chain.
INFO:root:Finished prediction in 5.51 seconds.
INFO:root:Saving prediction to /tmp/w160/foldability_n1000/baseline/foldability/omegafold_shards/shard_00/pdb/q313.pdb
INFO:root:Saved
INFO:root:Predicting 517th chain in /tmp/w160/foldability_n1000/baseline/foldability/omegafold_shards/shard_00/queries.fasta
INFO:root:91 residues in this chain.
INFO:root:Finished prediction in 7.21 seconds.
INFO:root:Saving prediction to /tmp/w160/foldability_n1000/baseline/foldability/omegafold_shards/shard_00/pdb/q587.pdb
INFO:root:Saved
INFO:root:Predicting 518th chain in /tmp/w160/foldability_n1000/baseline/foldability/omegafold_shards/shard_00/queries.fasta
INFO:root:91 residues in this chain.
INFO:root:Finished prediction in 6.06 seconds.
INFO:root:Saving prediction to /tmp/w160/foldability_n1000/baseline/foldability/omegafold_shards/shard_00/pdb/q716.pdb
INFO:root:Saved
INFO:root:Predicting 519th chain in /tmp/w160/foldability_n1000/baseline/foldability/omegafold_shards/shard_00/queries.fasta
INFO:root:91 residues in this chain.
INFO:root:Finished prediction in 6.05 seconds.
INFO:root:Saving prediction to /tmp/w160/foldability_n1000/baseline/foldability/omegafold_shards/shard_00/pdb/q798.pdb
INFO:root:Saved
INFO:root:Predicting 520th chain in /tmp/w160/foldability_n1000/baseline/foldability/omegafold_shards/shard_00/queries.fasta
INFO:root:92 residues in this chain.
INFO:root:Finished prediction in 6.49 seconds.
INFO:root:Saving prediction to /tmp/w160/foldability_n1000/baseline/foldability/omegafold_shards/shard_00/pdb/q148.pdb
INFO:root:Saved
INFO:root:Predicting 521th chain in /tmp/w160/foldability_n1000/baseline/foldability/omegafold_shards/shard_00/queries.fasta
INFO:root:92 residues in this chain.
INFO:root:Finished prediction in 5.49 seconds.
INFO:root:Saving prediction to /tmp/w160/foldability_n1000/baseline/foldability/omegafold_shards/shard_00/pdb/q162.pdb
INFO:root:Saved
INFO:root:Predicting 522th chain in /tmp/w160/foldability_n1000/baseline/foldability/omegafold_shards/shard_00/queries.fasta
INFO:root:92 residues in this chain.
INFO:root:Finished prediction in 6.22 seconds.
INFO:root:Saving prediction to /tmp/w160/foldability_n1000/baseline/foldability/omegafold_shards/shard_00/pdb/q219.pdb
INFO:root:Saved
INFO:root:Predicting 523th chain in /tmp/w160/foldability_n1000/baseline/foldability/omegafold_shards/shard_00/queries.fasta
INFO:root:92 residues in this chain.
INFO:root:Finished prediction in 5.92 seconds.
INFO:root:Saving prediction to /tmp/w160/foldability_n1000/baseline/foldability/omegafold_shards/shard_00/pdb/q404.pdb
INFO:root:Saved
INFO:root:Predicting 524th chain in /tmp/w160/foldability_n1000/baseline/foldability/omegafold_shards/shard_00/queries.fasta
INFO:root:92 residues in this chain.
INFO:root:Finished prediction in 2.46 seconds.
INFO:root:Saving prediction to /tmp/w160/foldability_n1000/baseline/foldability/omegafold_shards/shard_00/pdb/q426.pdb
INFO:root:Saved
INFO:root:Predicting 525th chain in /tmp/w160/foldability_n1000/baseline/foldability/omegafold_shards/shard_00/queries.fasta
INFO:root:92 residues in this chain.
INFO:root:Finished prediction in 3.31 seconds.
INFO:root:Saving prediction to /tmp/w160/foldability_n1000/baseline/foldability/omegafold_shards/shard_00/pdb/q870.pdb
INFO:root:Saved
INFO:root:Predicting 526th chain in /tmp/w160/foldability_n1000/baseline/foldability/omegafold_shards/shard_00/queries.fasta
INFO:root:92 residues in this chain.
INFO:root:Finished prediction in 3.61 seconds.
INFO:root:Saving prediction to /tmp/w160/foldability_n1000/baseline/foldability/omegafold_shards/shard_00/pdb/q949.pdb
INFO:root:Saved
INFO:root:Predicting 527th chain in /tmp/w160/foldability_n1000/baseline/foldability/omegafold_shards/shard_00/queries.fasta
INFO:root:93 residues in this chain.
INFO:root:Finished prediction in 3.67 seconds.
INFO:root:Saving prediction to /tmp/w160/foldability_n1000/baseline/foldability/omegafold_shards/shard_00/pdb/q36.pdb
INFO:root:Saved
INFO:root:Predicting 528th chain in /tmp/w160/foldability_n1000/baseline/foldability/omegafold_shards/shard_00/queries.fasta
INFO:root:93 residues in this chain.
INFO:root:Finished prediction in 4.77 seconds.
INFO:root:Saving prediction to /tmp/w160/foldability_n1000/baseline/foldability/omegafold_shards/shard_00/pdb/q38.pdb
INFO:root:Saved
INFO:root:Predicting 529th chain in /tmp/w160/foldability_n1000/baseline/foldability/omegafold_shards/shard_00/queries.fasta
INFO:root:93 residues in this chain.
INFO:root:Finished prediction in 3.40 seconds.
INFO:root:Saving prediction to /tmp/w160/foldability_n1000/baseline/foldability/omegafold_shards/shard_00/pdb/q48.pdb
INFO:root:Saved
INFO:root:Predicting 530th chain in /tmp/w160/foldability_n1000/baseline/foldability/omegafold_shards/shard_00/queries.fasta
INFO:root:93 residues in this chain.
INFO:root:Finished prediction in 4.39 seconds.
INFO:root:Saving prediction to /tmp/w160/foldability_n1000/baseline/foldability/omegafold_shards/shard_00/pdb/q203.pdb
INFO:root:Saved
INFO:root:Predicting 531th chain in /tmp/w160/foldability_n1000/baseline/foldability/omegafold_shards/shard_00/queries.fasta
INFO:root:93 residues in this chain.
INFO:root:Finished prediction in 4.74 seconds.
INFO:root:Saving prediction to /tmp/w160/foldability_n1000/baseline/foldability/omegafold_shards/shard_00/pdb/q445.pdb
INFO:root:Saved
INFO:root:Predicting 532th chain in /tmp/w160/foldability_n1000/baseline/foldability/omegafold_shards/shard_00/queries.fasta
INFO:root:93 residues in this chain.
INFO:root:Finished prediction in 1.67 seconds.
INFO:root:Saving prediction to /tmp/w160/foldability_n1000/baseline/foldability/omegafold_shards/shard_00/pdb/q490.pdb
INFO:root:Saved
INFO:root:Predicting 533th chain in /tmp/w160/foldability_n1000/baseline/foldability/omegafold_shards/shard_00/queries.fasta
INFO:root:93 residues in this chain.
INFO:root:Finished prediction in 1.66 seconds.
INFO:root:Saving prediction to /tmp/w160/foldability_n1000/baseline/foldability/omegafold_shards/shard_00/pdb/q601.pdb
INFO:root:Saved
INFO:root:Predicting 534th chain in /tmp/w160/foldability_n1000/baseline/foldability/omegafold_shards/shard_00/queries.fasta
INFO:root:93 residues in this chain.
INFO:root:Finished prediction in 1.66 seconds.
INFO:root:Saving prediction to /tmp/w160/foldability_n1000/baseline/foldability/omegafold_shards/shard_00/pdb/q667.pdb
INFO:root:Saved
INFO:root:Predicting 535th chain in /tmp/w160/foldability_n1000/baseline/foldability/omegafold_shards/shard_00/queries.fasta
INFO:root:93 residues in this chain.
INFO:root:Finished prediction in 1.66 seconds.
INFO:root:Saving prediction to /tmp/w160/foldability_n1000/baseline/foldability/omegafold_shards/shard_00/pdb/q823.pdb
INFO:root:Saved
INFO:root:Predicting 536th chain in /tmp/w160/foldability_n1000/baseline/foldability/omegafold_shards/shard_00/queries.fasta
INFO:root:93 residues in this chain.
INFO:root:Finished prediction in 1.65 seconds.
INFO:root:Saving prediction to /tmp/w160/foldability_n1000/baseline/foldability/omegafold_shards/shard_00/pdb/q999.pdb
INFO:root:Saved
INFO:root:Predicting 537th chain in /tmp/w160/foldability_n1000/baseline/foldability/omegafold_shards/shard_00/queries.fasta
INFO:root:94 residues in this chain.
INFO:root:Finished prediction in 1.66 seconds.
INFO:root:Saving prediction to /tmp/w160/foldability_n1000/baseline/foldability/omegafold_shards/shard_00/pdb/q1.pdb
INFO:root:Saved
INFO:root:Predicting 538th chain in /tmp/w160/foldability_n1000/baseline/foldability/omegafold_shards/shard_00/queries.fasta
INFO:root:94 residues in this chain.
INFO:root:Finished prediction in 1.65 seconds.
INFO:root:Saving prediction to /tmp/w160/foldability_n1000/baseline/foldability/omegafold_shards/shard_00/pdb/q215.pdb
INFO:root:Saved
INFO:root:Predicting 539th chain in /tmp/w160/foldability_n1000/baseline/foldability/omegafold_shards/shard_00/queries.fasta
INFO:root:94 residues in this chain.
INFO:root:Finished prediction in 1.66 seconds.
INFO:root:Saving prediction to /tmp/w160/foldability_n1000/baseline/foldability/omegafold_shards/shard_00/pdb/q353.pdb
INFO:root:Saved
INFO:root:Predicting 540th chain in /tmp/w160/foldability_n1000/baseline/foldability/omegafold_shards/shard_00/queries.fasta
INFO:root:94 residues in this chain.
INFO:root:Finished prediction in 1.67 seconds.
INFO:root:Saving prediction to /tmp/w160/foldability_n1000/baseline/foldability/omegafold_shards/shard_00/pdb/q665.pdb
INFO:root:Saved
INFO:root:Predicting 541th chain in /tmp/w160/foldability_n1000/baseline/foldability/omegafold_shards/shard_00/queries.fasta
INFO:root:94 residues in this chain.
INFO:root:Finished prediction in 1.67 seconds.
INFO:root:Saving prediction to /tmp/w160/foldability_n1000/baseline/foldability/omegafold_shards/shard_00/pdb/q827.pdb
INFO:root:Saved
INFO:root:Predicting 542th chain in /tmp/w160/foldability_n1000/baseline/foldability/omegafold_shards/shard_00/queries.fasta
INFO:root:94 residues in this chain.
INFO:root:Finished prediction in 1.67 seconds.
INFO:root:Saving prediction to /tmp/w160/foldability_n1000/baseline/foldability/omegafold_shards/shard_00/pdb/q901.pdb
INFO:root:Saved
INFO:root:Predicting 543th chain in /tmp/w160/foldability_n1000/baseline/foldability/omegafold_shards/shard_00/queries.fasta
INFO:root:95 residues in this chain.
INFO:root:Finished prediction in 1.67 seconds.
INFO:root:Saving prediction to /tmp/w160/foldability_n1000/baseline/foldability/omegafold_shards/shard_00/pdb/q491.pdb
INFO:root:Saved
INFO:root:Predicting 544th chain in /tmp/w160/foldability_n1000/baseline/foldability/omegafold_shards/shard_00/queries.fasta
INFO:root:95 residues in this chain.
INFO:root:Finished prediction in 1.67 seconds.
INFO:root:Saving prediction to /tmp/w160/foldability_n1000/baseline/foldability/omegafold_shards/shard_00/pdb/q511.pdb
INFO:root:Saved
INFO:root:Predicting 545th chain in /tmp/w160/foldability_n1000/baseline/foldability/omegafold_shards/shard_00/queries.fasta
INFO:root:95 residues in this chain.
INFO:root:Finished prediction in 1.67 seconds.
INFO:root:Saving prediction to /tmp/w160/foldability_n1000/baseline/foldability/omegafold_shards/shard_00/pdb/q549.pdb
INFO:root:Saved
INFO:root:Predicting 546th chain in /tmp/w160/foldability_n1000/baseline/foldability/omegafold_shards/shard_00/queries.fasta
INFO:root:95 residues in this chain.
INFO:root:Finished prediction in 1.66 seconds.
INFO:root:Saving prediction to /tmp/w160/foldability_n1000/baseline/foldability/omegafold_shards/shard_00/pdb/q623.pdb
INFO:root:Saved
INFO:root:Predicting 547th chain in /tmp/w160/foldability_n1000/baseline/foldability/omegafold_shards/shard_00/queries.fasta
INFO:root:95 residues in this chain.
INFO:root:Finished prediction in 1.66 seconds.
INFO:root:Saving prediction to /tmp/w160/foldability_n1000/baseline/foldability/omegafold_shards/shard_00/pdb/q654.pdb
INFO:root:Saved
INFO:root:Predicting 548th chain in /tmp/w160/foldability_n1000/baseline/foldability/omegafold_shards/shard_00/queries.fasta
INFO:root:95 residues in this chain.
INFO:root:Finished prediction in 1.66 seconds.
INFO:root:Saving prediction to /tmp/w160/foldability_n1000/baseline/foldability/omegafold_shards/shard_00/pdb/q736.pdb
INFO:root:Saved
INFO:root:Predicting 549th chain in /tmp/w160/foldability_n1000/baseline/foldability/omegafold_shards/shard_00/queries.fasta
INFO:root:95 residues in this chain.
INFO:root:Finished prediction in 1.67 seconds.
INFO:root:Saving prediction to /tmp/w160/foldability_n1000/baseline/foldability/omegafold_shards/shard_00/pdb/q807.pdb
INFO:root:Saved
INFO:root:Predicting 550th chain in /tmp/w160/foldability_n1000/baseline/foldability/omegafold_shards/shard_00/queries.fasta
INFO:root:96 residues in this chain.
INFO:root:Finished prediction in 1.66 seconds.
INFO:root:Saving prediction to /tmp/w160/foldability_n1000/baseline/foldability/omegafold_shards/shard_00/pdb/q86.pdb
INFO:root:Saved
INFO:root:Predicting 551th chain in /tmp/w160/foldability_n1000/baseline/foldability/omegafold_shards/shard_00/queries.fasta
INFO:root:96 residues in this chain.
INFO:root:Finished prediction in 1.65 seconds.
INFO:root:Saving prediction to /tmp/w160/foldability_n1000/baseline/foldability/omegafold_shards/shard_00/pdb/q159.pdb
INFO:root:Saved
INFO:root:Predicting 552th chain in /tmp/w160/foldability_n1000/baseline/foldability/omegafold_shards/shard_00/queries.fasta
INFO:root:96 residues in this chain.
INFO:root:Finished prediction in 1.66 seconds.
INFO:root:Saving prediction to /tmp/w160/foldability_n1000/baseline/foldability/omegafold_shards/shard_00/pdb/q168.pdb
INFO:root:Saved
INFO:root:Predicting 553th chain in /tmp/w160/foldability_n1000/baseline/foldability/omegafold_shards/shard_00/queries.fasta
INFO:root:96 residues in this chain.
INFO:root:Finished prediction in 1.64 seconds.
INFO:root:Saving prediction to /tmp/w160/foldability_n1000/baseline/foldability/omegafold_shards/shard_00/pdb/q687.pdb
INFO:root:Saved
INFO:root:Predicting 554th chain in /tmp/w160/foldability_n1000/baseline/foldability/omegafold_shards/shard_00/queries.fasta
INFO:root:96 residues in this chain.
INFO:root:Finished prediction in 1.66 seconds.
INFO:root:Saving prediction to /tmp/w160/foldability_n1000/baseline/foldability/omegafold_shards/shard_00/pdb/q778.pdb
INFO:root:Saved
INFO:root:Predicting 555th chain in /tmp/w160/foldability_n1000/baseline/foldability/omegafold_shards/shard_00/queries.fasta
INFO:root:96 residues in this chain.
INFO:root:Finished prediction in 1.66 seconds.
INFO:root:Saving prediction to /tmp/w160/foldability_n1000/baseline/foldability/omegafold_shards/shard_00/pdb/q917.pdb
INFO:root:Saved
INFO:root:Predicting 556th chain in /tmp/w160/foldability_n1000/baseline/foldability/omegafold_shards/shard_00/queries.fasta
INFO:root:96 residues in this chain.
INFO:root:Finished prediction in 1.70 seconds.
INFO:root:Saving prediction to /tmp/w160/foldability_n1000/baseline/foldability/omegafold_shards/shard_00/pdb/q946.pdb
INFO:root:Saved
INFO:root:Predicting 557th chain in /tmp/w160/foldability_n1000/baseline/foldability/omegafold_shards/shard_00/queries.fasta
INFO:root:97 residues in this chain.
INFO:root:Finished prediction in 1.66 seconds.
INFO:root:Saving prediction to /tmp/w160/foldability_n1000/baseline/foldability/omegafold_shards/shard_00/pdb/q281.pdb
INFO:root:Saved
INFO:root:Predicting 558th chain in /tmp/w160/foldability_n1000/baseline/foldability/omegafold_shards/shard_00/queries.fasta
INFO:root:97 residues in this chain.
INFO:root:Finished prediction in 1.67 seconds.
INFO:root:Saving prediction to /tmp/w160/foldability_n1000/baseline/foldability/omegafold_shards/shard_00/pdb/q452.pdb
INFO:root:Saved
INFO:root:Predicting 559th chain in /tmp/w160/foldability_n1000/baseline/foldability/omegafold_shards/shard_00/queries.fasta
INFO:root:97 residues in this chain.
INFO:root:Finished prediction in 1.67 seconds.
INFO:root:Saving prediction to /tmp/w160/foldability_n1000/baseline/foldability/omegafold_shards/shard_00/pdb/q722.pdb
INFO:root:Saved
INFO:root:Predicting 560th chain in /tmp/w160/foldability_n1000/baseline/foldability/omegafold_shards/shard_00/queries.fasta
INFO:root:97 residues in this chain.
INFO:root:Finished prediction in 1.67 seconds.
INFO:root:Saving prediction to /tmp/w160/foldability_n1000/baseline/foldability/omegafold_shards/shard_00/pdb/q735.pdb
INFO:root:Saved
INFO:root:Predicting 561th chain in /tmp/w160/foldability_n1000/baseline/foldability/omegafold_shards/shard_00/queries.fasta
INFO:root:97 residues in this chain.
INFO:root:Finished prediction in 1.66 seconds.
INFO:root:Saving prediction to /tmp/w160/foldability_n1000/baseline/foldability/omegafold_shards/shard_00/pdb/q818.pdb
INFO:root:Saved
INFO:root:Predicting 562th chain in /tmp/w160/foldability_n1000/baseline/foldability/omegafold_shards/shard_00/queries.fasta
INFO:root:97 residues in this chain.
INFO:root:Finished prediction in 1.73 seconds.
INFO:root:Saving prediction to /tmp/w160/foldability_n1000/baseline/foldability/omegafold_shards/shard_00/pdb/q899.pdb
INFO:root:Saved
INFO:root:Predicting 563th chain in /tmp/w160/foldability_n1000/baseline/foldability/omegafold_shards/shard_00/queries.fasta
INFO:root:98 residues in this chain.
INFO:root:Finished prediction in 1.98 seconds.
INFO:root:Saving prediction to /tmp/w160/foldability_n1000/baseline/foldability/omegafold_shards/shard_00/pdb/q21.pdb
INFO:root:Saved
INFO:root:Predicting 564th chain in /tmp/w160/foldability_n1000/baseline/foldability/omegafold_shards/shard_00/queries.fasta
INFO:root:98 residues in this chain.
INFO:root:Finished prediction in 1.67 seconds.
INFO:root:Saving prediction to /tmp/w160/foldability_n1000/baseline/foldability/omegafold_shards/shard_00/pdb/q94.pdb
INFO:root:Saved
INFO:root:Predicting 565th chain in /tmp/w160/foldability_n1000/baseline/foldability/omegafold_shards/shard_00/queries.fasta
INFO:root:98 residues in this chain.
INFO:root:Finished prediction in 1.67 seconds.
INFO:root:Saving prediction to /tmp/w160/foldability_n1000/baseline/foldability/omegafold_shards/shard_00/pdb/q462.pdb
INFO:root:Saved
INFO:root:Predicting 566th chain in /tmp/w160/foldability_n1000/baseline/foldability/omegafold_shards/shard_00/queries.fasta
INFO:root:98 residues in this chain.
INFO:root:Finished prediction in 1.68 seconds.
INFO:root:Saving prediction to /tmp/w160/foldability_n1000/baseline/foldability/omegafold_shards/shard_00/pdb/q680.pdb
INFO:root:Saved
INFO:root:Predicting 567th chain in /tmp/w160/foldability_n1000/baseline/foldability/omegafold_shards/shard_00/queries.fasta
INFO:root:98 residues in this chain.
INFO:root:Finished prediction in 1.64 seconds.
INFO:root:Saving prediction to /tmp/w160/foldability_n1000/baseline/foldability/omegafold_shards/shard_00/pdb/q708.pdb
INFO:root:Saved
INFO:root:Predicting 568th chain in /tmp/w160/foldability_n1000/baseline/foldability/omegafold_shards/shard_00/queries.fasta
INFO:root:98 residues in this chain.
INFO:root:Finished prediction in 1.64 seconds.
INFO:root:Saving prediction to /tmp/w160/foldability_n1000/baseline/foldability/omegafold_shards/shard_00/pdb/q756.pdb
INFO:root:Saved
INFO:root:Predicting 569th chain in /tmp/w160/foldability_n1000/baseline/foldability/omegafold_shards/shard_00/queries.fasta
INFO:root:98 residues in this chain.
INFO:root:Finished prediction in 1.64 seconds.
INFO:root:Saving prediction to /tmp/w160/foldability_n1000/baseline/foldability/omegafold_shards/shard_00/pdb/q776.pdb
INFO:root:Saved
INFO:root:Predicting 570th chain in /tmp/w160/foldability_n1000/baseline/foldability/omegafold_shards/shard_00/queries.fasta
INFO:root:99 residues in this chain.
INFO:root:Finished prediction in 1.64 seconds.
INFO:root:Saving prediction to /tmp/w160/foldability_n1000/baseline/foldability/omegafold_shards/shard_00/pdb/q616.pdb
INFO:root:Saved
INFO:root:Predicting 571th chain in /tmp/w160/foldability_n1000/baseline/foldability/omegafold_shards/shard_00/queries.fasta
INFO:root:99 residues in this chain.
INFO:root:Finished prediction in 1.64 seconds.
INFO:root:Saving prediction to /tmp/w160/foldability_n1000/baseline/foldability/omegafold_shards/shard_00/pdb/q739.pdb
INFO:root:Saved
INFO:root:Predicting 572th chain in /tmp/w160/foldability_n1000/baseline/foldability/omegafold_shards/shard_00/queries.fasta
INFO:root:99 residues in this chain.
INFO:root:Finished prediction in 1.65 seconds.
INFO:root:Saving prediction to /tmp/w160/foldability_n1000/baseline/foldability/omegafold_shards/shard_00/pdb/q762.pdb
INFO:root:Saved
INFO:root:Predicting 573th chain in /tmp/w160/foldability_n1000/baseline/foldability/omegafold_shards/shard_00/queries.fasta
INFO:root:99 residues in this chain.
INFO:root:Finished prediction in 1.64 seconds.
INFO:root:Saving prediction to /tmp/w160/foldability_n1000/baseline/foldability/omegafold_shards/shard_00/pdb/q794.pdb
INFO:root:Saved
INFO:root:Predicting 574th chain in /tmp/w160/foldability_n1000/baseline/foldability/omegafold_shards/shard_00/queries.fasta
INFO:root:99 residues in this chain.
INFO:root:Finished prediction in 1.63 seconds.
INFO:root:Saving prediction to /tmp/w160/foldability_n1000/baseline/foldability/omegafold_shards/shard_00/pdb/q810.pdb
INFO:root:Saved
INFO:root:Predicting 575th chain in /tmp/w160/foldability_n1000/baseline/foldability/omegafold_shards/shard_00/queries.fasta
INFO:root:99 residues in this chain.
INFO:root:Finished prediction in 1.63 seconds.
INFO:root:Saving prediction to /tmp/w160/foldability_n1000/baseline/foldability/omegafold_shards/shard_00/pdb/q850.pdb
INFO:root:Saved
INFO:root:Predicting 576th chain in /tmp/w160/foldability_n1000/baseline/foldability/omegafold_shards/shard_00/queries.fasta
INFO:root:99 residues in this chain.
INFO:root:Finished prediction in 1.64 seconds.
INFO:root:Saving prediction to /tmp/w160/foldability_n1000/baseline/foldability/omegafold_shards/shard_00/pdb/q906.pdb
INFO:root:Saved
INFO:root:Predicting 577th chain in /tmp/w160/foldability_n1000/baseline/foldability/omegafold_shards/shard_00/queries.fasta
INFO:root:100 residues in this chain.
INFO:root:Finished prediction in 1.64 seconds.
INFO:root:Saving prediction to /tmp/w160/foldability_n1000/baseline/foldability/omegafold_shards/shard_00/pdb/q201.pdb
INFO:root:Saved
INFO:root:Predicting 578th chain in /tmp/w160/foldability_n1000/baseline/foldability/omegafold_shards/shard_00/queries.fasta
INFO:root:100 residues in this chain.
INFO:root:Finished prediction in 1.66 seconds.
INFO:root:Saving prediction to /tmp/w160/foldability_n1000/baseline/foldability/omegafold_shards/shard_00/pdb/q282.pdb
INFO:root:Saved
INFO:root:Predicting 579th chain in /tmp/w160/foldability_n1000/baseline/foldability/omegafold_shards/shard_00/queries.fasta
INFO:root:100 residues in this chain.
INFO:root:Finished prediction in 1.66 seconds.
INFO:root:Saving prediction to /tmp/w160/foldability_n1000/baseline/foldability/omegafold_shards/shard_00/pdb/q649.pdb
INFO:root:Saved
INFO:root:Predicting 580th chain in /tmp/w160/foldability_n1000/baseline/foldability/omegafold_shards/shard_00/queries.fasta
INFO:root:100 residues in this chain.
INFO:root:Finished prediction in 1.68 seconds.
INFO:root:Saving prediction to /tmp/w160/foldability_n1000/baseline/foldability/omegafold_shards/shard_00/pdb/q651.pdb
INFO:root:Saved
INFO:root:Predicting 581th chain in /tmp/w160/foldability_n1000/baseline/foldability/omegafold_shards/shard_00/queries.fasta
INFO:root:100 residues in this chain.
INFO:root:Finished prediction in 1.66 seconds.
INFO:root:Saving prediction to /tmp/w160/foldability_n1000/baseline/foldability/omegafold_shards/shard_00/pdb/q675.pdb
INFO:root:Saved
INFO:root:Predicting 582th chain in /tmp/w160/foldability_n1000/baseline/foldability/omegafold_shards/shard_00/queries.fasta
INFO:root:100 residues in this chain.
INFO:root:Finished prediction in 1.65 seconds.
INFO:root:Saving prediction to /tmp/w160/foldability_n1000/baseline/foldability/omegafold_shards/shard_00/pdb/q837.pdb
INFO:root:Saved
INFO:root:Predicting 583th chain in /tmp/w160/foldability_n1000/baseline/foldability/omegafold_shards/shard_00/queries.fasta
INFO:root:100 residues in this chain.
INFO:root:Finished prediction in 1.64 seconds.
INFO:root:Saving prediction to /tmp/w160/foldability_n1000/baseline/foldability/omegafold_shards/shard_00/pdb/q841.pdb
INFO:root:Saved
INFO:root:Predicting 584th chain in /tmp/w160/foldability_n1000/baseline/foldability/omegafold_shards/shard_00/queries.fasta
INFO:root:101 residues in this chain.
INFO:root:Finished prediction in 1.68 seconds.
INFO:root:Saving prediction to /tmp/w160/foldability_n1000/baseline/foldability/omegafold_shards/shard_00/pdb/q156.pdb
INFO:root:Saved
INFO:root:Predicting 585th chain in /tmp/w160/foldability_n1000/baseline/foldability/omegafold_shards/shard_00/queries.fasta
INFO:root:101 residues in this chain.
INFO:root:Finished prediction in 1.65 seconds.
INFO:root:Saving prediction to /tmp/w160/foldability_n1000/baseline/foldability/omegafold_shards/shard_00/pdb/q208.pdb
INFO:root:Saved
INFO:root:Predicting 586th chain in /tmp/w160/foldability_n1000/baseline/foldability/omegafold_shards/shard_00/queries.fasta
INFO:root:101 residues in this chain.
INFO:root:Finished prediction in 1.65 seconds.
INFO:root:Saving prediction to /tmp/w160/foldability_n1000/baseline/foldability/omegafold_shards/shard_00/pdb/q251.pdb
INFO:root:Saved
INFO:root:Predicting 587th chain in /tmp/w160/foldability_n1000/baseline/foldability/omegafold_shards/shard_00/queries.fasta
INFO:root:101 residues in this chain.
INFO:root:Finished prediction in 1.65 seconds.
INFO:root:Saving prediction to /tmp/w160/foldability_n1000/baseline/foldability/omegafold_shards/shard_00/pdb/q256.pdb
INFO:root:Saved
INFO:root:Predicting 588th chain in /tmp/w160/foldability_n1000/baseline/foldability/omegafold_shards/shard_00/queries.fasta
INFO:root:101 residues in this chain.
INFO:root:Finished prediction in 1.65 seconds.
INFO:root:Saving prediction to /tmp/w160/foldability_n1000/baseline/foldability/omegafold_shards/shard_00/pdb/q423.pdb
INFO:root:Saved
INFO:root:Predicting 589th chain in /tmp/w160/foldability_n1000/baseline/foldability/omegafold_shards/shard_00/queries.fasta
INFO:root:101 residues in this chain.
INFO:root:Finished prediction in 1.64 seconds.
INFO:root:Saving prediction to /tmp/w160/foldability_n1000/baseline/foldability/omegafold_shards/shard_00/pdb/q577.pdb
INFO:root:Saved
INFO:root:Predicting 590th chain in /tmp/w160/foldability_n1000/baseline/foldability/omegafold_shards/shard_00/queries.fasta
INFO:root:101 residues in this chain.
INFO:root:Finished prediction in 1.64 seconds.
INFO:root:Saving prediction to /tmp/w160/foldability_n1000/baseline/foldability/omegafold_shards/shard_00/pdb/q814.pdb
INFO:root:Saved
INFO:root:Predicting 591th chain in /tmp/w160/foldability_n1000/baseline/foldability/omegafold_shards/shard_00/queries.fasta
INFO:root:102 residues in this chain.
INFO:root:Finished prediction in 1.65 seconds.
INFO:root:Saving prediction to /tmp/w160/foldability_n1000/baseline/foldability/omegafold_shards/shard_00/pdb/q18.pdb
INFO:root:Saved
INFO:root:Predicting 592th chain in /tmp/w160/foldability_n1000/baseline/foldability/omegafold_shards/shard_00/queries.fasta
INFO:root:102 residues in this chain.
INFO:root:Finished prediction in 1.66 seconds.
INFO:root:Saving prediction to /tmp/w160/foldability_n1000/baseline/foldability/omegafold_shards/shard_00/pdb/q339.pdb
INFO:root:Saved
INFO:root:Predicting 593th chain in /tmp/w160/foldability_n1000/baseline/foldability/omegafold_shards/shard_00/queries.fasta
INFO:root:102 residues in this chain.
INFO:root:Finished prediction in 1.66 seconds.
INFO:root:Saving prediction to /tmp/w160/foldability_n1000/baseline/foldability/omegafold_shards/shard_00/pdb/q479.pdb
INFO:root:Saved
INFO:root:Predicting 594th chain in /tmp/w160/foldability_n1000/baseline/foldability/omegafold_shards/shard_00/queries.fasta
INFO:root:102 residues in this chain.
INFO:root:Finished prediction in 1.66 seconds.
INFO:root:Saving prediction to /tmp/w160/foldability_n1000/baseline/foldability/omegafold_shards/shard_00/pdb/q510.pdb
INFO:root:Saved
INFO:root:Predicting 595th chain in /tmp/w160/foldability_n1000/baseline/foldability/omegafold_shards/shard_00/queries.fasta
INFO:root:102 residues in this chain.
INFO:root:Finished prediction in 1.66 seconds.
INFO:root:Saving prediction to /tmp/w160/foldability_n1000/baseline/foldability/omegafold_shards/shard_00/pdb/q568.pdb
INFO:root:Saved
INFO:root:Predicting 596th chain in /tmp/w160/foldability_n1000/baseline/foldability/omegafold_shards/shard_00/queries.fasta
INFO:root:102 residues in this chain.
INFO:root:Finished prediction in 1.65 seconds.
INFO:root:Saving prediction to /tmp/w160/foldability_n1000/baseline/foldability/omegafold_shards/shard_00/pdb/q777.pdb
INFO:root:Saved
INFO:root:Predicting 597th chain in /tmp/w160/foldability_n1000/baseline/foldability/omegafold_shards/shard_00/queries.fasta
INFO:root:102 residues in this chain.
INFO:root:Finished prediction in 1.65 seconds.
INFO:root:Saving prediction to /tmp/w160/foldability_n1000/baseline/foldability/omegafold_shards/shard_00/pdb/q779.pdb
INFO:root:Saved
INFO:root:Predicting 598th chain in /tmp/w160/foldability_n1000/baseline/foldability/omegafold_shards/shard_00/queries.fasta
INFO:root:102 residues in this chain.
INFO:root:Finished prediction in 1.65 seconds.
INFO:root:Saving prediction to /tmp/w160/foldability_n1000/baseline/foldability/omegafold_shards/shard_00/pdb/q796.pdb
INFO:root:Saved
INFO:root:Predicting 599th chain in /tmp/w160/foldability_n1000/baseline/foldability/omegafold_shards/shard_00/queries.fasta
INFO:root:102 residues in this chain.
INFO:root:Finished prediction in 1.65 seconds.
INFO:root:Saving prediction to /tmp/w160/foldability_n1000/baseline/foldability/omegafold_shards/shard_00/pdb/q828.pdb
INFO:root:Saved
INFO:root:Predicting 600th chain in /tmp/w160/foldability_n1000/baseline/foldability/omegafold_shards/shard_00/queries.fasta
INFO:root:102 residues in this chain.
INFO:root:Finished prediction in 1.65 seconds.
INFO:root:Saving prediction to /tmp/w160/foldability_n1000/baseline/foldability/omegafold_shards/shard_00/pdb/q900.pdb
INFO:root:Saved
INFO:root:Predicting 601th chain in /tmp/w160/foldability_n1000/baseline/foldability/omegafold_shards/shard_00/queries.fasta
INFO:root:103 residues in this chain.
INFO:root:Finished prediction in 1.65 seconds.
INFO:root:Saving prediction to /tmp/w160/foldability_n1000/baseline/foldability/omegafold_shards/shard_00/pdb/q7.pdb
INFO:root:Saved
INFO:root:Predicting 602th chain in /tmp/w160/foldability_n1000/baseline/foldability/omegafold_shards/shard_00/queries.fasta
INFO:root:103 residues in this chain.
INFO:root:Finished prediction in 1.65 seconds.
INFO:root:Saving prediction to /tmp/w160/foldability_n1000/baseline/foldability/omegafold_shards/shard_00/pdb/q205.pdb
INFO:root:Saved
INFO:root:Predicting 603th chain in /tmp/w160/foldability_n1000/baseline/foldability/omegafold_shards/shard_00/queries.fasta
INFO:root:103 residues in this chain.
INFO:root:Finished prediction in 1.67 seconds.
INFO:root:Saving prediction to /tmp/w160/foldability_n1000/baseline/foldability/omegafold_shards/shard_00/pdb/q261.pdb
INFO:root:Saved
INFO:root:Predicting 604th chain in /tmp/w160/foldability_n1000/baseline/foldability/omegafold_shards/shard_00/queries.fasta
INFO:root:103 residues in this chain.
INFO:root:Finished prediction in 1.66 seconds.
INFO:root:Saving prediction to /tmp/w160/foldability_n1000/baseline/foldability/omegafold_shards/shard_00/pdb/q348.pdb
INFO:root:Saved
INFO:root:Predicting 605th chain in /tmp/w160/foldability_n1000/baseline/foldability/omegafold_shards/shard_00/queries.fasta
INFO:root:103 residues in this chain.
INFO:root:Finished prediction in 1.66 seconds.
INFO:root:Saving prediction to /tmp/w160/foldability_n1000/baseline/foldability/omegafold_shards/shard_00/pdb/q588.pdb
INFO:root:Saved
INFO:root:Predicting 606th chain in /tmp/w160/foldability_n1000/baseline/foldability/omegafold_shards/shard_00/queries.fasta
INFO:root:103 residues in this chain.
INFO:root:Finished prediction in 1.68 seconds.
INFO:root:Saving prediction to /tmp/w160/foldability_n1000/baseline/foldability/omegafold_shards/shard_00/pdb/q609.pdb
INFO:root:Saved
INFO:root:Predicting 607th chain in /tmp/w160/foldability_n1000/baseline/foldability/omegafold_shards/shard_00/queries.fasta
INFO:root:103 residues in this chain.
INFO:root:Finished prediction in 1.65 seconds.
INFO:root:Saving prediction to /tmp/w160/foldability_n1000/baseline/foldability/omegafold_shards/shard_00/pdb/q880.pdb
INFO:root:Saved
INFO:root:Predicting 608th chain in /tmp/w160/foldability_n1000/baseline/foldability/omegafold_shards/shard_00/queries.fasta
INFO:root:103 residues in this chain.
INFO:root:Finished prediction in 1.65 seconds.
INFO:root:Saving prediction to /tmp/w160/foldability_n1000/baseline/foldability/omegafold_shards/shard_00/pdb/q902.pdb
INFO:root:Saved
INFO:root:Predicting 609th chain in /tmp/w160/foldability_n1000/baseline/foldability/omegafold_shards/shard_00/queries.fasta
INFO:root:104 residues in this chain.
INFO:root:Finished prediction in 1.65 seconds.
INFO:root:Saving prediction to /tmp/w160/foldability_n1000/baseline/foldability/omegafold_shards/shard_00/pdb/q79.pdb
INFO:root:Saved
INFO:root:Predicting 610th chain in /tmp/w160/foldability_n1000/baseline/foldability/omegafold_shards/shard_00/queries.fasta
INFO:root:104 residues in this chain.
INFO:root:Finished prediction in 1.66 seconds.
INFO:root:Saving prediction to /tmp/w160/foldability_n1000/baseline/foldability/omegafold_shards/shard_00/pdb/q102.pdb
INFO:root:Saved
INFO:root:Predicting 611th chain in /tmp/w160/foldability_n1000/baseline/foldability/omegafold_shards/shard_00/queries.fasta
INFO:root:104 residues in this chain.
INFO:root:Finished prediction in 1.65 seconds.
INFO:root:Saving prediction to /tmp/w160/foldability_n1000/baseline/foldability/omegafold_shards/shard_00/pdb/q223.pdb
INFO:root:Saved
INFO:root:Predicting 612th chain in /tmp/w160/foldability_n1000/baseline/foldability/omegafold_shards/shard_00/queries.fasta
INFO:root:104 residues in this chain.
INFO:root:Finished prediction in 1.64 seconds.
INFO:root:Saving prediction to /tmp/w160/foldability_n1000/baseline/foldability/omegafold_shards/shard_00/pdb/q226.pdb
INFO:root:Saved
INFO:root:Predicting 613th chain in /tmp/w160/foldability_n1000/baseline/foldability/omegafold_shards/shard_00/queries.fasta
INFO:root:104 residues in this chain.
INFO:root:Finished prediction in 1.64 seconds.
INFO:root:Saving prediction to /tmp/w160/foldability_n1000/baseline/foldability/omegafold_shards/shard_00/pdb/q240.pdb
INFO:root:Saved
INFO:root:Predicting 614th chain in /tmp/w160/foldability_n1000/baseline/foldability/omegafold_shards/shard_00/queries.fasta
INFO:root:104 residues in this chain.
INFO:root:Finished prediction in 3.58 seconds.
INFO:root:Saving prediction to /tmp/w160/foldability_n1000/baseline/foldability/omegafold_shards/shard_00/pdb/q357.pdb
INFO:root:Saved
INFO:root:Predicting 615th chain in /tmp/w160/foldability_n1000/baseline/foldability/omegafold_shards/shard_00/queries.fasta
INFO:root:104 residues in this chain.
INFO:root:Finished prediction in 3.60 seconds.
INFO:root:Saving prediction to /tmp/w160/foldability_n1000/baseline/foldability/omegafold_shards/shard_00/pdb/q376.pdb
INFO:root:Saved
INFO:root:Predicting 616th chain in /tmp/w160/foldability_n1000/baseline/foldability/omegafold_shards/shard_00/queries.fasta
INFO:root:104 residues in this chain.
INFO:root:Finished prediction in 3.60 seconds.
INFO:root:Saving prediction to /tmp/w160/foldability_n1000/baseline/foldability/omegafold_shards/shard_00/pdb/q466.pdb
INFO:root:Saved
INFO:root:Predicting 617th chain in /tmp/w160/foldability_n1000/baseline/foldability/omegafold_shards/shard_00/queries.fasta
INFO:root:104 residues in this chain.
INFO:root:Finished prediction in 3.60 seconds.
INFO:root:Saving prediction to /tmp/w160/foldability_n1000/baseline/foldability/omegafold_shards/shard_00/pdb/q521.pdb
INFO:root:Saved
INFO:root:Predicting 618th chain in /tmp/w160/foldability_n1000/baseline/foldability/omegafold_shards/shard_00/queries.fasta
INFO:root:104 residues in this chain.
INFO:root:Finished prediction in 3.69 seconds.
INFO:root:Saving prediction to /tmp/w160/foldability_n1000/baseline/foldability/omegafold_shards/shard_00/pdb/q821.pdb
INFO:root:Saved
INFO:root:Predicting 619th chain in /tmp/w160/foldability_n1000/baseline/foldability/omegafold_shards/shard_00/queries.fasta
INFO:root:104 residues in this chain.
INFO:root:Finished prediction in 3.60 seconds.
INFO:root:Saving prediction to /tmp/w160/foldability_n1000/baseline/foldability/omegafold_shards/shard_00/pdb/q912.pdb
INFO:root:Saved
INFO:root:Predicting 620th chain in /tmp/w160/foldability_n1000/baseline/foldability/omegafold_shards/shard_00/queries.fasta
INFO:root:105 residues in this chain.
INFO:root:Finished prediction in 3.60 seconds.
INFO:root:Saving prediction to /tmp/w160/foldability_n1000/baseline/foldability/omegafold_shards/shard_00/pdb/q4.pdb
INFO:root:Saved
INFO:root:Predicting 621th chain in /tmp/w160/foldability_n1000/baseline/foldability/omegafold_shards/shard_00/queries.fasta
INFO:root:105 residues in this chain.
INFO:root:Finished prediction in 3.60 seconds.
INFO:root:Saving prediction to /tmp/w160/foldability_n1000/baseline/foldability/omegafold_shards/shard_00/pdb/q27.pdb
INFO:root:Saved
INFO:root:Predicting 622th chain in /tmp/w160/foldability_n1000/baseline/foldability/omegafold_shards/shard_00/queries.fasta
INFO:root:105 residues in this chain.
INFO:root:Finished prediction in 3.60 seconds.
INFO:root:Saving prediction to /tmp/w160/foldability_n1000/baseline/foldability/omegafold_shards/shard_00/pdb/q117.pdb
INFO:root:Saved
INFO:root:Predicting 623th chain in /tmp/w160/foldability_n1000/baseline/foldability/omegafold_shards/shard_00/queries.fasta
INFO:root:105 residues in this chain.
INFO:root:Finished prediction in 3.60 seconds.
INFO:root:Saving prediction to /tmp/w160/foldability_n1000/baseline/foldability/omegafold_shards/shard_00/pdb/q152.pdb
INFO:root:Saved
INFO:root:Predicting 624th chain in /tmp/w160/foldability_n1000/baseline/foldability/omegafold_shards/shard_00/queries.fasta
INFO:root:105 residues in this chain.
INFO:root:Finished prediction in 2.71 seconds.
INFO:root:Saving prediction to /tmp/w160/foldability_n1000/baseline/foldability/omegafold_shards/shard_00/pdb/q197.pdb
INFO:root:Saved
INFO:root:Predicting 625th chain in /tmp/w160/foldability_n1000/baseline/foldability/omegafold_shards/shard_00/queries.fasta
INFO:root:105 residues in this chain.
INFO:root:Finished prediction in 3.94 seconds.
INFO:root:Saving prediction to /tmp/w160/foldability_n1000/baseline/foldability/omegafold_shards/shard_00/pdb/q238.pdb
INFO:root:Saved
INFO:root:Predicting 626th chain in /tmp/w160/foldability_n1000/baseline/foldability/omegafold_shards/shard_00/queries.fasta
INFO:root:105 residues in this chain.
INFO:root:Finished prediction in 1.66 seconds.
INFO:root:Saving prediction to /tmp/w160/foldability_n1000/baseline/foldability/omegafold_shards/shard_00/pdb/q241.pdb
INFO:root:Saved
INFO:root:Predicting 627th chain in /tmp/w160/foldability_n1000/baseline/foldability/omegafold_shards/shard_00/queries.fasta
INFO:root:105 residues in this chain.
INFO:root:Finished prediction in 1.65 seconds.
INFO:root:Saving prediction to /tmp/w160/foldability_n1000/baseline/foldability/omegafold_shards/shard_00/pdb/q280.pdb
INFO:root:Saved
INFO:root:Predicting 628th chain in /tmp/w160/foldability_n1000/baseline/foldability/omegafold_shards/shard_00/queries.fasta
INFO:root:105 residues in this chain.
INFO:root:Finished prediction in 3.28 seconds.
INFO:root:Saving prediction to /tmp/w160/foldability_n1000/baseline/foldability/omegafold_shards/shard_00/pdb/q380.pdb
INFO:root:Saved
INFO:root:Predicting 629th chain in /tmp/w160/foldability_n1000/baseline/foldability/omegafold_shards/shard_00/queries.fasta
INFO:root:105 residues in this chain.
INFO:root:Finished prediction in 4.35 seconds.
INFO:root:Saving prediction to /tmp/w160/foldability_n1000/baseline/foldability/omegafold_shards/shard_00/pdb/q493.pdb
INFO:root:Saved
INFO:root:Predicting 630th chain in /tmp/w160/foldability_n1000/baseline/foldability/omegafold_shards/shard_00/queries.fasta
INFO:root:105 residues in this chain.
INFO:root:Finished prediction in 1.66 seconds.
INFO:root:Saving prediction to /tmp/w160/foldability_n1000/baseline/foldability/omegafold_shards/shard_00/pdb/q730.pdb
INFO:root:Saved
INFO:root:Predicting 631th chain in /tmp/w160/foldability_n1000/baseline/foldability/omegafold_shards/shard_00/queries.fasta
INFO:root:105 residues in this chain.
INFO:root:Finished prediction in 1.66 seconds.
INFO:root:Saving prediction to /tmp/w160/foldability_n1000/baseline/foldability/omegafold_shards/shard_00/pdb/q879.pdb
INFO:root:Saved
INFO:root:Predicting 632th chain in /tmp/w160/foldability_n1000/baseline/foldability/omegafold_shards/shard_00/queries.fasta
INFO:root:105 residues in this chain.
INFO:root:Finished prediction in 1.67 seconds.
INFO:root:Saving prediction to /tmp/w160/foldability_n1000/baseline/foldability/omegafold_shards/shard_00/pdb/q932.pdb
INFO:root:Saved
INFO:root:Predicting 633th chain in /tmp/w160/foldability_n1000/baseline/foldability/omegafold_shards/shard_00/queries.fasta
INFO:root:106 residues in this chain.
INFO:root:Finished prediction in 1.67 seconds.
INFO:root:Saving prediction to /tmp/w160/foldability_n1000/baseline/foldability/omegafold_shards/shard_00/pdb/q69.pdb
INFO:root:Saved
INFO:root:Predicting 634th chain in /tmp/w160/foldability_n1000/baseline/foldability/omegafold_shards/shard_00/queries.fasta
INFO:root:106 residues in this chain.
INFO:root:Finished prediction in 1.68 seconds.
INFO:root:Saving prediction to /tmp/w160/foldability_n1000/baseline/foldability/omegafold_shards/shard_00/pdb/q184.pdb
INFO:root:Saved
INFO:root:Predicting 635th chain in /tmp/w160/foldability_n1000/baseline/foldability/omegafold_shards/shard_00/queries.fasta
INFO:root:106 residues in this chain.
INFO:root:Finished prediction in 1.68 seconds.
INFO:root:Saving prediction to /tmp/w160/foldability_n1000/baseline/foldability/omegafold_shards/shard_00/pdb/q311.pdb
INFO:root:Saved
INFO:root:Predicting 636th chain in /tmp/w160/foldability_n1000/baseline/foldability/omegafold_shards/shard_00/queries.fasta
INFO:root:106 residues in this chain.
INFO:root:Finished prediction in 1.95 seconds.
INFO:root:Saving prediction to /tmp/w160/foldability_n1000/baseline/foldability/omegafold_shards/shard_00/pdb/q458.pdb
INFO:root:Saved
INFO:root:Predicting 637th chain in /tmp/w160/foldability_n1000/baseline/foldability/omegafold_shards/shard_00/queries.fasta
INFO:root:106 residues in this chain.
INFO:root:Finished prediction in 1.65 seconds.
INFO:root:Saving prediction to /tmp/w160/foldability_n1000/baseline/foldability/omegafold_shards/shard_00/pdb/q637.pdb
INFO:root:Saved
INFO:root:Predicting 638th chain in /tmp/w160/foldability_n1000/baseline/foldability/omegafold_shards/shard_00/queries.fasta
INFO:root:106 residues in this chain.
INFO:root:Finished prediction in 1.66 seconds.
INFO:root:Saving prediction to /tmp/w160/foldability_n1000/baseline/foldability/omegafold_shards/shard_00/pdb/q806.pdb
INFO:root:Saved
INFO:root:Predicting 639th chain in /tmp/w160/foldability_n1000/baseline/foldability/omegafold_shards/shard_00/queries.fasta
INFO:root:107 residues in this chain.
INFO:root:Finished prediction in 1.67 seconds.
INFO:root:Saving prediction to /tmp/w160/foldability_n1000/baseline/foldability/omegafold_shards/shard_00/pdb/q31.pdb
INFO:root:Saved
INFO:root:Predicting 640th chain in /tmp/w160/foldability_n1000/baseline/foldability/omegafold_shards/shard_00/queries.fasta
INFO:root:107 residues in this chain.
INFO:root:Finished prediction in 1.66 seconds.
INFO:root:Saving prediction to /tmp/w160/foldability_n1000/baseline/foldability/omegafold_shards/shard_00/pdb/q307.pdb
INFO:root:Saved
INFO:root:Predicting 641th chain in /tmp/w160/foldability_n1000/baseline/foldability/omegafold_shards/shard_00/queries.fasta
INFO:root:107 residues in this chain.
INFO:root:Finished prediction in 1.66 seconds.
INFO:root:Saving prediction to /tmp/w160/foldability_n1000/baseline/foldability/omegafold_shards/shard_00/pdb/q377.pdb
INFO:root:Saved
INFO:root:Predicting 642th chain in /tmp/w160/foldability_n1000/baseline/foldability/omegafold_shards/shard_00/queries.fasta
INFO:root:107 residues in this chain.
INFO:root:Finished prediction in 1.67 seconds.
INFO:root:Saving prediction to /tmp/w160/foldability_n1000/baseline/foldability/omegafold_shards/shard_00/pdb/q647.pdb
INFO:root:Saved
INFO:root:Predicting 643th chain in /tmp/w160/foldability_n1000/baseline/foldability/omegafold_shards/shard_00/queries.fasta
INFO:root:107 residues in this chain.
INFO:root:Finished prediction in 1.66 seconds.
INFO:root:Saving prediction to /tmp/w160/foldability_n1000/baseline/foldability/omegafold_shards/shard_00/pdb/q711.pdb
INFO:root:Saved
INFO:root:Predicting 644th chain in /tmp/w160/foldability_n1000/baseline/foldability/omegafold_shards/shard_00/queries.fasta
INFO:root:108 residues in this chain.
INFO:root:Finished prediction in 1.64 seconds.
INFO:root:Saving prediction to /tmp/w160/foldability_n1000/baseline/foldability/omegafold_shards/shard_00/pdb/q46.pdb
INFO:root:Saved
INFO:root:Predicting 645th chain in /tmp/w160/foldability_n1000/baseline/foldability/omegafold_shards/shard_00/queries.fasta
INFO:root:108 residues in this chain.
INFO:root:Finished prediction in 1.65 seconds.
INFO:root:Saving prediction to /tmp/w160/foldability_n1000/baseline/foldability/omegafold_shards/shard_00/pdb/q60.pdb
INFO:root:Saved
INFO:root:Predicting 646th chain in /tmp/w160/foldability_n1000/baseline/foldability/omegafold_shards/shard_00/queries.fasta
INFO:root:108 residues in this chain.
INFO:root:Finished prediction in 1.65 seconds.
INFO:root:Saving prediction to /tmp/w160/foldability_n1000/baseline/foldability/omegafold_shards/shard_00/pdb/q109.pdb
INFO:root:Saved
INFO:root:Predicting 647th chain in /tmp/w160/foldability_n1000/baseline/foldability/omegafold_shards/shard_00/queries.fasta
INFO:root:108 residues in this chain.
INFO:root:Finished prediction in 1.64 seconds.
INFO:root:Saving prediction to /tmp/w160/foldability_n1000/baseline/foldability/omegafold_shards/shard_00/pdb/q232.pdb
INFO:root:Saved
INFO:root:Predicting 648th chain in /tmp/w160/foldability_n1000/baseline/foldability/omegafold_shards/shard_00/queries.fasta
INFO:root:108 residues in this chain.
INFO:root:Finished prediction in 1.63 seconds.
INFO:root:Saving prediction to /tmp/w160/foldability_n1000/baseline/foldability/omegafold_shards/shard_00/pdb/q540.pdb
INFO:root:Saved
INFO:root:Predicting 649th chain in /tmp/w160/foldability_n1000/baseline/foldability/omegafold_shards/shard_00/queries.fasta
INFO:root:108 residues in this chain.
INFO:root:Finished prediction in 1.64 seconds.
INFO:root:Saving prediction to /tmp/w160/foldability_n1000/baseline/foldability/omegafold_shards/shard_00/pdb/q563.pdb
INFO:root:Saved
INFO:root:Predicting 650th chain in /tmp/w160/foldability_n1000/baseline/foldability/omegafold_shards/shard_00/queries.fasta
INFO:root:108 residues in this chain.
INFO:root:Finished prediction in 1.63 seconds.
INFO:root:Saving prediction to /tmp/w160/foldability_n1000/baseline/foldability/omegafold_shards/shard_00/pdb/q812.pdb
INFO:root:Saved
INFO:root:Predicting 651th chain in /tmp/w160/foldability_n1000/baseline/foldability/omegafold_shards/shard_00/queries.fasta
INFO:root:108 residues in this chain.
INFO:root:Finished prediction in 1.64 seconds.
INFO:root:Saving prediction to /tmp/w160/foldability_n1000/baseline/foldability/omegafold_shards/shard_00/pdb/q872.pdb
INFO:root:Saved
INFO:root:Predicting 652th chain in /tmp/w160/foldability_n1000/baseline/foldability/omegafold_shards/shard_00/queries.fasta
INFO:root:109 residues in this chain.
INFO:root:Finished prediction in 1.65 seconds.
INFO:root:Saving prediction to /tmp/w160/foldability_n1000/baseline/foldability/omegafold_shards/shard_00/pdb/q57.pdb
INFO:root:Saved
INFO:root:Predicting 653th chain in /tmp/w160/foldability_n1000/baseline/foldability/omegafold_shards/shard_00/queries.fasta
INFO:root:109 residues in this chain.
INFO:root:Finished prediction in 1.65 seconds.
INFO:root:Saving prediction to /tmp/w160/foldability_n1000/baseline/foldability/omegafold_shards/shard_00/pdb/q292.pdb
INFO:root:Saved
INFO:root:Predicting 654th chain in /tmp/w160/foldability_n1000/baseline/foldability/omegafold_shards/shard_00/queries.fasta
INFO:root:109 residues in this chain.
INFO:root:Finished prediction in 1.67 seconds.
INFO:root:Saving prediction to /tmp/w160/foldability_n1000/baseline/foldability/omegafold_shards/shard_00/pdb/q316.pdb
INFO:root:Saved
INFO:root:Predicting 655th chain in /tmp/w160/foldability_n1000/baseline/foldability/omegafold_shards/shard_00/queries.fasta
INFO:root:109 residues in this chain.
INFO:root:Finished prediction in 1.65 seconds.
INFO:root:Saving prediction to /tmp/w160/foldability_n1000/baseline/foldability/omegafold_shards/shard_00/pdb/q375.pdb
INFO:root:Saved
INFO:root:Predicting 656th chain in /tmp/w160/foldability_n1000/baseline/foldability/omegafold_shards/shard_00/queries.fasta
INFO:root:109 residues in this chain.
INFO:root:Finished prediction in 1.65 seconds.
INFO:root:Saving prediction to /tmp/w160/foldability_n1000/baseline/foldability/omegafold_shards/shard_00/pdb/q573.pdb
INFO:root:Saved
INFO:root:Predicting 657th chain in /tmp/w160/foldability_n1000/baseline/foldability/omegafold_shards/shard_00/queries.fasta
INFO:root:109 residues in this chain.
INFO:root:Finished prediction in 1.65 seconds.
INFO:root:Saving prediction to /tmp/w160/foldability_n1000/baseline/foldability/omegafold_shards/shard_00/pdb/q604.pdb
INFO:root:Saved
INFO:root:Predicting 658th chain in /tmp/w160/foldability_n1000/baseline/foldability/omegafold_shards/shard_00/queries.fasta
INFO:root:109 residues in this chain.
INFO:root:Finished prediction in 1.65 seconds.
INFO:root:Saving prediction to /tmp/w160/foldability_n1000/baseline/foldability/omegafold_shards/shard_00/pdb/q612.pdb
INFO:root:Saved
INFO:root:Predicting 659th chain in /tmp/w160/foldability_n1000/baseline/foldability/omegafold_shards/shard_00/queries.fasta
INFO:root:109 residues in this chain.
INFO:root:Finished prediction in 1.65 seconds.
INFO:root:Saving prediction to /tmp/w160/foldability_n1000/baseline/foldability/omegafold_shards/shard_00/pdb/q835.pdb
INFO:root:Saved
INFO:root:Predicting 660th chain in /tmp/w160/foldability_n1000/baseline/foldability/omegafold_shards/shard_00/queries.fasta
INFO:root:109 residues in this chain.
INFO:root:Finished prediction in 1.65 seconds.
INFO:root:Saving prediction to /tmp/w160/foldability_n1000/baseline/foldability/omegafold_shards/shard_00/pdb/q866.pdb
INFO:root:Saved
INFO:root:Predicting 661th chain in /tmp/w160/foldability_n1000/baseline/foldability/omegafold_shards/shard_00/queries.fasta
INFO:root:109 residues in this chain.
INFO:root:Finished prediction in 1.65 seconds.
INFO:root:Saving prediction to /tmp/w160/foldability_n1000/baseline/foldability/omegafold_shards/shard_00/pdb/q882.pdb
INFO:root:Saved
INFO:root:Predicting 662th chain in /tmp/w160/foldability_n1000/baseline/foldability/omegafold_shards/shard_00/queries.fasta
INFO:root:109 residues in this chain.
INFO:root:Finished prediction in 1.65 seconds.
INFO:root:Saving prediction to /tmp/w160/foldability_n1000/baseline/foldability/omegafold_shards/shard_00/pdb/q941.pdb
INFO:root:Saved
INFO:root:Predicting 663th chain in /tmp/w160/foldability_n1000/baseline/foldability/omegafold_shards/shard_00/queries.fasta
INFO:root:110 residues in this chain.
INFO:root:Finished prediction in 1.66 seconds.
INFO:root:Saving prediction to /tmp/w160/foldability_n1000/baseline/foldability/omegafold_shards/shard_00/pdb/q64.pdb
INFO:root:Saved
INFO:root:Predicting 664th chain in /tmp/w160/foldability_n1000/baseline/foldability/omegafold_shards/shard_00/queries.fasta
INFO:root:110 residues in this chain.
INFO:root:Finished prediction in 1.64 seconds.
INFO:root:Saving prediction to /tmp/w160/foldability_n1000/baseline/foldability/omegafold_shards/shard_00/pdb/q145.pdb
INFO:root:Saved
INFO:root:Predicting 665th chain in /tmp/w160/foldability_n1000/baseline/foldability/omegafold_shards/shard_00/queries.fasta
INFO:root:110 residues in this chain.
INFO:root:Finished prediction in 1.65 seconds.
INFO:root:Saving prediction to /tmp/w160/foldability_n1000/baseline/foldability/omegafold_shards/shard_00/pdb/q236.pdb
INFO:root:Saved
INFO:root:Predicting 666th chain in /tmp/w160/foldability_n1000/baseline/foldability/omegafold_shards/shard_00/queries.fasta
INFO:root:110 residues in this chain.
INFO:root:Finished prediction in 1.65 seconds.
INFO:root:Saving prediction to /tmp/w160/foldability_n1000/baseline/foldability/omegafold_shards/shard_00/pdb/q373.pdb
INFO:root:Saved
INFO:root:Predicting 667th chain in /tmp/w160/foldability_n1000/baseline/foldability/omegafold_shards/shard_00/queries.fasta
INFO:root:110 residues in this chain.
INFO:root:Finished prediction in 1.65 seconds.
INFO:root:Saving prediction to /tmp/w160/foldability_n1000/baseline/foldability/omegafold_shards/shard_00/pdb/q461.pdb
INFO:root:Saved
INFO:root:Predicting 668th chain in /tmp/w160/foldability_n1000/baseline/foldability/omegafold_shards/shard_00/queries.fasta
INFO:root:110 residues in this chain.
INFO:root:Finished prediction in 1.66 seconds.
INFO:root:Saving prediction to /tmp/w160/foldability_n1000/baseline/foldability/omegafold_shards/shard_00/pdb/q628.pdb
INFO:root:Saved
INFO:root:Predicting 669th chain in /tmp/w160/foldability_n1000/baseline/foldability/omegafold_shards/shard_00/queries.fasta
INFO:root:110 residues in this chain.
INFO:root:Finished prediction in 1.67 seconds.
INFO:root:Saving prediction to /tmp/w160/foldability_n1000/baseline/foldability/omegafold_shards/shard_00/pdb/q770.pdb
INFO:root:Saved
INFO:root:Predicting 670th chain in /tmp/w160/foldability_n1000/baseline/foldability/omegafold_shards/shard_00/queries.fasta
INFO:root:110 residues in this chain.
INFO:root:Finished prediction in 1.69 seconds.
INFO:root:Saving prediction to /tmp/w160/foldability_n1000/baseline/foldability/omegafold_shards/shard_00/pdb/q803.pdb
INFO:root:Saved
INFO:root:Predicting 671th chain in /tmp/w160/foldability_n1000/baseline/foldability/omegafold_shards/shard_00/queries.fasta
INFO:root:110 residues in this chain.
INFO:root:Finished prediction in 1.70 seconds.
INFO:root:Saving prediction to /tmp/w160/foldability_n1000/baseline/foldability/omegafold_shards/shard_00/pdb/q881.pdb
INFO:root:Saved
INFO:root:Predicting 672th chain in /tmp/w160/foldability_n1000/baseline/foldability/omegafold_shards/shard_00/queries.fasta
INFO:root:110 residues in this chain.
INFO:root:Finished prediction in 1.70 seconds.
INFO:root:Saving prediction to /tmp/w160/foldability_n1000/baseline/foldability/omegafold_shards/shard_00/pdb/q924.pdb
INFO:root:Saved
INFO:root:Predicting 673th chain in /tmp/w160/foldability_n1000/baseline/foldability/omegafold_shards/shard_00/queries.fasta
INFO:root:111 residues in this chain.
INFO:root:Finished prediction in 3.44 seconds.
INFO:root:Saving prediction to /tmp/w160/foldability_n1000/baseline/foldability/omegafold_shards/shard_00/pdb/q0.pdb
INFO:root:Saved
INFO:root:Predicting 674th chain in /tmp/w160/foldability_n1000/baseline/foldability/omegafold_shards/shard_00/queries.fasta
INFO:root:111 residues in this chain.
INFO:root:Finished prediction in 3.60 seconds.
INFO:root:Saving prediction to /tmp/w160/foldability_n1000/baseline/foldability/omegafold_shards/shard_00/pdb/q146.pdb
INFO:root:Saved
INFO:root:Predicting 675th chain in /tmp/w160/foldability_n1000/baseline/foldability/omegafold_shards/shard_00/queries.fasta
INFO:root:111 residues in this chain.
INFO:root:Finished prediction in 3.60 seconds.
INFO:root:Saving prediction to /tmp/w160/foldability_n1000/baseline/foldability/omegafold_shards/shard_00/pdb/q158.pdb
INFO:root:Saved
INFO:root:Predicting 676th chain in /tmp/w160/foldability_n1000/baseline/foldability/omegafold_shards/shard_00/queries.fasta
INFO:root:111 residues in this chain.
INFO:root:Finished prediction in 3.59 seconds.
INFO:root:Saving prediction to /tmp/w160/foldability_n1000/baseline/foldability/omegafold_shards/shard_00/pdb/q178.pdb
INFO:root:Saved
INFO:root:Predicting 677th chain in /tmp/w160/foldability_n1000/baseline/foldability/omegafold_shards/shard_00/queries.fasta
INFO:root:111 residues in this chain.
INFO:root:Finished prediction in 3.60 seconds.
INFO:root:Saving prediction to /tmp/w160/foldability_n1000/baseline/foldability/omegafold_shards/shard_00/pdb/q186.pdb
INFO:root:Saved
INFO:root:Predicting 678th chain in /tmp/w160/foldability_n1000/baseline/foldability/omegafold_shards/shard_00/queries.fasta
INFO:root:111 residues in this chain.
INFO:root:Finished prediction in 3.60 seconds.
INFO:root:Saving prediction to /tmp/w160/foldability_n1000/baseline/foldability/omegafold_shards/shard_00/pdb/q244.pdb
INFO:root:Saved
INFO:root:Predicting 679th chain in /tmp/w160/foldability_n1000/baseline/foldability/omegafold_shards/shard_00/queries.fasta
INFO:root:111 residues in this chain.
INFO:root:Finished prediction in 3.60 seconds.
INFO:root:Saving prediction to /tmp/w160/foldability_n1000/baseline/foldability/omegafold_shards/shard_00/pdb/q279.pdb
INFO:root:Saved
INFO:root:Predicting 680th chain in /tmp/w160/foldability_n1000/baseline/foldability/omegafold_shards/shard_00/queries.fasta
INFO:root:111 residues in this chain.
INFO:root:Finished prediction in 3.60 seconds.
INFO:root:Saving prediction to /tmp/w160/foldability_n1000/baseline/foldability/omegafold_shards/shard_00/pdb/q308.pdb
INFO:root:Saved
INFO:root:Predicting 681th chain in /tmp/w160/foldability_n1000/baseline/foldability/omegafold_shards/shard_00/queries.fasta
INFO:root:111 residues in this chain.
INFO:root:Finished prediction in 3.59 seconds.
INFO:root:Saving prediction to /tmp/w160/foldability_n1000/baseline/foldability/omegafold_shards/shard_00/pdb/q341.pdb
INFO:root:Saved
INFO:root:Predicting 682th chain in /tmp/w160/foldability_n1000/baseline/foldability/omegafold_shards/shard_00/queries.fasta
INFO:root:111 residues in this chain.
INFO:root:Finished prediction in 3.59 seconds.
INFO:root:Saving prediction to /tmp/w160/foldability_n1000/baseline/foldability/omegafold_shards/shard_00/pdb/q382.pdb
INFO:root:Saved
INFO:root:Predicting 683th chain in /tmp/w160/foldability_n1000/baseline/foldability/omegafold_shards/shard_00/queries.fasta
INFO:root:111 residues in this chain.
INFO:root:Finished prediction in 3.59 seconds.
INFO:root:Saving prediction to /tmp/w160/foldability_n1000/baseline/foldability/omegafold_shards/shard_00/pdb/q399.pdb
INFO:root:Saved
INFO:root:Predicting 684th chain in /tmp/w160/foldability_n1000/baseline/foldability/omegafold_shards/shard_00/queries.fasta
INFO:root:111 residues in this chain.
INFO:root:Finished prediction in 3.59 seconds.
INFO:root:Saving prediction to /tmp/w160/foldability_n1000/baseline/foldability/omegafold_shards/shard_00/pdb/q441.pdb
INFO:root:Saved
INFO:root:Predicting 685th chain in /tmp/w160/foldability_n1000/baseline/foldability/omegafold_shards/shard_00/queries.fasta
INFO:root:111 residues in this chain.
INFO:root:Finished prediction in 3.59 seconds.
INFO:root:Saving prediction to /tmp/w160/foldability_n1000/baseline/foldability/omegafold_shards/shard_00/pdb/q593.pdb
INFO:root:Saved
INFO:root:Predicting 686th chain in /tmp/w160/foldability_n1000/baseline/foldability/omegafold_shards/shard_00/queries.fasta
INFO:root:111 residues in this chain.
INFO:root:Finished prediction in 3.59 seconds.
INFO:root:Saving prediction to /tmp/w160/foldability_n1000/baseline/foldability/omegafold_shards/shard_00/pdb/q703.pdb
INFO:root:Saved
INFO:root:Predicting 687th chain in /tmp/w160/foldability_n1000/baseline/foldability/omegafold_shards/shard_00/queries.fasta
INFO:root:111 residues in this chain.
INFO:root:Finished prediction in 3.59 seconds.
INFO:root:Saving prediction to /tmp/w160/foldability_n1000/baseline/foldability/omegafold_shards/shard_00/pdb/q897.pdb
INFO:root:Saved
INFO:root:Predicting 688th chain in /tmp/w160/foldability_n1000/baseline/foldability/omegafold_shards/shard_00/queries.fasta
INFO:root:112 residues in this chain.
INFO:root:Finished prediction in 3.64 seconds.
INFO:root:Saving prediction to /tmp/w160/foldability_n1000/baseline/foldability/omegafold_shards/shard_00/pdb/q163.pdb
INFO:root:Saved
INFO:root:Predicting 689th chain in /tmp/w160/foldability_n1000/baseline/foldability/omegafold_shards/shard_00/queries.fasta
INFO:root:112 residues in this chain.
INFO:root:Finished prediction in 3.60 seconds.
INFO:root:Saving prediction to /tmp/w160/foldability_n1000/baseline/foldability/omegafold_shards/shard_00/pdb/q437.pdb
INFO:root:Saved
INFO:root:Predicting 690th chain in /tmp/w160/foldability_n1000/baseline/foldability/omegafold_shards/shard_00/queries.fasta
INFO:root:112 residues in this chain.
INFO:root:Finished prediction in 3.60 seconds.
INFO:root:Saving prediction to /tmp/w160/foldability_n1000/baseline/foldability/omegafold_shards/shard_00/pdb/q565.pdb
INFO:root:Saved
INFO:root:Predicting 691th chain in /tmp/w160/foldability_n1000/baseline/foldability/omegafold_shards/shard_00/queries.fasta
INFO:root:112 residues in this chain.
INFO:root:Finished prediction in 3.60 seconds.
INFO:root:Saving prediction to /tmp/w160/foldability_n1000/baseline/foldability/omegafold_shards/shard_00/pdb/q619.pdb
INFO:root:Saved
INFO:root:Predicting 692th chain in /tmp/w160/foldability_n1000/baseline/foldability/omegafold_shards/shard_00/queries.fasta
INFO:root:112 residues in this chain.
INFO:root:Finished prediction in 3.60 seconds.
INFO:root:Saving prediction to /tmp/w160/foldability_n1000/baseline/foldability/omegafold_shards/shard_00/pdb/q695.pdb
INFO:root:Saved
INFO:root:Predicting 693th chain in /tmp/w160/foldability_n1000/baseline/foldability/omegafold_shards/shard_00/queries.fasta
INFO:root:112 residues in this chain.
INFO:root:Finished prediction in 3.60 seconds.
INFO:root:Saving prediction to /tmp/w160/foldability_n1000/baseline/foldability/omegafold_shards/shard_00/pdb/q791.pdb
INFO:root:Saved
INFO:root:Predicting 694th chain in /tmp/w160/foldability_n1000/baseline/foldability/omegafold_shards/shard_00/queries.fasta
INFO:root:113 residues in this chain.
INFO:root:Finished prediction in 3.59 seconds.
INFO:root:Saving prediction to /tmp/w160/foldability_n1000/baseline/foldability/omegafold_shards/shard_00/pdb/q59.pdb
INFO:root:Saved
INFO:root:Predicting 695th chain in /tmp/w160/foldability_n1000/baseline/foldability/omegafold_shards/shard_00/queries.fasta
INFO:root:113 residues in this chain.
INFO:root:Finished prediction in 3.59 seconds.
INFO:root:Saving prediction to /tmp/w160/foldability_n1000/baseline/foldability/omegafold_shards/shard_00/pdb/q176.pdb
INFO:root:Saved
INFO:root:Predicting 696th chain in /tmp/w160/foldability_n1000/baseline/foldability/omegafold_shards/shard_00/queries.fasta
INFO:root:113 residues in this chain.
INFO:root:Finished prediction in 3.58 seconds.
INFO:root:Saving prediction to /tmp/w160/foldability_n1000/baseline/foldability/omegafold_shards/shard_00/pdb/q407.pdb
INFO:root:Saved
INFO:root:Predicting 697th chain in /tmp/w160/foldability_n1000/baseline/foldability/omegafold_shards/shard_00/queries.fasta
INFO:root:113 residues in this chain.
INFO:root:Finished prediction in 3.59 seconds.
INFO:root:Saving prediction to /tmp/w160/foldability_n1000/baseline/foldability/omegafold_shards/shard_00/pdb/q570.pdb
INFO:root:Saved
INFO:root:Predicting 698th chain in /tmp/w160/foldability_n1000/baseline/foldability/omegafold_shards/shard_00/queries.fasta
INFO:root:113 residues in this chain.
INFO:root:Finished prediction in 3.59 seconds.
INFO:root:Saving prediction to /tmp/w160/foldability_n1000/baseline/foldability/omegafold_shards/shard_00/pdb/q855.pdb
INFO:root:Saved
INFO:root:Predicting 699th chain in /tmp/w160/foldability_n1000/baseline/foldability/omegafold_shards/shard_00/queries.fasta
INFO:root:114 residues in this chain.
INFO:root:Finished prediction in 3.59 seconds.
INFO:root:Saving prediction to /tmp/w160/foldability_n1000/baseline/foldability/omegafold_shards/shard_00/pdb/q76.pdb
INFO:root:Saved
INFO:root:Predicting 700th chain in /tmp/w160/foldability_n1000/baseline/foldability/omegafold_shards/shard_00/queries.fasta
INFO:root:114 residues in this chain.
INFO:root:Finished prediction in 3.60 seconds.
INFO:root:Saving prediction to /tmp/w160/foldability_n1000/baseline/foldability/omegafold_shards/shard_00/pdb/q379.pdb
INFO:root:Saved
INFO:root:Predicting 701th chain in /tmp/w160/foldability_n1000/baseline/foldability/omegafold_shards/shard_00/queries.fasta
INFO:root:114 residues in this chain.
INFO:root:Finished prediction in 3.61 seconds.
INFO:root:Saving prediction to /tmp/w160/foldability_n1000/baseline/foldability/omegafold_shards/shard_00/pdb/q398.pdb
INFO:root:Saved
INFO:root:Predicting 702th chain in /tmp/w160/foldability_n1000/baseline/foldability/omegafold_shards/shard_00/queries.fasta
INFO:root:114 residues in this chain.
INFO:root:Finished prediction in 3.60 seconds.
INFO:root:Saving prediction to /tmp/w160/foldability_n1000/baseline/foldability/omegafold_shards/shard_00/pdb/q486.pdb
INFO:root:Saved
INFO:root:Predicting 703th chain in /tmp/w160/foldability_n1000/baseline/foldability/omegafold_shards/shard_00/queries.fasta
INFO:root:114 residues in this chain.
INFO:root:Finished prediction in 3.69 seconds.
INFO:root:Saving prediction to /tmp/w160/foldability_n1000/baseline/foldability/omegafold_shards/shard_00/pdb/q569.pdb
INFO:root:Saved
INFO:root:Predicting 704th chain in /tmp/w160/foldability_n1000/baseline/foldability/omegafold_shards/shard_00/queries.fasta
INFO:root:114 residues in this chain.
INFO:root:Finished prediction in 3.67 seconds.
INFO:root:Saving prediction to /tmp/w160/foldability_n1000/baseline/foldability/omegafold_shards/shard_00/pdb/q605.pdb
INFO:root:Saved
INFO:root:Predicting 705th chain in /tmp/w160/foldability_n1000/baseline/foldability/omegafold_shards/shard_00/queries.fasta
INFO:root:114 residues in this chain.
INFO:root:Finished prediction in 3.60 seconds.
INFO:root:Saving prediction to /tmp/w160/foldability_n1000/baseline/foldability/omegafold_shards/shard_00/pdb/q607.pdb
INFO:root:Saved
INFO:root:Predicting 706th chain in /tmp/w160/foldability_n1000/baseline/foldability/omegafold_shards/shard_00/queries.fasta
INFO:root:114 residues in this chain.
INFO:root:Finished prediction in 3.61 seconds.
INFO:root:Saving prediction to /tmp/w160/foldability_n1000/baseline/foldability/omegafold_shards/shard_00/pdb/q740.pdb
INFO:root:Saved
INFO:root:Predicting 707th chain in /tmp/w160/foldability_n1000/baseline/foldability/omegafold_shards/shard_00/queries.fasta
INFO:root:114 residues in this chain.
INFO:root:Finished prediction in 3.60 seconds.
INFO:root:Saving prediction to /tmp/w160/foldability_n1000/baseline/foldability/omegafold_shards/shard_00/pdb/q873.pdb
INFO:root:Saved
INFO:root:Predicting 708th chain in /tmp/w160/foldability_n1000/baseline/foldability/omegafold_shards/shard_00/queries.fasta
INFO:root:114 residues in this chain.
INFO:root:Finished prediction in 3.60 seconds.
INFO:root:Saving prediction to /tmp/w160/foldability_n1000/baseline/foldability/omegafold_shards/shard_00/pdb/q910.pdb
INFO:root:Saved
INFO:root:Predicting 709th chain in /tmp/w160/foldability_n1000/baseline/foldability/omegafold_shards/shard_00/queries.fasta
INFO:root:114 residues in this chain.
INFO:root:Finished prediction in 3.60 seconds.
INFO:root:Saving prediction to /tmp/w160/foldability_n1000/baseline/foldability/omegafold_shards/shard_00/pdb/q979.pdb
INFO:root:Saved
INFO:root:Predicting 710th chain in /tmp/w160/foldability_n1000/baseline/foldability/omegafold_shards/shard_00/queries.fasta
INFO:root:114 residues in this chain.
INFO:root:Finished prediction in 3.60 seconds.
INFO:root:Saving prediction to /tmp/w160/foldability_n1000/baseline/foldability/omegafold_shards/shard_00/pdb/q994.pdb
INFO:root:Saved
INFO:root:Predicting 711th chain in /tmp/w160/foldability_n1000/baseline/foldability/omegafold_shards/shard_00/queries.fasta
INFO:root:115 residues in this chain.
INFO:root:Finished prediction in 3.25 seconds.
INFO:root:Saving prediction to /tmp/w160/foldability_n1000/baseline/foldability/omegafold_shards/shard_00/pdb/q56.pdb
INFO:root:Saved
INFO:root:Predicting 712th chain in /tmp/w160/foldability_n1000/baseline/foldability/omegafold_shards/shard_00/queries.fasta
INFO:root:115 residues in this chain.
INFO:root:Finished prediction in 1.67 seconds.
INFO:root:Saving prediction to /tmp/w160/foldability_n1000/baseline/foldability/omegafold_shards/shard_00/pdb/q220.pdb
INFO:root:Saved
INFO:root:Predicting 713th chain in /tmp/w160/foldability_n1000/baseline/foldability/omegafold_shards/shard_00/queries.fasta
INFO:root:115 residues in this chain.
INFO:root:Finished prediction in 2.30 seconds.
INFO:root:Saving prediction to /tmp/w160/foldability_n1000/baseline/foldability/omegafold_shards/shard_00/pdb/q286.pdb
INFO:root:Saved
INFO:root:Predicting 714th chain in /tmp/w160/foldability_n1000/baseline/foldability/omegafold_shards/shard_00/queries.fasta
INFO:root:115 residues in this chain.
INFO:root:Finished prediction in 4.67 seconds.
INFO:root:Saving prediction to /tmp/w160/foldability_n1000/baseline/foldability/omegafold_shards/shard_00/pdb/q390.pdb
INFO:root:Saved
INFO:root:Predicting 715th chain in /tmp/w160/foldability_n1000/baseline/foldability/omegafold_shards/shard_00/queries.fasta
INFO:root:115 residues in this chain.
INFO:root:Finished prediction in 3.47 seconds.
INFO:root:Saving prediction to /tmp/w160/foldability_n1000/baseline/foldability/omegafold_shards/shard_00/pdb/q552.pdb
INFO:root:Saved
INFO:root:Predicting 716th chain in /tmp/w160/foldability_n1000/baseline/foldability/omegafold_shards/shard_00/queries.fasta
INFO:root:115 residues in this chain.
INFO:root:Finished prediction in 3.61 seconds.
INFO:root:Saving prediction to /tmp/w160/foldability_n1000/baseline/foldability/omegafold_shards/shard_00/pdb/q731.pdb
INFO:root:Saved
INFO:root:Predicting 717th chain in /tmp/w160/foldability_n1000/baseline/foldability/omegafold_shards/shard_00/queries.fasta
INFO:root:115 residues in this chain.
INFO:root:Finished prediction in 3.64 seconds.
INFO:root:Saving prediction to /tmp/w160/foldability_n1000/baseline/foldability/omegafold_shards/shard_00/pdb/q786.pdb
INFO:root:Saved
INFO:root:Predicting 718th chain in /tmp/w160/foldability_n1000/baseline/foldability/omegafold_shards/shard_00/queries.fasta
INFO:root:116 residues in this chain.
INFO:root:Finished prediction in 3.80 seconds.
INFO:root:Saving prediction to /tmp/w160/foldability_n1000/baseline/foldability/omegafold_shards/shard_00/pdb/q16.pdb
INFO:root:Saved
INFO:root:Predicting 719th chain in /tmp/w160/foldability_n1000/baseline/foldability/omegafold_shards/shard_00/queries.fasta
INFO:root:116 residues in this chain.
INFO:root:Finished prediction in 2.73 seconds.
INFO:root:Saving prediction to /tmp/w160/foldability_n1000/baseline/foldability/omegafold_shards/shard_00/pdb/q105.pdb
INFO:root:Saved
INFO:root:Predicting 720th chain in /tmp/w160/foldability_n1000/baseline/foldability/omegafold_shards/shard_00/queries.fasta
INFO:root:116 residues in this chain.
INFO:root:Finished prediction in 3.00 seconds.
INFO:root:Saving prediction to /tmp/w160/foldability_n1000/baseline/foldability/omegafold_shards/shard_00/pdb/q309.pdb
INFO:root:Saved
INFO:root:Predicting 721th chain in /tmp/w160/foldability_n1000/baseline/foldability/omegafold_shards/shard_00/queries.fasta
INFO:root:116 residues in this chain.
INFO:root:Finished prediction in 2.99 seconds.
INFO:root:Saving prediction to /tmp/w160/foldability_n1000/baseline/foldability/omegafold_shards/shard_00/pdb/q512.pdb
INFO:root:Saved
INFO:root:Predicting 722th chain in /tmp/w160/foldability_n1000/baseline/foldability/omegafold_shards/shard_00/queries.fasta
INFO:root:116 residues in this chain.
INFO:root:Finished prediction in 1.99 seconds.
INFO:root:Saving prediction to /tmp/w160/foldability_n1000/baseline/foldability/omegafold_shards/shard_00/pdb/q615.pdb
INFO:root:Saved
INFO:root:Predicting 723th chain in /tmp/w160/foldability_n1000/baseline/foldability/omegafold_shards/shard_00/queries.fasta
INFO:root:116 residues in this chain.
INFO:root:Finished prediction in 3.53 seconds.
INFO:root:Saving prediction to /tmp/w160/foldability_n1000/baseline/foldability/omegafold_shards/shard_00/pdb/q627.pdb
INFO:root:Saved
INFO:root:Predicting 724th chain in /tmp/w160/foldability_n1000/baseline/foldability/omegafold_shards/shard_00/queries.fasta
INFO:root:116 residues in this chain.
INFO:root:Finished prediction in 3.74 seconds.
INFO:root:Saving prediction to /tmp/w160/foldability_n1000/baseline/foldability/omegafold_shards/shard_00/pdb/q771.pdb
INFO:root:Saved
INFO:root:Predicting 725th chain in /tmp/w160/foldability_n1000/baseline/foldability/omegafold_shards/shard_00/queries.fasta
INFO:root:116 residues in this chain.
INFO:root:Finished prediction in 4.40 seconds.
INFO:root:Saving prediction to /tmp/w160/foldability_n1000/baseline/foldability/omegafold_shards/shard_00/pdb/q997.pdb
INFO:root:Saved
INFO:root:Predicting 726th chain in /tmp/w160/foldability_n1000/baseline/foldability/omegafold_shards/shard_00/queries.fasta
INFO:root:117 residues in this chain.
INFO:root:Finished prediction in 2.12 seconds.
INFO:root:Saving prediction to /tmp/w160/foldability_n1000/baseline/foldability/omegafold_shards/shard_00/pdb/q40.pdb
INFO:root:Saved
INFO:root:Predicting 727th chain in /tmp/w160/foldability_n1000/baseline/foldability/omegafold_shards/shard_00/queries.fasta
INFO:root:117 residues in this chain.
INFO:root:Finished prediction in 2.66 seconds.
INFO:root:Saving prediction to /tmp/w160/foldability_n1000/baseline/foldability/omegafold_shards/shard_00/pdb/q70.pdb
INFO:root:Saved
INFO:root:Predicting 728th chain in /tmp/w160/foldability_n1000/baseline/foldability/omegafold_shards/shard_00/queries.fasta
INFO:root:117 residues in this chain.
INFO:root:Finished prediction in 1.73 seconds.
INFO:root:Saving prediction to /tmp/w160/foldability_n1000/baseline/foldability/omegafold_shards/shard_00/pdb/q182.pdb
INFO:root:Saved
INFO:root:Predicting 729th chain in /tmp/w160/foldability_n1000/baseline/foldability/omegafold_shards/shard_00/queries.fasta
INFO:root:117 residues in this chain.
INFO:root:Finished prediction in 1.73 seconds.
INFO:root:Saving prediction to /tmp/w160/foldability_n1000/baseline/foldability/omegafold_shards/shard_00/pdb/q190.pdb
INFO:root:Saved
INFO:root:Predicting 730th chain in /tmp/w160/foldability_n1000/baseline/foldability/omegafold_shards/shard_00/queries.fasta
INFO:root:117 residues in this chain.
INFO:root:Finished prediction in 1.74 seconds.
INFO:root:Saving prediction to /tmp/w160/foldability_n1000/baseline/foldability/omegafold_shards/shard_00/pdb/q228.pdb
INFO:root:Saved
INFO:root:Predicting 731th chain in /tmp/w160/foldability_n1000/baseline/foldability/omegafold_shards/shard_00/queries.fasta
INFO:root:117 residues in this chain.
INFO:root:Finished prediction in 1.74 seconds.
INFO:root:Saving prediction to /tmp/w160/foldability_n1000/baseline/foldability/omegafold_shards/shard_00/pdb/q296.pdb
INFO:root:Saved
INFO:root:Predicting 732th chain in /tmp/w160/foldability_n1000/baseline/foldability/omegafold_shards/shard_00/queries.fasta
INFO:root:117 residues in this chain.
INFO:root:Finished prediction in 1.73 seconds.
INFO:root:Saving prediction to /tmp/w160/foldability_n1000/baseline/foldability/omegafold_shards/shard_00/pdb/q321.pdb
INFO:root:Saved
INFO:root:Predicting 733th chain in /tmp/w160/foldability_n1000/baseline/foldability/omegafold_shards/shard_00/queries.fasta
INFO:root:117 residues in this chain.
INFO:root:Finished prediction in 1.74 seconds.
INFO:root:Saving prediction to /tmp/w160/foldability_n1000/baseline/foldability/omegafold_shards/shard_00/pdb/q478.pdb
INFO:root:Saved
INFO:root:Predicting 734th chain in /tmp/w160/foldability_n1000/baseline/foldability/omegafold_shards/shard_00/queries.fasta
INFO:root:117 residues in this chain.
INFO:root:Finished prediction in 1.73 seconds.
INFO:root:Saving prediction to /tmp/w160/foldability_n1000/baseline/foldability/omegafold_shards/shard_00/pdb/q548.pdb
INFO:root:Saved
INFO:root:Predicting 735th chain in /tmp/w160/foldability_n1000/baseline/foldability/omegafold_shards/shard_00/queries.fasta
INFO:root:117 residues in this chain.
INFO:root:Finished prediction in 1.74 seconds.
INFO:root:Saving prediction to /tmp/w160/foldability_n1000/baseline/foldability/omegafold_shards/shard_00/pdb/q578.pdb
INFO:root:Saved
INFO:root:Predicting 736th chain in /tmp/w160/foldability_n1000/baseline/foldability/omegafold_shards/shard_00/queries.fasta
INFO:root:117 residues in this chain.
INFO:root:Finished prediction in 1.75 seconds.
INFO:root:Saving prediction to /tmp/w160/foldability_n1000/baseline/foldability/omegafold_shards/shard_00/pdb/q745.pdb
INFO:root:Saved
INFO:root:Predicting 737th chain in /tmp/w160/foldability_n1000/baseline/foldability/omegafold_shards/shard_00/queries.fasta
INFO:root:117 residues in this chain.
INFO:root:Finished prediction in 1.72 seconds.
INFO:root:Saving prediction to /tmp/w160/foldability_n1000/baseline/foldability/omegafold_shards/shard_00/pdb/q749.pdb
INFO:root:Saved
INFO:root:Predicting 738th chain in /tmp/w160/foldability_n1000/baseline/foldability/omegafold_shards/shard_00/queries.fasta
INFO:root:117 residues in this chain.
INFO:root:Finished prediction in 1.73 seconds.
INFO:root:Saving prediction to /tmp/w160/foldability_n1000/baseline/foldability/omegafold_shards/shard_00/pdb/q789.pdb
INFO:root:Saved
INFO:root:Predicting 739th chain in /tmp/w160/foldability_n1000/baseline/foldability/omegafold_shards/shard_00/queries.fasta
INFO:root:117 residues in this chain.
INFO:root:Finished prediction in 1.71 seconds.
INFO:root:Saving prediction to /tmp/w160/foldability_n1000/baseline/foldability/omegafold_shards/shard_00/pdb/q973.pdb
INFO:root:Saved
INFO:root:Predicting 740th chain in /tmp/w160/foldability_n1000/baseline/foldability/omegafold_shards/shard_00/queries.fasta
INFO:root:117 residues in this chain.
INFO:root:Finished prediction in 1.72 seconds.
INFO:root:Saving prediction to /tmp/w160/foldability_n1000/baseline/foldability/omegafold_shards/shard_00/pdb/q992.pdb
INFO:root:Saved
INFO:root:Predicting 741th chain in /tmp/w160/foldability_n1000/baseline/foldability/omegafold_shards/shard_00/queries.fasta
INFO:root:118 residues in this chain.
INFO:root:Finished prediction in 1.73 seconds.
INFO:root:Saving prediction to /tmp/w160/foldability_n1000/baseline/foldability/omegafold_shards/shard_00/pdb/q424.pdb
INFO:root:Saved
INFO:root:Predicting 742th chain in /tmp/w160/foldability_n1000/baseline/foldability/omegafold_shards/shard_00/queries.fasta
INFO:root:118 residues in this chain.
INFO:root:Finished prediction in 1.73 seconds.
INFO:root:Saving prediction to /tmp/w160/foldability_n1000/baseline/foldability/omegafold_shards/shard_00/pdb/q658.pdb
INFO:root:Saved
INFO:root:Predicting 743th chain in /tmp/w160/foldability_n1000/baseline/foldability/omegafold_shards/shard_00/queries.fasta
INFO:root:118 residues in this chain.
INFO:root:Finished prediction in 1.73 seconds.
INFO:root:Saving prediction to /tmp/w160/foldability_n1000/baseline/foldability/omegafold_shards/shard_00/pdb/q797.pdb
INFO:root:Saved
INFO:root:Predicting 744th chain in /tmp/w160/foldability_n1000/baseline/foldability/omegafold_shards/shard_00/queries.fasta
INFO:root:118 residues in this chain.
INFO:root:Finished prediction in 1.74 seconds.
INFO:root:Saving prediction to /tmp/w160/foldability_n1000/baseline/foldability/omegafold_shards/shard_00/pdb/q919.pdb
INFO:root:Saved
INFO:root:Predicting 745th chain in /tmp/w160/foldability_n1000/baseline/foldability/omegafold_shards/shard_00/queries.fasta
INFO:root:118 residues in this chain.
INFO:root:Finished prediction in 1.72 seconds.
INFO:root:Saving prediction to /tmp/w160/foldability_n1000/baseline/foldability/omegafold_shards/shard_00/pdb/q951.pdb
INFO:root:Saved
INFO:root:Predicting 746th chain in /tmp/w160/foldability_n1000/baseline/foldability/omegafold_shards/shard_00/queries.fasta
INFO:root:118 residues in this chain.
INFO:root:Finished prediction in 1.74 seconds.
INFO:root:Saving prediction to /tmp/w160/foldability_n1000/baseline/foldability/omegafold_shards/shard_00/pdb/q993.pdb
INFO:root:Saved
INFO:root:Predicting 747th chain in /tmp/w160/foldability_n1000/baseline/foldability/omegafold_shards/shard_00/queries.fasta
INFO:root:119 residues in this chain.
INFO:root:Finished prediction in 1.73 seconds.
INFO:root:Saving prediction to /tmp/w160/foldability_n1000/baseline/foldability/omegafold_shards/shard_00/pdb/q98.pdb
INFO:root:Saved
INFO:root:Predicting 748th chain in /tmp/w160/foldability_n1000/baseline/foldability/omegafold_shards/shard_00/queries.fasta
INFO:root:119 residues in this chain.
INFO:root:Finished prediction in 1.74 seconds.
INFO:root:Saving prediction to /tmp/w160/foldability_n1000/baseline/foldability/omegafold_shards/shard_00/pdb/q153.pdb
INFO:root:Saved
INFO:root:Predicting 749th chain in /tmp/w160/foldability_n1000/baseline/foldability/omegafold_shards/shard_00/queries.fasta
INFO:root:119 residues in this chain.
INFO:root:Finished prediction in 1.72 seconds.
INFO:root:Saving prediction to /tmp/w160/foldability_n1000/baseline/foldability/omegafold_shards/shard_00/pdb/q234.pdb
INFO:root:Saved
INFO:root:Predicting 750th chain in /tmp/w160/foldability_n1000/baseline/foldability/omegafold_shards/shard_00/queries.fasta
INFO:root:119 residues in this chain.
INFO:root:Finished prediction in 1.74 seconds.
INFO:root:Saving prediction to /tmp/w160/foldability_n1000/baseline/foldability/omegafold_shards/shard_00/pdb/q362.pdb
INFO:root:Saved
INFO:root:Predicting 751th chain in /tmp/w160/foldability_n1000/baseline/foldability/omegafold_shards/shard_00/queries.fasta
INFO:root:119 residues in this chain.
INFO:root:Finished prediction in 1.74 seconds.
INFO:root:Saving prediction to /tmp/w160/foldability_n1000/baseline/foldability/omegafold_shards/shard_00/pdb/q519.pdb
INFO:root:Saved
INFO:root:Predicting 752th chain in /tmp/w160/foldability_n1000/baseline/foldability/omegafold_shards/shard_00/queries.fasta
INFO:root:119 residues in this chain.
INFO:root:Finished prediction in 1.74 seconds.
INFO:root:Saving prediction to /tmp/w160/foldability_n1000/baseline/foldability/omegafold_shards/shard_00/pdb/q677.pdb
INFO:root:Saved
INFO:root:Predicting 753th chain in /tmp/w160/foldability_n1000/baseline/foldability/omegafold_shards/shard_00/queries.fasta
INFO:root:119 residues in this chain.
INFO:root:Finished prediction in 1.73 seconds.
INFO:root:Saving prediction to /tmp/w160/foldability_n1000/baseline/foldability/omegafold_shards/shard_00/pdb/q694.pdb
INFO:root:Saved
INFO:root:Predicting 754th chain in /tmp/w160/foldability_n1000/baseline/foldability/omegafold_shards/shard_00/queries.fasta
INFO:root:119 residues in this chain.
INFO:root:Finished prediction in 1.73 seconds.
INFO:root:Saving prediction to /tmp/w160/foldability_n1000/baseline/foldability/omegafold_shards/shard_00/pdb/q727.pdb
INFO:root:Saved
INFO:root:Predicting 755th chain in /tmp/w160/foldability_n1000/baseline/foldability/omegafold_shards/shard_00/queries.fasta
INFO:root:119 residues in this chain.
INFO:root:Finished prediction in 1.73 seconds.
INFO:root:Saving prediction to /tmp/w160/foldability_n1000/baseline/foldability/omegafold_shards/shard_00/pdb/q743.pdb
INFO:root:Saved
INFO:root:Predicting 756th chain in /tmp/w160/foldability_n1000/baseline/foldability/omegafold_shards/shard_00/queries.fasta
INFO:root:119 residues in this chain.
INFO:root:Finished prediction in 1.74 seconds.
INFO:root:Saving prediction to /tmp/w160/foldability_n1000/baseline/foldability/omegafold_shards/shard_00/pdb/q989.pdb
INFO:root:Saved
INFO:root:Predicting 757th chain in /tmp/w160/foldability_n1000/baseline/foldability/omegafold_shards/shard_00/queries.fasta
INFO:root:120 residues in this chain.
INFO:root:Finished prediction in 1.71 seconds.
INFO:root:Saving prediction to /tmp/w160/foldability_n1000/baseline/foldability/omegafold_shards/shard_00/pdb/q63.pdb
INFO:root:Saved
INFO:root:Predicting 758th chain in /tmp/w160/foldability_n1000/baseline/foldability/omegafold_shards/shard_00/queries.fasta
INFO:root:120 residues in this chain.
INFO:root:Finished prediction in 1.89 seconds.
INFO:root:Saving prediction to /tmp/w160/foldability_n1000/baseline/foldability/omegafold_shards/shard_00/pdb/q300.pdb
INFO:root:Saved
INFO:root:Predicting 759th chain in /tmp/w160/foldability_n1000/baseline/foldability/omegafold_shards/shard_00/queries.fasta
INFO:root:120 residues in this chain.
INFO:root:Finished prediction in 1.94 seconds.
INFO:root:Saving prediction to /tmp/w160/foldability_n1000/baseline/foldability/omegafold_shards/shard_00/pdb/q485.pdb
INFO:root:Saved
INFO:root:Predicting 760th chain in /tmp/w160/foldability_n1000/baseline/foldability/omegafold_shards/shard_00/queries.fasta
INFO:root:120 residues in this chain.
INFO:root:Finished prediction in 2.01 seconds.
INFO:root:Saving prediction to /tmp/w160/foldability_n1000/baseline/foldability/omegafold_shards/shard_00/pdb/q499.pdb
INFO:root:Saved
INFO:root:Predicting 761th chain in /tmp/w160/foldability_n1000/baseline/foldability/omegafold_shards/shard_00/queries.fasta
INFO:root:120 residues in this chain.
INFO:root:Finished prediction in 1.80 seconds.
INFO:root:Saving prediction to /tmp/w160/foldability_n1000/baseline/foldability/omegafold_shards/shard_00/pdb/q659.pdb
INFO:root:Saved
INFO:root:Predicting 762th chain in /tmp/w160/foldability_n1000/baseline/foldability/omegafold_shards/shard_00/queries.fasta
INFO:root:120 residues in this chain.
INFO:root:Finished prediction in 1.85 seconds.
INFO:root:Saving prediction to /tmp/w160/foldability_n1000/baseline/foldability/omegafold_shards/shard_00/pdb/q783.pdb
INFO:root:Saved
INFO:root:Predicting 763th chain in /tmp/w160/foldability_n1000/baseline/foldability/omegafold_shards/shard_00/queries.fasta
INFO:root:120 residues in this chain.
INFO:root:Finished prediction in 2.33 seconds.
INFO:root:Saving prediction to /tmp/w160/foldability_n1000/baseline/foldability/omegafold_shards/shard_00/pdb/q972.pdb
INFO:root:Saved
INFO:root:Predicting 764th chain in /tmp/w160/foldability_n1000/baseline/foldability/omegafold_shards/shard_00/queries.fasta
INFO:root:121 residues in this chain.
INFO:root:Finished prediction in 3.82 seconds.
INFO:root:Saving prediction to /tmp/w160/foldability_n1000/baseline/foldability/omegafold_shards/shard_00/pdb/q141.pdb
INFO:root:Saved
INFO:root:Predicting 765th chain in /tmp/w160/foldability_n1000/baseline/foldability/omegafold_shards/shard_00/queries.fasta
INFO:root:121 residues in this chain.
INFO:root:Finished prediction in 3.83 seconds.
INFO:root:Saving prediction to /tmp/w160/foldability_n1000/baseline/foldability/omegafold_shards/shard_00/pdb/q314.pdb
INFO:root:Saved
INFO:root:Predicting 766th chain in /tmp/w160/foldability_n1000/baseline/foldability/omegafold_shards/shard_00/queries.fasta
INFO:root:121 residues in this chain.
INFO:root:Finished prediction in 4.12 seconds.
INFO:root:Saving prediction to /tmp/w160/foldability_n1000/baseline/foldability/omegafold_shards/shard_00/pdb/q328.pdb
INFO:root:Saved
INFO:root:Predicting 767th chain in /tmp/w160/foldability_n1000/baseline/foldability/omegafold_shards/shard_00/queries.fasta
INFO:root:121 residues in this chain.
INFO:root:Finished prediction in 4.71 seconds.
INFO:root:Saving prediction to /tmp/w160/foldability_n1000/baseline/foldability/omegafold_shards/shard_00/pdb/q333.pdb
INFO:root:Saved
INFO:root:Predicting 768th chain in /tmp/w160/foldability_n1000/baseline/foldability/omegafold_shards/shard_00/queries.fasta
INFO:root:121 residues in this chain.
INFO:root:Finished prediction in 5.57 seconds.
INFO:root:Saving prediction to /tmp/w160/foldability_n1000/baseline/foldability/omegafold_shards/shard_00/pdb/q343.pdb
INFO:root:Saved
INFO:root:Predicting 769th chain in /tmp/w160/foldability_n1000/baseline/foldability/omegafold_shards/shard_00/queries.fasta
INFO:root:121 residues in this chain.
INFO:root:Finished prediction in 5.48 seconds.
INFO:root:Saving prediction to /tmp/w160/foldability_n1000/baseline/foldability/omegafold_shards/shard_00/pdb/q453.pdb
INFO:root:Saved
INFO:root:Predicting 770th chain in /tmp/w160/foldability_n1000/baseline/foldability/omegafold_shards/shard_00/queries.fasta
INFO:root:121 residues in this chain.
INFO:root:Finished prediction in 6.41 seconds.
INFO:root:Saving prediction to /tmp/w160/foldability_n1000/baseline/foldability/omegafold_shards/shard_00/pdb/q575.pdb
INFO:root:Saved
INFO:root:Predicting 771th chain in /tmp/w160/foldability_n1000/baseline/foldability/omegafold_shards/shard_00/queries.fasta
INFO:root:122 residues in this chain.
INFO:root:Finished prediction in 5.49 seconds.
INFO:root:Saving prediction to /tmp/w160/foldability_n1000/baseline/foldability/omegafold_shards/shard_00/pdb/q112.pdb
INFO:root:Saved
INFO:root:Predicting 772th chain in /tmp/w160/foldability_n1000/baseline/foldability/omegafold_shards/shard_00/queries.fasta
INFO:root:122 residues in this chain.
INFO:root:Finished prediction in 6.68 seconds.
INFO:root:Saving prediction to /tmp/w160/foldability_n1000/baseline/foldability/omegafold_shards/shard_00/pdb/q136.pdb
INFO:root:Saved
INFO:root:Predicting 773th chain in /tmp/w160/foldability_n1000/baseline/foldability/omegafold_shards/shard_00/queries.fasta
INFO:root:122 residues in this chain.
INFO:root:Finished prediction in 6.24 seconds.
INFO:root:Saving prediction to /tmp/w160/foldability_n1000/baseline/foldability/omegafold_shards/shard_00/pdb/q167.pdb
INFO:root:Saved
INFO:root:Predicting 774th chain in /tmp/w160/foldability_n1000/baseline/foldability/omegafold_shards/shard_00/queries.fasta
INFO:root:122 residues in this chain.
INFO:root:Finished prediction in 4.59 seconds.
INFO:root:Saving prediction to /tmp/w160/foldability_n1000/baseline/foldability/omegafold_shards/shard_00/pdb/q189.pdb
INFO:root:Saved
INFO:root:Predicting 775th chain in /tmp/w160/foldability_n1000/baseline/foldability/omegafold_shards/shard_00/queries.fasta
INFO:root:122 residues in this chain.
INFO:root:Finished prediction in 1.88 seconds.
INFO:root:Saving prediction to /tmp/w160/foldability_n1000/baseline/foldability/omegafold_shards/shard_00/pdb/q246.pdb
INFO:root:Saved
INFO:root:Predicting 776th chain in /tmp/w160/foldability_n1000/baseline/foldability/omegafold_shards/shard_00/queries.fasta
INFO:root:122 residues in this chain.
INFO:root:Finished prediction in 1.67 seconds.
INFO:root:Saving prediction to /tmp/w160/foldability_n1000/baseline/foldability/omegafold_shards/shard_00/pdb/q264.pdb
INFO:root:Saved
INFO:root:Predicting 777th chain in /tmp/w160/foldability_n1000/baseline/foldability/omegafold_shards/shard_00/queries.fasta
INFO:root:122 residues in this chain.
INFO:root:Finished prediction in 1.67 seconds.
INFO:root:Saving prediction to /tmp/w160/foldability_n1000/baseline/foldability/omegafold_shards/shard_00/pdb/q427.pdb
INFO:root:Saved
INFO:root:Predicting 778th chain in /tmp/w160/foldability_n1000/baseline/foldability/omegafold_shards/shard_00/queries.fasta
INFO:root:122 residues in this chain.
INFO:root:Finished prediction in 1.72 seconds.
INFO:root:Saving prediction to /tmp/w160/foldability_n1000/baseline/foldability/omegafold_shards/shard_00/pdb/q455.pdb
INFO:root:Saved
INFO:root:Predicting 779th chain in /tmp/w160/foldability_n1000/baseline/foldability/omegafold_shards/shard_00/queries.fasta
INFO:root:122 residues in this chain.
INFO:root:Finished prediction in 1.73 seconds.
INFO:root:Saving prediction to /tmp/w160/foldability_n1000/baseline/foldability/omegafold_shards/shard_00/pdb/q484.pdb
INFO:root:Saved
INFO:root:Predicting 780th chain in /tmp/w160/foldability_n1000/baseline/foldability/omegafold_shards/shard_00/queries.fasta
INFO:root:122 residues in this chain.
INFO:root:Finished prediction in 2.64 seconds.
INFO:root:Saving prediction to /tmp/w160/foldability_n1000/baseline/foldability/omegafold_shards/shard_00/pdb/q622.pdb
INFO:root:Saved
INFO:root:Predicting 781th chain in /tmp/w160/foldability_n1000/baseline/foldability/omegafold_shards/shard_00/queries.fasta
INFO:root:122 residues in this chain.
INFO:root:Finished prediction in 3.28 seconds.
INFO:root:Saving prediction to /tmp/w160/foldability_n1000/baseline/foldability/omegafold_shards/shard_00/pdb/q669.pdb
INFO:root:Saved
INFO:root:Predicting 782th chain in /tmp/w160/foldability_n1000/baseline/foldability/omegafold_shards/shard_00/queries.fasta
INFO:root:122 residues in this chain.
INFO:root:Finished prediction in 1.89 seconds.
INFO:root:Saving prediction to /tmp/w160/foldability_n1000/baseline/foldability/omegafold_shards/shard_00/pdb/q937.pdb
INFO:root:Saved
INFO:root:Predicting 783th chain in /tmp/w160/foldability_n1000/baseline/foldability/omegafold_shards/shard_00/queries.fasta
INFO:root:122 residues in this chain.
INFO:root:Finished prediction in 1.72 seconds.
INFO:root:Saving prediction to /tmp/w160/foldability_n1000/baseline/foldability/omegafold_shards/shard_00/pdb/q968.pdb
INFO:root:Saved
INFO:root:Predicting 784th chain in /tmp/w160/foldability_n1000/baseline/foldability/omegafold_shards/shard_00/queries.fasta
INFO:root:123 residues in this chain.
INFO:root:Finished prediction in 2.03 seconds.
INFO:root:Saving prediction to /tmp/w160/foldability_n1000/baseline/foldability/omegafold_shards/shard_00/pdb/q32.pdb
INFO:root:Saved
INFO:root:Predicting 785th chain in /tmp/w160/foldability_n1000/baseline/foldability/omegafold_shards/shard_00/queries.fasta
INFO:root:123 residues in this chain.
INFO:root:Finished prediction in 2.78 seconds.
INFO:root:Saving prediction to /tmp/w160/foldability_n1000/baseline/foldability/omegafold_shards/shard_00/pdb/q50.pdb
INFO:root:Saved
INFO:root:Predicting 786th chain in /tmp/w160/foldability_n1000/baseline/foldability/omegafold_shards/shard_00/queries.fasta
INFO:root:123 residues in this chain.
INFO:root:Finished prediction in 3.22 seconds.
INFO:root:Saving prediction to /tmp/w160/foldability_n1000/baseline/foldability/omegafold_shards/shard_00/pdb/q88.pdb
INFO:root:Saved
INFO:root:Predicting 787th chain in /tmp/w160/foldability_n1000/baseline/foldability/omegafold_shards/shard_00/queries.fasta
INFO:root:123 residues in this chain.
INFO:root:Finished prediction in 1.78 seconds.
INFO:root:Saving prediction to /tmp/w160/foldability_n1000/baseline/foldability/omegafold_shards/shard_00/pdb/q103.pdb
INFO:root:Saved
INFO:root:Predicting 788th chain in /tmp/w160/foldability_n1000/baseline/foldability/omegafold_shards/shard_00/queries.fasta
INFO:root:123 residues in this chain.
INFO:root:Finished prediction in 1.68 seconds.
INFO:root:Saving prediction to /tmp/w160/foldability_n1000/baseline/foldability/omegafold_shards/shard_00/pdb/q133.pdb
INFO:root:Saved
INFO:root:Predicting 789th chain in /tmp/w160/foldability_n1000/baseline/foldability/omegafold_shards/shard_00/queries.fasta
INFO:root:123 residues in this chain.
INFO:root:Finished prediction in 1.68 seconds.
INFO:root:Saving prediction to /tmp/w160/foldability_n1000/baseline/foldability/omegafold_shards/shard_00/pdb/q216.pdb
INFO:root:Saved
INFO:root:Predicting 790th chain in /tmp/w160/foldability_n1000/baseline/foldability/omegafold_shards/shard_00/queries.fasta
INFO:root:123 residues in this chain.
INFO:root:Finished prediction in 1.67 seconds.
INFO:root:Saving prediction to /tmp/w160/foldability_n1000/baseline/foldability/omegafold_shards/shard_00/pdb/q259.pdb
INFO:root:Saved
INFO:root:Predicting 791th chain in /tmp/w160/foldability_n1000/baseline/foldability/omegafold_shards/shard_00/queries.fasta
INFO:root:123 residues in this chain.
INFO:root:Finished prediction in 1.67 seconds.
INFO:root:Saving prediction to /tmp/w160/foldability_n1000/baseline/foldability/omegafold_shards/shard_00/pdb/q336.pdb
INFO:root:Saved
INFO:root:Predicting 792th chain in /tmp/w160/foldability_n1000/baseline/foldability/omegafold_shards/shard_00/queries.fasta
INFO:root:123 residues in this chain.
INFO:root:Finished prediction in 1.67 seconds.
INFO:root:Saving prediction to /tmp/w160/foldability_n1000/baseline/foldability/omegafold_shards/shard_00/pdb/q414.pdb
INFO:root:Saved
INFO:root:Predicting 793th chain in /tmp/w160/foldability_n1000/baseline/foldability/omegafold_shards/shard_00/queries.fasta
INFO:root:123 residues in this chain.
INFO:root:Finished prediction in 1.67 seconds.
INFO:root:Saving prediction to /tmp/w160/foldability_n1000/baseline/foldability/omegafold_shards/shard_00/pdb/q550.pdb
INFO:root:Saved
INFO:root:Predicting 794th chain in /tmp/w160/foldability_n1000/baseline/foldability/omegafold_shards/shard_00/queries.fasta
INFO:root:123 residues in this chain.
INFO:root:Finished prediction in 1.69 seconds.
INFO:root:Saving prediction to /tmp/w160/foldability_n1000/baseline/foldability/omegafold_shards/shard_00/pdb/q673.pdb
INFO:root:Saved
INFO:root:Predicting 795th chain in /tmp/w160/foldability_n1000/baseline/foldability/omegafold_shards/shard_00/queries.fasta
INFO:root:123 residues in this chain.
INFO:root:Finished prediction in 1.69 seconds.
INFO:root:Saving prediction to /tmp/w160/foldability_n1000/baseline/foldability/omegafold_shards/shard_00/pdb/q773.pdb
INFO:root:Saved
INFO:root:Predicting 796th chain in /tmp/w160/foldability_n1000/baseline/foldability/omegafold_shards/shard_00/queries.fasta
INFO:root:123 residues in this chain.
INFO:root:Finished prediction in 1.70 seconds.
INFO:root:Saving prediction to /tmp/w160/foldability_n1000/baseline/foldability/omegafold_shards/shard_00/pdb/q848.pdb
INFO:root:Saved
INFO:root:Predicting 797th chain in /tmp/w160/foldability_n1000/baseline/foldability/omegafold_shards/shard_00/queries.fasta
INFO:root:123 residues in this chain.
INFO:root:Finished prediction in 1.69 seconds.
INFO:root:Saving prediction to /tmp/w160/foldability_n1000/baseline/foldability/omegafold_shards/shard_00/pdb/q983.pdb
INFO:root:Saved
INFO:root:Predicting 798th chain in /tmp/w160/foldability_n1000/baseline/foldability/omegafold_shards/shard_00/queries.fasta
INFO:root:124 residues in this chain.
INFO:root:Finished prediction in 1.67 seconds.
INFO:root:Saving prediction to /tmp/w160/foldability_n1000/baseline/foldability/omegafold_shards/shard_00/pdb/q28.pdb
INFO:root:Saved
INFO:root:Predicting 799th chain in /tmp/w160/foldability_n1000/baseline/foldability/omegafold_shards/shard_00/queries.fasta
INFO:root:124 residues in this chain.
INFO:root:Finished prediction in 1.68 seconds.
INFO:root:Saving prediction to /tmp/w160/foldability_n1000/baseline/foldability/omegafold_shards/shard_00/pdb/q75.pdb
INFO:root:Saved
INFO:root:Predicting 800th chain in /tmp/w160/foldability_n1000/baseline/foldability/omegafold_shards/shard_00/queries.fasta
INFO:root:124 residues in this chain.
INFO:root:Finished prediction in 1.66 seconds.
INFO:root:Saving prediction to /tmp/w160/foldability_n1000/baseline/foldability/omegafold_shards/shard_00/pdb/q134.pdb
INFO:root:Saved
INFO:root:Predicting 801th chain in /tmp/w160/foldability_n1000/baseline/foldability/omegafold_shards/shard_00/queries.fasta
INFO:root:124 residues in this chain.
INFO:root:Finished prediction in 1.66 seconds.
INFO:root:Saving prediction to /tmp/w160/foldability_n1000/baseline/foldability/omegafold_shards/shard_00/pdb/q389.pdb
INFO:root:Saved
INFO:root:Predicting 802th chain in /tmp/w160/foldability_n1000/baseline/foldability/omegafold_shards/shard_00/queries.fasta
INFO:root:124 residues in this chain.
INFO:root:Finished prediction in 1.66 seconds.
INFO:root:Saving prediction to /tmp/w160/foldability_n1000/baseline/foldability/omegafold_shards/shard_00/pdb/q457.pdb
INFO:root:Saved
INFO:root:Predicting 803th chain in /tmp/w160/foldability_n1000/baseline/foldability/omegafold_shards/shard_00/queries.fasta
INFO:root:124 residues in this chain.
INFO:root:Finished prediction in 1.67 seconds.
INFO:root:Saving prediction to /tmp/w160/foldability_n1000/baseline/foldability/omegafold_shards/shard_00/pdb/q852.pdb
INFO:root:Saved
INFO:root:Predicting 804th chain in /tmp/w160/foldability_n1000/baseline/foldability/omegafold_shards/shard_00/queries.fasta
INFO:root:125 residues in this chain.
INFO:root:Finished prediction in 1.68 seconds.
INFO:root:Saving prediction to /tmp/w160/foldability_n1000/baseline/foldability/omegafold_shards/shard_00/pdb/q270.pdb
INFO:root:Saved
INFO:root:Predicting 805th chain in /tmp/w160/foldability_n1000/baseline/foldability/omegafold_shards/shard_00/queries.fasta
INFO:root:125 residues in this chain.
INFO:root:Finished prediction in 1.67 seconds.
INFO:root:Saving prediction to /tmp/w160/foldability_n1000/baseline/foldability/omegafold_shards/shard_00/pdb/q302.pdb
INFO:root:Saved
INFO:root:Predicting 806th chain in /tmp/w160/foldability_n1000/baseline/foldability/omegafold_shards/shard_00/queries.fasta
INFO:root:125 residues in this chain.
INFO:root:Finished prediction in 1.67 seconds.
INFO:root:Saving prediction to /tmp/w160/foldability_n1000/baseline/foldability/omegafold_shards/shard_00/pdb/q446.pdb
INFO:root:Saved
INFO:root:Predicting 807th chain in /tmp/w160/foldability_n1000/baseline/foldability/omegafold_shards/shard_00/queries.fasta
INFO:root:125 residues in this chain.
INFO:root:Finished prediction in 1.66 seconds.
INFO:root:Saving prediction to /tmp/w160/foldability_n1000/baseline/foldability/omegafold_shards/shard_00/pdb/q496.pdb
INFO:root:Saved
INFO:root:Predicting 808th chain in /tmp/w160/foldability_n1000/baseline/foldability/omegafold_shards/shard_00/queries.fasta
INFO:root:125 residues in this chain.
INFO:root:Finished prediction in 1.68 seconds.
INFO:root:Saving prediction to /tmp/w160/foldability_n1000/baseline/foldability/omegafold_shards/shard_00/pdb/q676.pdb
INFO:root:Saved
INFO:root:Predicting 809th chain in /tmp/w160/foldability_n1000/baseline/foldability/omegafold_shards/shard_00/queries.fasta
INFO:root:125 residues in this chain.
INFO:root:Finished prediction in 1.68 seconds.
INFO:root:Saving prediction to /tmp/w160/foldability_n1000/baseline/foldability/omegafold_shards/shard_00/pdb/q725.pdb
INFO:root:Saved
INFO:root:Predicting 810th chain in /tmp/w160/foldability_n1000/baseline/foldability/omegafold_shards/shard_00/queries.fasta
INFO:root:125 residues in this chain.
INFO:root:Finished prediction in 1.68 seconds.
INFO:root:Saving prediction to /tmp/w160/foldability_n1000/baseline/foldability/omegafold_shards/shard_00/pdb/q741.pdb
INFO:root:Saved
INFO:root:Predicting 811th chain in /tmp/w160/foldability_n1000/baseline/foldability/omegafold_shards/shard_00/queries.fasta
INFO:root:126 residues in this chain.
INFO:root:Finished prediction in 1.71 seconds.
INFO:root:Saving prediction to /tmp/w160/foldability_n1000/baseline/foldability/omegafold_shards/shard_00/pdb/q191.pdb
INFO:root:Saved
INFO:root:Predicting 812th chain in /tmp/w160/foldability_n1000/baseline/foldability/omegafold_shards/shard_00/queries.fasta
INFO:root:126 residues in this chain.
INFO:root:Finished prediction in 1.67 seconds.
INFO:root:Saving prediction to /tmp/w160/foldability_n1000/baseline/foldability/omegafold_shards/shard_00/pdb/q230.pdb
INFO:root:Saved
INFO:root:Predicting 813th chain in /tmp/w160/foldability_n1000/baseline/foldability/omegafold_shards/shard_00/queries.fasta
INFO:root:126 residues in this chain.
INFO:root:Finished prediction in 1.68 seconds.
INFO:root:Saving prediction to /tmp/w160/foldability_n1000/baseline/foldability/omegafold_shards/shard_00/pdb/q603.pdb
INFO:root:Saved
INFO:root:Predicting 814th chain in /tmp/w160/foldability_n1000/baseline/foldability/omegafold_shards/shard_00/queries.fasta
INFO:root:126 residues in this chain.
INFO:root:Finished prediction in 1.67 seconds.
INFO:root:Saving prediction to /tmp/w160/foldability_n1000/baseline/foldability/omegafold_shards/shard_00/pdb/q655.pdb
INFO:root:Saved
INFO:root:Predicting 815th chain in /tmp/w160/foldability_n1000/baseline/foldability/omegafold_shards/shard_00/queries.fasta
INFO:root:126 residues in this chain.
INFO:root:Finished prediction in 1.67 seconds.
INFO:root:Saving prediction to /tmp/w160/foldability_n1000/baseline/foldability/omegafold_shards/shard_00/pdb/q713.pdb
INFO:root:Saved
INFO:root:Predicting 816th chain in /tmp/w160/foldability_n1000/baseline/foldability/omegafold_shards/shard_00/queries.fasta
INFO:root:126 residues in this chain.
INFO:root:Finished prediction in 1.67 seconds.
INFO:root:Saving prediction to /tmp/w160/foldability_n1000/baseline/foldability/omegafold_shards/shard_00/pdb/q991.pdb
INFO:root:Saved
INFO:root:Predicting 817th chain in /tmp/w160/foldability_n1000/baseline/foldability/omegafold_shards/shard_00/queries.fasta
INFO:root:127 residues in this chain.
INFO:root:Finished prediction in 1.68 seconds.
INFO:root:Saving prediction to /tmp/w160/foldability_n1000/baseline/foldability/omegafold_shards/shard_00/pdb/q26.pdb
INFO:root:Saved
INFO:root:Predicting 818th chain in /tmp/w160/foldability_n1000/baseline/foldability/omegafold_shards/shard_00/queries.fasta
INFO:root:127 residues in this chain.
INFO:root:Finished prediction in 1.68 seconds.
INFO:root:Saving prediction to /tmp/w160/foldability_n1000/baseline/foldability/omegafold_shards/shard_00/pdb/q99.pdb
INFO:root:Saved
INFO:root:Predicting 819th chain in /tmp/w160/foldability_n1000/baseline/foldability/omegafold_shards/shard_00/queries.fasta
INFO:root:127 residues in this chain.
INFO:root:Finished prediction in 1.68 seconds.
INFO:root:Saving prediction to /tmp/w160/foldability_n1000/baseline/foldability/omegafold_shards/shard_00/pdb/q154.pdb
INFO:root:Saved
INFO:root:Predicting 820th chain in /tmp/w160/foldability_n1000/baseline/foldability/omegafold_shards/shard_00/queries.fasta
INFO:root:127 residues in this chain.
INFO:root:Finished prediction in 1.68 seconds.
INFO:root:Saving prediction to /tmp/w160/foldability_n1000/baseline/foldability/omegafold_shards/shard_00/pdb/q252.pdb
INFO:root:Saved
INFO:root:Predicting 821th chain in /tmp/w160/foldability_n1000/baseline/foldability/omegafold_shards/shard_00/queries.fasta
INFO:root:127 residues in this chain.
INFO:root:Finished prediction in 1.68 seconds.
INFO:root:Saving prediction to /tmp/w160/foldability_n1000/baseline/foldability/omegafold_shards/shard_00/pdb/q421.pdb
INFO:root:Saved
INFO:root:Predicting 822th chain in /tmp/w160/foldability_n1000/baseline/foldability/omegafold_shards/shard_00/queries.fasta
INFO:root:127 residues in this chain.
INFO:root:Finished prediction in 1.68 seconds.
INFO:root:Saving prediction to /tmp/w160/foldability_n1000/baseline/foldability/omegafold_shards/shard_00/pdb/q551.pdb
INFO:root:Saved
INFO:root:Predicting 823th chain in /tmp/w160/foldability_n1000/baseline/foldability/omegafold_shards/shard_00/queries.fasta
INFO:root:127 residues in this chain.
INFO:root:Finished prediction in 1.68 seconds.
INFO:root:Saving prediction to /tmp/w160/foldability_n1000/baseline/foldability/omegafold_shards/shard_00/pdb/q576.pdb
INFO:root:Saved
INFO:root:Predicting 824th chain in /tmp/w160/foldability_n1000/baseline/foldability/omegafold_shards/shard_00/queries.fasta
INFO:root:127 residues in this chain.
INFO:root:Finished prediction in 1.68 seconds.
INFO:root:Saving prediction to /tmp/w160/foldability_n1000/baseline/foldability/omegafold_shards/shard_00/pdb/q640.pdb
INFO:root:Saved
INFO:root:Predicting 825th chain in /tmp/w160/foldability_n1000/baseline/foldability/omegafold_shards/shard_00/queries.fasta
INFO:root:127 residues in this chain.
INFO:root:Finished prediction in 1.68 seconds.
INFO:root:Saving prediction to /tmp/w160/foldability_n1000/baseline/foldability/omegafold_shards/shard_00/pdb/q645.pdb
INFO:root:Saved
INFO:root:Predicting 826th chain in /tmp/w160/foldability_n1000/baseline/foldability/omegafold_shards/shard_00/queries.fasta
INFO:root:127 residues in this chain.
INFO:root:Finished prediction in 1.68 seconds.
INFO:root:Saving prediction to /tmp/w160/foldability_n1000/baseline/foldability/omegafold_shards/shard_00/pdb/q846.pdb
INFO:root:Saved
INFO:root:Predicting 827th chain in /tmp/w160/foldability_n1000/baseline/foldability/omegafold_shards/shard_00/queries.fasta
INFO:root:128 residues in this chain.
INFO:root:Finished prediction in 1.65 seconds.
INFO:root:Saving prediction to /tmp/w160/foldability_n1000/baseline/foldability/omegafold_shards/shard_00/pdb/q131.pdb
INFO:root:Saved
INFO:root:Predicting 828th chain in /tmp/w160/foldability_n1000/baseline/foldability/omegafold_shards/shard_00/queries.fasta
INFO:root:128 residues in this chain.
INFO:root:Finished prediction in 1.65 seconds.
INFO:root:Saving prediction to /tmp/w160/foldability_n1000/baseline/foldability/omegafold_shards/shard_00/pdb/q187.pdb
INFO:root:Saved
INFO:root:Predicting 829th chain in /tmp/w160/foldability_n1000/baseline/foldability/omegafold_shards/shard_00/queries.fasta
INFO:root:128 residues in this chain.
INFO:root:Finished prediction in 1.65 seconds.
INFO:root:Saving prediction to /tmp/w160/foldability_n1000/baseline/foldability/omegafold_shards/shard_00/pdb/q557.pdb
INFO:root:Saved
INFO:root:Predicting 830th chain in /tmp/w160/foldability_n1000/baseline/foldability/omegafold_shards/shard_00/queries.fasta
INFO:root:128 residues in this chain.
INFO:root:Finished prediction in 1.64 seconds.
INFO:root:Saving prediction to /tmp/w160/foldability_n1000/baseline/foldability/omegafold_shards/shard_00/pdb/q617.pdb
INFO:root:Saved
INFO:root:Predicting 831th chain in /tmp/w160/foldability_n1000/baseline/foldability/omegafold_shards/shard_00/queries.fasta
INFO:root:128 residues in this chain.
INFO:root:Finished prediction in 1.64 seconds.
INFO:root:Saving prediction to /tmp/w160/foldability_n1000/baseline/foldability/omegafold_shards/shard_00/pdb/q668.pdb
INFO:root:Saved
INFO:root:Predicting 832th chain in /tmp/w160/foldability_n1000/baseline/foldability/omegafold_shards/shard_00/queries.fasta
INFO:root:128 residues in this chain.
INFO:root:Finished prediction in 1.64 seconds.
INFO:root:Saving prediction to /tmp/w160/foldability_n1000/baseline/foldability/omegafold_shards/shard_00/pdb/q952.pdb
INFO:root:Saved
INFO:root:Predicting 833th chain in /tmp/w160/foldability_n1000/baseline/foldability/omegafold_shards/shard_00/queries.fasta
INFO:root:128 residues in this chain.
INFO:root:Finished prediction in 1.65 seconds.
INFO:root:Saving prediction to /tmp/w160/foldability_n1000/baseline/foldability/omegafold_shards/shard_00/pdb/q961.pdb
INFO:root:Saved
INFO:root:Predicting 834th chain in /tmp/w160/foldability_n1000/baseline/foldability/omegafold_shards/shard_00/queries.fasta
INFO:root:129 residues in this chain.
INFO:root:Finished prediction in 2.96 seconds.
INFO:root:Saving prediction to /tmp/w160/foldability_n1000/baseline/foldability/omegafold_shards/shard_00/pdb/q227.pdb
INFO:root:Saved
INFO:root:Predicting 835th chain in /tmp/w160/foldability_n1000/baseline/foldability/omegafold_shards/shard_00/queries.fasta
INFO:root:129 residues in this chain.
INFO:root:Finished prediction in 3.63 seconds.
INFO:root:Saving prediction to /tmp/w160/foldability_n1000/baseline/foldability/omegafold_shards/shard_00/pdb/q392.pdb
INFO:root:Saved
INFO:root:Predicting 836th chain in /tmp/w160/foldability_n1000/baseline/foldability/omegafold_shards/shard_00/queries.fasta
INFO:root:129 residues in this chain.
INFO:root:Finished prediction in 3.61 seconds.
INFO:root:Saving prediction to /tmp/w160/foldability_n1000/baseline/foldability/omegafold_shards/shard_00/pdb/q591.pdb
INFO:root:Saved
INFO:root:Predicting 837th chain in /tmp/w160/foldability_n1000/baseline/foldability/omegafold_shards/shard_00/queries.fasta
INFO:root:129 residues in this chain.
INFO:root:Finished prediction in 3.61 seconds.
INFO:root:Saving prediction to /tmp/w160/foldability_n1000/baseline/foldability/omegafold_shards/shard_00/pdb/q672.pdb
INFO:root:Saved
INFO:root:Predicting 838th chain in /tmp/w160/foldability_n1000/baseline/foldability/omegafold_shards/shard_00/queries.fasta
INFO:root:129 residues in this chain.
INFO:root:Finished prediction in 3.62 seconds.
INFO:root:Saving prediction to /tmp/w160/foldability_n1000/baseline/foldability/omegafold_shards/shard_00/pdb/q674.pdb
INFO:root:Saved
INFO:root:Predicting 839th chain in /tmp/w160/foldability_n1000/baseline/foldability/omegafold_shards/shard_00/queries.fasta
INFO:root:129 residues in this chain.
INFO:root:Finished prediction in 3.61 seconds.
INFO:root:Saving prediction to /tmp/w160/foldability_n1000/baseline/foldability/omegafold_shards/shard_00/pdb/q681.pdb
INFO:root:Saved
INFO:root:Predicting 840th chain in /tmp/w160/foldability_n1000/baseline/foldability/omegafold_shards/shard_00/queries.fasta
INFO:root:130 residues in this chain.
INFO:root:Finished prediction in 3.61 seconds.
INFO:root:Saving prediction to /tmp/w160/foldability_n1000/baseline/foldability/omegafold_shards/shard_00/pdb/q169.pdb
INFO:root:Saved
INFO:root:Predicting 841th chain in /tmp/w160/foldability_n1000/baseline/foldability/omegafold_shards/shard_00/queries.fasta
INFO:root:130 residues in this chain.
INFO:root:Finished prediction in 3.62 seconds.
INFO:root:Saving prediction to /tmp/w160/foldability_n1000/baseline/foldability/omegafold_shards/shard_00/pdb/q337.pdb
INFO:root:Saved
INFO:root:Predicting 842th chain in /tmp/w160/foldability_n1000/baseline/foldability/omegafold_shards/shard_00/queries.fasta
INFO:root:130 residues in this chain.
INFO:root:Finished prediction in 3.61 seconds.
INFO:root:Saving prediction to /tmp/w160/foldability_n1000/baseline/foldability/omegafold_shards/shard_00/pdb/q422.pdb
INFO:root:Saved
INFO:root:Predicting 843th chain in /tmp/w160/foldability_n1000/baseline/foldability/omegafold_shards/shard_00/queries.fasta
INFO:root:130 residues in this chain.
INFO:root:Finished prediction in 3.41 seconds.
INFO:root:Saving prediction to /tmp/w160/foldability_n1000/baseline/foldability/omegafold_shards/shard_00/pdb/q579.pdb
INFO:root:Saved
INFO:root:Predicting 844th chain in /tmp/w160/foldability_n1000/baseline/foldability/omegafold_shards/shard_00/queries.fasta
INFO:root:130 residues in this chain.
INFO:root:Finished prediction in 3.62 seconds.
INFO:root:Saving prediction to /tmp/w160/foldability_n1000/baseline/foldability/omegafold_shards/shard_00/pdb/q599.pdb
INFO:root:Saved
INFO:root:Predicting 845th chain in /tmp/w160/foldability_n1000/baseline/foldability/omegafold_shards/shard_00/queries.fasta
INFO:root:130 residues in this chain.
INFO:root:Finished prediction in 3.62 seconds.
INFO:root:Saving prediction to /tmp/w160/foldability_n1000/baseline/foldability/omegafold_shards/shard_00/pdb/q648.pdb
INFO:root:Saved
INFO:root:Predicting 846th chain in /tmp/w160/foldability_n1000/baseline/foldability/omegafold_shards/shard_00/queries.fasta
INFO:root:130 residues in this chain.
INFO:root:Finished prediction in 3.63 seconds.
INFO:root:Saving prediction to /tmp/w160/foldability_n1000/baseline/foldability/omegafold_shards/shard_00/pdb/q734.pdb
INFO:root:Saved
INFO:root:Predicting 847th chain in /tmp/w160/foldability_n1000/baseline/foldability/omegafold_shards/shard_00/queries.fasta
INFO:root:130 residues in this chain.
INFO:root:Finished prediction in 3.61 seconds.
INFO:root:Saving prediction to /tmp/w160/foldability_n1000/baseline/foldability/omegafold_shards/shard_00/pdb/q801.pdb
INFO:root:Saved
INFO:root:Predicting 848th chain in /tmp/w160/foldability_n1000/baseline/foldability/omegafold_shards/shard_00/queries.fasta
INFO:root:130 residues in this chain.
INFO:root:Finished prediction in 3.61 seconds.
INFO:root:Saving prediction to /tmp/w160/foldability_n1000/baseline/foldability/omegafold_shards/shard_00/pdb/q840.pdb
INFO:root:Saved
INFO:root:Predicting 849th chain in /tmp/w160/foldability_n1000/baseline/foldability/omegafold_shards/shard_00/queries.fasta
INFO:root:130 residues in this chain.
INFO:root:Finished prediction in 3.61 seconds.
INFO:root:Saving prediction to /tmp/w160/foldability_n1000/baseline/foldability/omegafold_shards/shard_00/pdb/q966.pdb
INFO:root:Saved
INFO:root:Predicting 850th chain in /tmp/w160/foldability_n1000/baseline/foldability/omegafold_shards/shard_00/queries.fasta
INFO:root:130 residues in this chain.
INFO:root:Finished prediction in 3.62 seconds.
INFO:root:Saving prediction to /tmp/w160/foldability_n1000/baseline/foldability/omegafold_shards/shard_00/pdb/q974.pdb
INFO:root:Saved
INFO:root:Predicting 851th chain in /tmp/w160/foldability_n1000/baseline/foldability/omegafold_shards/shard_00/queries.fasta
INFO:root:131 residues in this chain.
INFO:root:Finished prediction in 3.62 seconds.
INFO:root:Saving prediction to /tmp/w160/foldability_n1000/baseline/foldability/omegafold_shards/shard_00/pdb/q100.pdb
INFO:root:Saved
INFO:root:Predicting 852th chain in /tmp/w160/foldability_n1000/baseline/foldability/omegafold_shards/shard_00/queries.fasta
INFO:root:131 residues in this chain.
INFO:root:Finished prediction in 3.64 seconds.
INFO:root:Saving prediction to /tmp/w160/foldability_n1000/baseline/foldability/omegafold_shards/shard_00/pdb/q138.pdb
INFO:root:Saved
INFO:root:Predicting 853th chain in /tmp/w160/foldability_n1000/baseline/foldability/omegafold_shards/shard_00/queries.fasta
INFO:root:131 residues in this chain.
INFO:root:Finished prediction in 3.62 seconds.
INFO:root:Saving prediction to /tmp/w160/foldability_n1000/baseline/foldability/omegafold_shards/shard_00/pdb/q408.pdb
INFO:root:Saved
INFO:root:Predicting 854th chain in /tmp/w160/foldability_n1000/baseline/foldability/omegafold_shards/shard_00/queries.fasta
INFO:root:131 residues in this chain.
INFO:root:Finished prediction in 3.62 seconds.
INFO:root:Saving prediction to /tmp/w160/foldability_n1000/baseline/foldability/omegafold_shards/shard_00/pdb/q431.pdb
INFO:root:Saved
INFO:root:Predicting 855th chain in /tmp/w160/foldability_n1000/baseline/foldability/omegafold_shards/shard_00/queries.fasta
INFO:root:131 residues in this chain.
INFO:root:Finished prediction in 3.64 seconds.
INFO:root:Saving prediction to /tmp/w160/foldability_n1000/baseline/foldability/omegafold_shards/shard_00/pdb/q439.pdb
INFO:root:Saved
INFO:root:Predicting 856th chain in /tmp/w160/foldability_n1000/baseline/foldability/omegafold_shards/shard_00/queries.fasta
INFO:root:131 residues in this chain.
INFO:root:Finished prediction in 3.65 seconds.
INFO:root:Saving prediction to /tmp/w160/foldability_n1000/baseline/foldability/omegafold_shards/shard_00/pdb/q574.pdb
INFO:root:Saved
INFO:root:Predicting 857th chain in /tmp/w160/foldability_n1000/baseline/foldability/omegafold_shards/shard_00/queries.fasta
INFO:root:131 residues in this chain.
INFO:root:Finished prediction in 3.62 seconds.
INFO:root:Saving prediction to /tmp/w160/foldability_n1000/baseline/foldability/omegafold_shards/shard_00/pdb/q594.pdb
INFO:root:Saved
INFO:root:Predicting 858th chain in /tmp/w160/foldability_n1000/baseline/foldability/omegafold_shards/shard_00/queries.fasta
INFO:root:131 residues in this chain.
INFO:root:Finished prediction in 3.62 seconds.
INFO:root:Saving prediction to /tmp/w160/foldability_n1000/baseline/foldability/omegafold_shards/shard_00/pdb/q611.pdb
INFO:root:Saved
INFO:root:Predicting 859th chain in /tmp/w160/foldability_n1000/baseline/foldability/omegafold_shards/shard_00/queries.fasta
INFO:root:131 residues in this chain.
INFO:root:Finished prediction in 3.62 seconds.
INFO:root:Saving prediction to /tmp/w160/foldability_n1000/baseline/foldability/omegafold_shards/shard_00/pdb/q643.pdb
INFO:root:Saved
INFO:root:Predicting 860th chain in /tmp/w160/foldability_n1000/baseline/foldability/omegafold_shards/shard_00/queries.fasta
INFO:root:131 residues in this chain.
INFO:root:Finished prediction in 3.63 seconds.
INFO:root:Saving prediction to /tmp/w160/foldability_n1000/baseline/foldability/omegafold_shards/shard_00/pdb/q718.pdb
INFO:root:Saved
INFO:root:Predicting 861th chain in /tmp/w160/foldability_n1000/baseline/foldability/omegafold_shards/shard_00/queries.fasta
INFO:root:132 residues in this chain.
INFO:root:Finished prediction in 5.58 seconds.
INFO:root:Saving prediction to /tmp/w160/foldability_n1000/baseline/foldability/omegafold_shards/shard_00/pdb/q66.pdb
INFO:root:Saved
INFO:root:Predicting 862th chain in /tmp/w160/foldability_n1000/baseline/foldability/omegafold_shards/shard_00/queries.fasta
INFO:root:132 residues in this chain.
INFO:root:Finished prediction in 2.54 seconds.
INFO:root:Saving prediction to /tmp/w160/foldability_n1000/baseline/foldability/omegafold_shards/shard_00/pdb/q73.pdb
INFO:root:Saved
INFO:root:Predicting 863th chain in /tmp/w160/foldability_n1000/baseline/foldability/omegafold_shards/shard_00/queries.fasta
INFO:root:132 residues in this chain.
INFO:root:Finished prediction in 1.84 seconds.
INFO:root:Saving prediction to /tmp/w160/foldability_n1000/baseline/foldability/omegafold_shards/shard_00/pdb/q221.pdb
INFO:root:Saved
INFO:root:Predicting 864th chain in /tmp/w160/foldability_n1000/baseline/foldability/omegafold_shards/shard_00/queries.fasta
INFO:root:132 residues in this chain.
INFO:root:Finished prediction in 2.22 seconds.
INFO:root:Saving prediction to /tmp/w160/foldability_n1000/baseline/foldability/omegafold_shards/shard_00/pdb/q497.pdb
INFO:root:Saved
INFO:root:Predicting 865th chain in /tmp/w160/foldability_n1000/baseline/foldability/omegafold_shards/shard_00/queries.fasta
INFO:root:132 residues in this chain.
INFO:root:Finished prediction in 4.45 seconds.
INFO:root:Saving prediction to /tmp/w160/foldability_n1000/baseline/foldability/omegafold_shards/shard_00/pdb/q556.pdb
INFO:root:Saved
INFO:root:Predicting 866th chain in /tmp/w160/foldability_n1000/baseline/foldability/omegafold_shards/shard_00/queries.fasta
INFO:root:132 residues in this chain.
INFO:root:Finished prediction in 5.12 seconds.
INFO:root:Saving prediction to /tmp/w160/foldability_n1000/baseline/foldability/omegafold_shards/shard_00/pdb/q584.pdb
INFO:root:Saved
INFO:root:Predicting 867th chain in /tmp/w160/foldability_n1000/baseline/foldability/omegafold_shards/shard_00/queries.fasta
INFO:root:132 residues in this chain.
INFO:root:Finished prediction in 3.61 seconds.
INFO:root:Saving prediction to /tmp/w160/foldability_n1000/baseline/foldability/omegafold_shards/shard_00/pdb/q813.pdb
INFO:root:Saved
INFO:root:Predicting 868th chain in /tmp/w160/foldability_n1000/baseline/foldability/omegafold_shards/shard_00/queries.fasta
INFO:root:132 residues in this chain.
INFO:root:Finished prediction in 3.64 seconds.
INFO:root:Saving prediction to /tmp/w160/foldability_n1000/baseline/foldability/omegafold_shards/shard_00/pdb/q851.pdb
INFO:root:Saved
INFO:root:Predicting 869th chain in /tmp/w160/foldability_n1000/baseline/foldability/omegafold_shards/shard_00/queries.fasta
INFO:root:133 residues in this chain.
INFO:root:Finished prediction in 3.65 seconds.
INFO:root:Saving prediction to /tmp/w160/foldability_n1000/baseline/foldability/omegafold_shards/shard_00/pdb/q68.pdb
INFO:root:Saved
INFO:root:Predicting 870th chain in /tmp/w160/foldability_n1000/baseline/foldability/omegafold_shards/shard_00/queries.fasta
INFO:root:133 residues in this chain.
INFO:root:Finished prediction in 3.74 seconds.
INFO:root:Saving prediction to /tmp/w160/foldability_n1000/baseline/foldability/omegafold_shards/shard_00/pdb/q254.pdb
INFO:root:Saved
INFO:root:Predicting 871th chain in /tmp/w160/foldability_n1000/baseline/foldability/omegafold_shards/shard_00/queries.fasta
INFO:root:133 residues in this chain.
INFO:root:Finished prediction in 3.60 seconds.
INFO:root:Saving prediction to /tmp/w160/foldability_n1000/baseline/foldability/omegafold_shards/shard_00/pdb/q306.pdb
INFO:root:Saved
INFO:root:Predicting 872th chain in /tmp/w160/foldability_n1000/baseline/foldability/omegafold_shards/shard_00/queries.fasta
INFO:root:133 residues in this chain.
INFO:root:Finished prediction in 3.60 seconds.
INFO:root:Saving prediction to /tmp/w160/foldability_n1000/baseline/foldability/omegafold_shards/shard_00/pdb/q340.pdb
INFO:root:Saved
INFO:root:Predicting 873th chain in /tmp/w160/foldability_n1000/baseline/foldability/omegafold_shards/shard_00/queries.fasta
INFO:root:133 residues in this chain.
INFO:root:Finished prediction in 3.61 seconds.
INFO:root:Saving prediction to /tmp/w160/foldability_n1000/baseline/foldability/omegafold_shards/shard_00/pdb/q440.pdb
INFO:root:Saved
INFO:root:Predicting 874th chain in /tmp/w160/foldability_n1000/baseline/foldability/omegafold_shards/shard_00/queries.fasta
INFO:root:133 residues in this chain.
INFO:root:Finished prediction in 3.60 seconds.
INFO:root:Saving prediction to /tmp/w160/foldability_n1000/baseline/foldability/omegafold_shards/shard_00/pdb/q442.pdb
INFO:root:Saved
INFO:root:Predicting 875th chain in /tmp/w160/foldability_n1000/baseline/foldability/omegafold_shards/shard_00/queries.fasta
INFO:root:133 residues in this chain.
INFO:root:Finished prediction in 3.61 seconds.
INFO:root:Saving prediction to /tmp/w160/foldability_n1000/baseline/foldability/omegafold_shards/shard_00/pdb/q494.pdb
INFO:root:Saved
INFO:root:Predicting 876th chain in /tmp/w160/foldability_n1000/baseline/foldability/omegafold_shards/shard_00/queries.fasta
INFO:root:133 residues in this chain.
INFO:root:Finished prediction in 3.60 seconds.
INFO:root:Saving prediction to /tmp/w160/foldability_n1000/baseline/foldability/omegafold_shards/shard_00/pdb/q533.pdb
INFO:root:Saved
INFO:root:Predicting 877th chain in /tmp/w160/foldability_n1000/baseline/foldability/omegafold_shards/shard_00/queries.fasta
INFO:root:133 residues in this chain.
INFO:root:Finished prediction in 3.61 seconds.
INFO:root:Saving prediction to /tmp/w160/foldability_n1000/baseline/foldability/omegafold_shards/shard_00/pdb/q950.pdb
INFO:root:Saved
INFO:root:Predicting 878th chain in /tmp/w160/foldability_n1000/baseline/foldability/omegafold_shards/shard_00/queries.fasta
INFO:root:134 residues in this chain.
INFO:root:Finished prediction in 3.60 seconds.
INFO:root:Saving prediction to /tmp/w160/foldability_n1000/baseline/foldability/omegafold_shards/shard_00/pdb/q49.pdb
INFO:root:Saved
INFO:root:Predicting 879th chain in /tmp/w160/foldability_n1000/baseline/foldability/omegafold_shards/shard_00/queries.fasta
INFO:root:134 residues in this chain.
INFO:root:Finished prediction in 3.60 seconds.
INFO:root:Saving prediction to /tmp/w160/foldability_n1000/baseline/foldability/omegafold_shards/shard_00/pdb/q237.pdb
INFO:root:Saved
INFO:root:Predicting 880th chain in /tmp/w160/foldability_n1000/baseline/foldability/omegafold_shards/shard_00/queries.fasta
INFO:root:134 residues in this chain.
INFO:root:Finished prediction in 3.61 seconds.
INFO:root:Saving prediction to /tmp/w160/foldability_n1000/baseline/foldability/omegafold_shards/shard_00/pdb/q916.pdb
INFO:root:Saved
INFO:root:Predicting 881th chain in /tmp/w160/foldability_n1000/baseline/foldability/omegafold_shards/shard_00/queries.fasta
INFO:root:135 residues in this chain.
INFO:root:Finished prediction in 3.60 seconds.
INFO:root:Saving prediction to /tmp/w160/foldability_n1000/baseline/foldability/omegafold_shards/shard_00/pdb/q242.pdb
INFO:root:Saved
INFO:root:Predicting 882th chain in /tmp/w160/foldability_n1000/baseline/foldability/omegafold_shards/shard_00/queries.fasta
INFO:root:135 residues in this chain.
INFO:root:Finished prediction in 3.61 seconds.
INFO:root:Saving prediction to /tmp/w160/foldability_n1000/baseline/foldability/omegafold_shards/shard_00/pdb/q298.pdb
INFO:root:Saved
INFO:root:Predicting 883th chain in /tmp/w160/foldability_n1000/baseline/foldability/omegafold_shards/shard_00/queries.fasta
INFO:root:135 residues in this chain.
INFO:root:Finished prediction in 3.61 seconds.
INFO:root:Saving prediction to /tmp/w160/foldability_n1000/baseline/foldability/omegafold_shards/shard_00/pdb/q684.pdb
INFO:root:Saved
INFO:root:Predicting 884th chain in /tmp/w160/foldability_n1000/baseline/foldability/omegafold_shards/shard_00/queries.fasta
INFO:root:135 residues in this chain.
INFO:root:Finished prediction in 3.61 seconds.
INFO:root:Saving prediction to /tmp/w160/foldability_n1000/baseline/foldability/omegafold_shards/shard_00/pdb/q704.pdb
INFO:root:Saved
INFO:root:Predicting 885th chain in /tmp/w160/foldability_n1000/baseline/foldability/omegafold_shards/shard_00/queries.fasta
INFO:root:135 residues in this chain.
INFO:root:Finished prediction in 3.61 seconds.
INFO:root:Saving prediction to /tmp/w160/foldability_n1000/baseline/foldability/omegafold_shards/shard_00/pdb/q905.pdb
INFO:root:Saved
INFO:root:Predicting 886th chain in /tmp/w160/foldability_n1000/baseline/foldability/omegafold_shards/shard_00/queries.fasta
INFO:root:135 residues in this chain.
INFO:root:Finished prediction in 3.61 seconds.
INFO:root:Saving prediction to /tmp/w160/foldability_n1000/baseline/foldability/omegafold_shards/shard_00/pdb/q980.pdb
INFO:root:Saved
INFO:root:Predicting 887th chain in /tmp/w160/foldability_n1000/baseline/foldability/omegafold_shards/shard_00/queries.fasta
INFO:root:136 residues in this chain.
INFO:root:Finished prediction in 3.62 seconds.
INFO:root:Saving prediction to /tmp/w160/foldability_n1000/baseline/foldability/omegafold_shards/shard_00/pdb/q81.pdb
INFO:root:Saved
INFO:root:Predicting 888th chain in /tmp/w160/foldability_n1000/baseline/foldability/omegafold_shards/shard_00/queries.fasta
INFO:root:136 residues in this chain.
INFO:root:Finished prediction in 3.61 seconds.
INFO:root:Saving prediction to /tmp/w160/foldability_n1000/baseline/foldability/omegafold_shards/shard_00/pdb/q332.pdb
INFO:root:Saved
INFO:root:Predicting 889th chain in /tmp/w160/foldability_n1000/baseline/foldability/omegafold_shards/shard_00/queries.fasta
INFO:root:136 residues in this chain.
INFO:root:Finished prediction in 3.61 seconds.
INFO:root:Saving prediction to /tmp/w160/foldability_n1000/baseline/foldability/omegafold_shards/shard_00/pdb/q387.pdb
INFO:root:Saved
INFO:root:Predicting 890th chain in /tmp/w160/foldability_n1000/baseline/foldability/omegafold_shards/shard_00/queries.fasta
INFO:root:136 residues in this chain.
INFO:root:Finished prediction in 3.61 seconds.
INFO:root:Saving prediction to /tmp/w160/foldability_n1000/baseline/foldability/omegafold_shards/shard_00/pdb/q418.pdb
INFO:root:Saved
INFO:root:Predicting 891th chain in /tmp/w160/foldability_n1000/baseline/foldability/omegafold_shards/shard_00/queries.fasta
INFO:root:136 residues in this chain.
INFO:root:Finished prediction in 3.60 seconds.
INFO:root:Saving prediction to /tmp/w160/foldability_n1000/baseline/foldability/omegafold_shards/shard_00/pdb/q545.pdb
INFO:root:Saved
INFO:root:Predicting 892th chain in /tmp/w160/foldability_n1000/baseline/foldability/omegafold_shards/shard_00/queries.fasta
INFO:root:136 residues in this chain.
INFO:root:Finished prediction in 3.60 seconds.
INFO:root:Saving prediction to /tmp/w160/foldability_n1000/baseline/foldability/omegafold_shards/shard_00/pdb/q759.pdb
INFO:root:Saved
INFO:root:Predicting 893th chain in /tmp/w160/foldability_n1000/baseline/foldability/omegafold_shards/shard_00/queries.fasta
INFO:root:136 residues in this chain.
INFO:root:Finished prediction in 3.60 seconds.
INFO:root:Saving prediction to /tmp/w160/foldability_n1000/baseline/foldability/omegafold_shards/shard_00/pdb/q839.pdb
INFO:root:Saved
INFO:root:Predicting 894th chain in /tmp/w160/foldability_n1000/baseline/foldability/omegafold_shards/shard_00/queries.fasta
INFO:root:137 residues in this chain.
INFO:root:Finished prediction in 3.62 seconds.
INFO:root:Saving prediction to /tmp/w160/foldability_n1000/baseline/foldability/omegafold_shards/shard_00/pdb/q173.pdb
INFO:root:Saved
INFO:root:Predicting 895th chain in /tmp/w160/foldability_n1000/baseline/foldability/omegafold_shards/shard_00/queries.fasta
INFO:root:137 residues in this chain.
INFO:root:Finished prediction in 3.61 seconds.
INFO:root:Saving prediction to /tmp/w160/foldability_n1000/baseline/foldability/omegafold_shards/shard_00/pdb/q324.pdb
INFO:root:Saved
INFO:root:Predicting 896th chain in /tmp/w160/foldability_n1000/baseline/foldability/omegafold_shards/shard_00/queries.fasta
INFO:root:137 residues in this chain.
INFO:root:Finished prediction in 3.61 seconds.
INFO:root:Saving prediction to /tmp/w160/foldability_n1000/baseline/foldability/omegafold_shards/shard_00/pdb/q349.pdb
INFO:root:Saved
INFO:root:Predicting 897th chain in /tmp/w160/foldability_n1000/baseline/foldability/omegafold_shards/shard_00/queries.fasta
INFO:root:137 residues in this chain.
INFO:root:Finished prediction in 3.61 seconds.
INFO:root:Saving prediction to /tmp/w160/foldability_n1000/baseline/foldability/omegafold_shards/shard_00/pdb/q384.pdb
INFO:root:Saved
INFO:root:Predicting 898th chain in /tmp/w160/foldability_n1000/baseline/foldability/omegafold_shards/shard_00/queries.fasta
INFO:root:137 residues in this chain.
INFO:root:Finished prediction in 3.61 seconds.
INFO:root:Saving prediction to /tmp/w160/foldability_n1000/baseline/foldability/omegafold_shards/shard_00/pdb/q602.pdb
INFO:root:Saved
INFO:root:Predicting 899th chain in /tmp/w160/foldability_n1000/baseline/foldability/omegafold_shards/shard_00/queries.fasta
INFO:root:137 residues in this chain.
INFO:root:Finished prediction in 3.61 seconds.
INFO:root:Saving prediction to /tmp/w160/foldability_n1000/baseline/foldability/omegafold_shards/shard_00/pdb/q859.pdb
INFO:root:Saved
INFO:root:Predicting 900th chain in /tmp/w160/foldability_n1000/baseline/foldability/omegafold_shards/shard_00/queries.fasta
INFO:root:137 residues in this chain.
INFO:root:Finished prediction in 3.60 seconds.
INFO:root:Saving prediction to /tmp/w160/foldability_n1000/baseline/foldability/omegafold_shards/shard_00/pdb/q928.pdb
INFO:root:Saved
INFO:root:Predicting 901th chain in /tmp/w160/foldability_n1000/baseline/foldability/omegafold_shards/shard_00/queries.fasta
INFO:root:137 residues in this chain.
INFO:root:Finished prediction in 3.61 seconds.
INFO:root:Saving prediction to /tmp/w160/foldability_n1000/baseline/foldability/omegafold_shards/shard_00/pdb/q935.pdb
INFO:root:Saved
INFO:root:Predicting 902th chain in /tmp/w160/foldability_n1000/baseline/foldability/omegafold_shards/shard_00/queries.fasta
INFO:root:138 residues in this chain.
INFO:root:Finished prediction in 3.62 seconds.
INFO:root:Saving prediction to /tmp/w160/foldability_n1000/baseline/foldability/omegafold_shards/shard_00/pdb/q202.pdb
INFO:root:Saved
INFO:root:Predicting 903th chain in /tmp/w160/foldability_n1000/baseline/foldability/omegafold_shards/shard_00/queries.fasta
INFO:root:138 residues in this chain.
INFO:root:Finished prediction in 3.61 seconds.
INFO:root:Saving prediction to /tmp/w160/foldability_n1000/baseline/foldability/omegafold_shards/shard_00/pdb/q369.pdb
INFO:root:Saved
INFO:root:Predicting 904th chain in /tmp/w160/foldability_n1000/baseline/foldability/omegafold_shards/shard_00/queries.fasta
INFO:root:138 residues in this chain.
INFO:root:Finished prediction in 3.61 seconds.
INFO:root:Saving prediction to /tmp/w160/foldability_n1000/baseline/foldability/omegafold_shards/shard_00/pdb/q435.pdb
INFO:root:Saved
INFO:root:Predicting 905th chain in /tmp/w160/foldability_n1000/baseline/foldability/omegafold_shards/shard_00/queries.fasta
INFO:root:138 residues in this chain.
INFO:root:Finished prediction in 3.59 seconds.
INFO:root:Saving prediction to /tmp/w160/foldability_n1000/baseline/foldability/omegafold_shards/shard_00/pdb/q487.pdb
INFO:root:Saved
INFO:root:Predicting 906th chain in /tmp/w160/foldability_n1000/baseline/foldability/omegafold_shards/shard_00/queries.fasta
INFO:root:138 residues in this chain.
INFO:root:Finished prediction in 3.61 seconds.
INFO:root:Saving prediction to /tmp/w160/foldability_n1000/baseline/foldability/omegafold_shards/shard_00/pdb/q663.pdb
INFO:root:Saved
INFO:root:Predicting 907th chain in /tmp/w160/foldability_n1000/baseline/foldability/omegafold_shards/shard_00/queries.fasta
INFO:root:138 residues in this chain.
INFO:root:Finished prediction in 3.60 seconds.
INFO:root:Saving prediction to /tmp/w160/foldability_n1000/baseline/foldability/omegafold_shards/shard_00/pdb/q895.pdb
INFO:root:Saved
INFO:root:Predicting 908th chain in /tmp/w160/foldability_n1000/baseline/foldability/omegafold_shards/shard_00/queries.fasta
INFO:root:139 residues in this chain.
INFO:root:Finished prediction in 3.62 seconds.
INFO:root:Saving prediction to /tmp/w160/foldability_n1000/baseline/foldability/omegafold_shards/shard_00/pdb/q14.pdb
INFO:root:Saved
INFO:root:Predicting 909th chain in /tmp/w160/foldability_n1000/baseline/foldability/omegafold_shards/shard_00/queries.fasta
INFO:root:139 residues in this chain.
INFO:root:Finished prediction in 3.60 seconds.
INFO:root:Saving prediction to /tmp/w160/foldability_n1000/baseline/foldability/omegafold_shards/shard_00/pdb/q44.pdb
INFO:root:Saved
INFO:root:Predicting 910th chain in /tmp/w160/foldability_n1000/baseline/foldability/omegafold_shards/shard_00/queries.fasta
INFO:root:139 residues in this chain.
INFO:root:Finished prediction in 3.60 seconds.
INFO:root:Saving prediction to /tmp/w160/foldability_n1000/baseline/foldability/omegafold_shards/shard_00/pdb/q258.pdb
INFO:root:Saved
INFO:root:Predicting 911th chain in /tmp/w160/foldability_n1000/baseline/foldability/omegafold_shards/shard_00/queries.fasta
INFO:root:139 residues in this chain.
INFO:root:Finished prediction in 3.60 seconds.
INFO:root:Saving prediction to /tmp/w160/foldability_n1000/baseline/foldability/omegafold_shards/shard_00/pdb/q319.pdb
INFO:root:Saved
INFO:root:Predicting 912th chain in /tmp/w160/foldability_n1000/baseline/foldability/omegafold_shards/shard_00/queries.fasta
INFO:root:139 residues in this chain.
INFO:root:Finished prediction in 3.60 seconds.
INFO:root:Saving prediction to /tmp/w160/foldability_n1000/baseline/foldability/omegafold_shards/shard_00/pdb/q346.pdb
INFO:root:Saved
INFO:root:Predicting 913th chain in /tmp/w160/foldability_n1000/baseline/foldability/omegafold_shards/shard_00/queries.fasta
INFO:root:139 residues in this chain.
INFO:root:Finished prediction in 3.60 seconds.
INFO:root:Saving prediction to /tmp/w160/foldability_n1000/baseline/foldability/omegafold_shards/shard_00/pdb/q430.pdb
INFO:root:Saved
INFO:root:Predicting 914th chain in /tmp/w160/foldability_n1000/baseline/foldability/omegafold_shards/shard_00/queries.fasta
INFO:root:139 residues in this chain.
INFO:root:Finished prediction in 3.60 seconds.
INFO:root:Saving prediction to /tmp/w160/foldability_n1000/baseline/foldability/omegafold_shards/shard_00/pdb/q502.pdb
INFO:root:Saved
INFO:root:Predicting 915th chain in /tmp/w160/foldability_n1000/baseline/foldability/omegafold_shards/shard_00/queries.fasta
INFO:root:139 residues in this chain.
INFO:root:Finished prediction in 3.66 seconds.
INFO:root:Saving prediction to /tmp/w160/foldability_n1000/baseline/foldability/omegafold_shards/shard_00/pdb/q598.pdb
INFO:root:Saved
INFO:root:Predicting 916th chain in /tmp/w160/foldability_n1000/baseline/foldability/omegafold_shards/shard_00/queries.fasta
INFO:root:139 residues in this chain.
INFO:root:Finished prediction in 3.60 seconds.
INFO:root:Saving prediction to /tmp/w160/foldability_n1000/baseline/foldability/omegafold_shards/shard_00/pdb/q742.pdb
INFO:root:Saved
INFO:root:Predicting 917th chain in /tmp/w160/foldability_n1000/baseline/foldability/omegafold_shards/shard_00/queries.fasta
INFO:root:139 residues in this chain.
INFO:root:Finished prediction in 3.75 seconds.
INFO:root:Saving prediction to /tmp/w160/foldability_n1000/baseline/foldability/omegafold_shards/shard_00/pdb/q751.pdb
INFO:root:Saved
INFO:root:Predicting 918th chain in /tmp/w160/foldability_n1000/baseline/foldability/omegafold_shards/shard_00/queries.fasta
INFO:root:139 residues in this chain.
INFO:root:Finished prediction in 3.65 seconds.
INFO:root:Saving prediction to /tmp/w160/foldability_n1000/baseline/foldability/omegafold_shards/shard_00/pdb/q914.pdb
INFO:root:Saved
INFO:root:Predicting 919th chain in /tmp/w160/foldability_n1000/baseline/foldability/omegafold_shards/shard_00/queries.fasta
INFO:root:140 residues in this chain.
INFO:root:Finished prediction in 3.61 seconds.
INFO:root:Saving prediction to /tmp/w160/foldability_n1000/baseline/foldability/omegafold_shards/shard_00/pdb/q273.pdb
INFO:root:Saved
INFO:root:Predicting 920th chain in /tmp/w160/foldability_n1000/baseline/foldability/omegafold_shards/shard_00/queries.fasta
INFO:root:140 residues in this chain.
INFO:root:Finished prediction in 3.60 seconds.
INFO:root:Saving prediction to /tmp/w160/foldability_n1000/baseline/foldability/omegafold_shards/shard_00/pdb/q345.pdb
INFO:root:Saved
INFO:root:Predicting 921th chain in /tmp/w160/foldability_n1000/baseline/foldability/omegafold_shards/shard_00/queries.fasta
INFO:root:140 residues in this chain.
INFO:root:Finished prediction in 3.45 seconds.
INFO:root:Saving prediction to /tmp/w160/foldability_n1000/baseline/foldability/omegafold_shards/shard_00/pdb/q562.pdb
INFO:root:Saved
INFO:root:Predicting 922th chain in /tmp/w160/foldability_n1000/baseline/foldability/omegafold_shards/shard_00/queries.fasta
INFO:root:140 residues in this chain.
INFO:root:Finished prediction in 1.92 seconds.
INFO:root:Saving prediction to /tmp/w160/foldability_n1000/baseline/foldability/omegafold_shards/shard_00/pdb/q811.pdb
INFO:root:Saved
INFO:root:Predicting 923th chain in /tmp/w160/foldability_n1000/baseline/foldability/omegafold_shards/shard_00/queries.fasta
INFO:root:140 residues in this chain.
INFO:root:Finished prediction in 1.94 seconds.
INFO:root:Saving prediction to /tmp/w160/foldability_n1000/baseline/foldability/omegafold_shards/shard_00/pdb/q970.pdb
INFO:root:Saved
INFO:root:Predicting 924th chain in /tmp/w160/foldability_n1000/baseline/foldability/omegafold_shards/shard_00/queries.fasta
INFO:root:140 residues in this chain.
INFO:root:Finished prediction in 2.20 seconds.
INFO:root:Saving prediction to /tmp/w160/foldability_n1000/baseline/foldability/omegafold_shards/shard_00/pdb/q988.pdb
INFO:root:Saved
INFO:root:Predicting 925th chain in /tmp/w160/foldability_n1000/baseline/foldability/omegafold_shards/shard_00/queries.fasta
INFO:root:141 residues in this chain.
INFO:root:Finished prediction in 3.65 seconds.
INFO:root:Saving prediction to /tmp/w160/foldability_n1000/baseline/foldability/omegafold_shards/shard_00/pdb/q124.pdb
INFO:root:Saved
INFO:root:Predicting 926th chain in /tmp/w160/foldability_n1000/baseline/foldability/omegafold_shards/shard_00/queries.fasta
INFO:root:141 residues in this chain.
INFO:root:Finished prediction in 3.63 seconds.
INFO:root:Saving prediction to /tmp/w160/foldability_n1000/baseline/foldability/omegafold_shards/shard_00/pdb/q277.pdb
INFO:root:Saved
INFO:root:Predicting 927th chain in /tmp/w160/foldability_n1000/baseline/foldability/omegafold_shards/shard_00/queries.fasta
INFO:root:141 residues in this chain.
INFO:root:Finished prediction in 4.02 seconds.
INFO:root:Saving prediction to /tmp/w160/foldability_n1000/baseline/foldability/omegafold_shards/shard_00/pdb/q344.pdb
INFO:root:Saved
INFO:root:Predicting 928th chain in /tmp/w160/foldability_n1000/baseline/foldability/omegafold_shards/shard_00/queries.fasta
INFO:root:141 residues in this chain.
INFO:root:Finished prediction in 3.77 seconds.
INFO:root:Saving prediction to /tmp/w160/foldability_n1000/baseline/foldability/omegafold_shards/shard_00/pdb/q385.pdb
INFO:root:Saved
INFO:root:Predicting 929th chain in /tmp/w160/foldability_n1000/baseline/foldability/omegafold_shards/shard_00/queries.fasta
INFO:root:141 residues in this chain.
INFO:root:Finished prediction in 4.49 seconds.
INFO:root:Saving prediction to /tmp/w160/foldability_n1000/baseline/foldability/omegafold_shards/shard_00/pdb/q482.pdb
INFO:root:Saved
INFO:root:Predicting 930th chain in /tmp/w160/foldability_n1000/baseline/foldability/omegafold_shards/shard_00/queries.fasta
INFO:root:141 residues in this chain.
INFO:root:Finished prediction in 3.25 seconds.
INFO:root:Saving prediction to /tmp/w160/foldability_n1000/baseline/foldability/omegafold_shards/shard_00/pdb/q710.pdb
INFO:root:Saved
INFO:root:Predicting 931th chain in /tmp/w160/foldability_n1000/baseline/foldability/omegafold_shards/shard_00/queries.fasta
INFO:root:141 residues in this chain.
INFO:root:Finished prediction in 2.03 seconds.
INFO:root:Saving prediction to /tmp/w160/foldability_n1000/baseline/foldability/omegafold_shards/shard_00/pdb/q836.pdb
INFO:root:Saved
INFO:root:Predicting 932th chain in /tmp/w160/foldability_n1000/baseline/foldability/omegafold_shards/shard_00/queries.fasta
INFO:root:141 residues in this chain.
INFO:root:Finished prediction in 2.03 seconds.
INFO:root:Saving prediction to /tmp/w160/foldability_n1000/baseline/foldability/omegafold_shards/shard_00/pdb/q985.pdb
INFO:root:Saved
INFO:root:Predicting 933th chain in /tmp/w160/foldability_n1000/baseline/foldability/omegafold_shards/shard_00/queries.fasta
INFO:root:142 residues in this chain.
INFO:root:Finished prediction in 2.05 seconds.
INFO:root:Saving prediction to /tmp/w160/foldability_n1000/baseline/foldability/omegafold_shards/shard_00/pdb/q97.pdb
INFO:root:Saved
INFO:root:Predicting 934th chain in /tmp/w160/foldability_n1000/baseline/foldability/omegafold_shards/shard_00/queries.fasta
INFO:root:142 residues in this chain.
INFO:root:Finished prediction in 2.15 seconds.
INFO:root:Saving prediction to /tmp/w160/foldability_n1000/baseline/foldability/omegafold_shards/shard_00/pdb/q113.pdb
INFO:root:Saved
INFO:root:Predicting 935th chain in /tmp/w160/foldability_n1000/baseline/foldability/omegafold_shards/shard_00/queries.fasta
INFO:root:142 residues in this chain.
INFO:root:Finished prediction in 3.39 seconds.
INFO:root:Saving prediction to /tmp/w160/foldability_n1000/baseline/foldability/omegafold_shards/shard_00/pdb/q121.pdb
INFO:root:Saved
INFO:root:Predicting 936th chain in /tmp/w160/foldability_n1000/baseline/foldability/omegafold_shards/shard_00/queries.fasta
INFO:root:142 residues in this chain.
INFO:root:Finished prediction in 3.22 seconds.
INFO:root:Saving prediction to /tmp/w160/foldability_n1000/baseline/foldability/omegafold_shards/shard_00/pdb/q170.pdb
INFO:root:Saved
INFO:root:Predicting 937th chain in /tmp/w160/foldability_n1000/baseline/foldability/omegafold_shards/shard_00/queries.fasta
INFO:root:142 residues in this chain.
INFO:root:Finished prediction in 4.10 seconds.
INFO:root:Saving prediction to /tmp/w160/foldability_n1000/baseline/foldability/omegafold_shards/shard_00/pdb/q175.pdb
INFO:root:Saved
INFO:root:Predicting 938th chain in /tmp/w160/foldability_n1000/baseline/foldability/omegafold_shards/shard_00/queries.fasta
INFO:root:142 residues in this chain.
INFO:root:Finished prediction in 3.67 seconds.
INFO:root:Saving prediction to /tmp/w160/foldability_n1000/baseline/foldability/omegafold_shards/shard_00/pdb/q247.pdb
INFO:root:Saved
INFO:root:Predicting 939th chain in /tmp/w160/foldability_n1000/baseline/foldability/omegafold_shards/shard_00/queries.fasta
INFO:root:142 residues in this chain.
INFO:root:Finished prediction in 3.67 seconds.
INFO:root:Saving prediction to /tmp/w160/foldability_n1000/baseline/foldability/omegafold_shards/shard_00/pdb/q358.pdb
INFO:root:Saved
INFO:root:Predicting 940th chain in /tmp/w160/foldability_n1000/baseline/foldability/omegafold_shards/shard_00/queries.fasta
INFO:root:142 residues in this chain.
INFO:root:Finished prediction in 3.67 seconds.
INFO:root:Saving prediction to /tmp/w160/foldability_n1000/baseline/foldability/omegafold_shards/shard_00/pdb/q469.pdb
INFO:root:Saved
INFO:root:Predicting 941th chain in /tmp/w160/foldability_n1000/baseline/foldability/omegafold_shards/shard_00/queries.fasta
INFO:root:142 residues in this chain.
INFO:root:Finished prediction in 3.68 seconds.
INFO:root:Saving prediction to /tmp/w160/foldability_n1000/baseline/foldability/omegafold_shards/shard_00/pdb/q509.pdb
INFO:root:Saved
INFO:root:Predicting 942th chain in /tmp/w160/foldability_n1000/baseline/foldability/omegafold_shards/shard_00/queries.fasta
INFO:root:142 residues in this chain.
INFO:root:Finished prediction in 3.67 seconds.
INFO:root:Saving prediction to /tmp/w160/foldability_n1000/baseline/foldability/omegafold_shards/shard_00/pdb/q542.pdb
INFO:root:Saved
INFO:root:Predicting 943th chain in /tmp/w160/foldability_n1000/baseline/foldability/omegafold_shards/shard_00/queries.fasta
INFO:root:142 residues in this chain.
INFO:root:Finished prediction in 3.67 seconds.
INFO:root:Saving prediction to /tmp/w160/foldability_n1000/baseline/foldability/omegafold_shards/shard_00/pdb/q546.pdb
INFO:root:Saved
INFO:root:Predicting 944th chain in /tmp/w160/foldability_n1000/baseline/foldability/omegafold_shards/shard_00/queries.fasta
INFO:root:142 residues in this chain.
INFO:root:Finished prediction in 3.67 seconds.
INFO:root:Saving prediction to /tmp/w160/foldability_n1000/baseline/foldability/omegafold_shards/shard_00/pdb/q633.pdb
INFO:root:Saved
INFO:root:Predicting 945th chain in /tmp/w160/foldability_n1000/baseline/foldability/omegafold_shards/shard_00/queries.fasta
INFO:root:142 residues in this chain.
INFO:root:Finished prediction in 3.68 seconds.
INFO:root:Saving prediction to /tmp/w160/foldability_n1000/baseline/foldability/omegafold_shards/shard_00/pdb/q737.pdb
INFO:root:Saved
INFO:root:Predicting 946th chain in /tmp/w160/foldability_n1000/baseline/foldability/omegafold_shards/shard_00/queries.fasta
INFO:root:142 residues in this chain.
INFO:root:Finished prediction in 3.67 seconds.
INFO:root:Saving prediction to /tmp/w160/foldability_n1000/baseline/foldability/omegafold_shards/shard_00/pdb/q805.pdb
INFO:root:Saved
INFO:root:Predicting 947th chain in /tmp/w160/foldability_n1000/baseline/foldability/omegafold_shards/shard_00/queries.fasta
INFO:root:142 residues in this chain.
INFO:root:Finished prediction in 3.68 seconds.
INFO:root:Saving prediction to /tmp/w160/foldability_n1000/baseline/foldability/omegafold_shards/shard_00/pdb/q825.pdb
INFO:root:Saved
INFO:root:Predicting 948th chain in /tmp/w160/foldability_n1000/baseline/foldability/omegafold_shards/shard_00/queries.fasta
INFO:root:143 residues in this chain.
INFO:root:Finished prediction in 3.68 seconds.
INFO:root:Saving prediction to /tmp/w160/foldability_n1000/baseline/foldability/omegafold_shards/shard_00/pdb/q304.pdb
INFO:root:Saved
INFO:root:Predicting 949th chain in /tmp/w160/foldability_n1000/baseline/foldability/omegafold_shards/shard_00/queries.fasta
INFO:root:143 residues in this chain.
INFO:root:Finished prediction in 3.68 seconds.
INFO:root:Saving prediction to /tmp/w160/foldability_n1000/baseline/foldability/omegafold_shards/shard_00/pdb/q322.pdb
INFO:root:Saved
INFO:root:Predicting 950th chain in /tmp/w160/foldability_n1000/baseline/foldability/omegafold_shards/shard_00/queries.fasta
INFO:root:143 residues in this chain.
INFO:root:Finished prediction in 3.68 seconds.
INFO:root:Saving prediction to /tmp/w160/foldability_n1000/baseline/foldability/omegafold_shards/shard_00/pdb/q608.pdb
INFO:root:Saved
INFO:root:Predicting 951th chain in /tmp/w160/foldability_n1000/baseline/foldability/omegafold_shards/shard_00/queries.fasta
INFO:root:143 residues in this chain.
INFO:root:Finished prediction in 3.67 seconds.
INFO:root:Saving prediction to /tmp/w160/foldability_n1000/baseline/foldability/omegafold_shards/shard_00/pdb/q625.pdb
INFO:root:Saved
INFO:root:Predicting 952th chain in /tmp/w160/foldability_n1000/baseline/foldability/omegafold_shards/shard_00/queries.fasta
INFO:root:143 residues in this chain.
INFO:root:Finished prediction in 3.69 seconds.
INFO:root:Saving prediction to /tmp/w160/foldability_n1000/baseline/foldability/omegafold_shards/shard_00/pdb/q670.pdb
INFO:root:Saved
INFO:root:Predicting 953th chain in /tmp/w160/foldability_n1000/baseline/foldability/omegafold_shards/shard_00/queries.fasta
INFO:root:143 residues in this chain.
INFO:root:Finished prediction in 3.67 seconds.
INFO:root:Saving prediction to /tmp/w160/foldability_n1000/baseline/foldability/omegafold_shards/shard_00/pdb/q720.pdb
INFO:root:Saved
INFO:root:Predicting 954th chain in /tmp/w160/foldability_n1000/baseline/foldability/omegafold_shards/shard_00/queries.fasta
INFO:root:143 residues in this chain.
INFO:root:Finished prediction in 3.74 seconds.
INFO:root:Saving prediction to /tmp/w160/foldability_n1000/baseline/foldability/omegafold_shards/shard_00/pdb/q748.pdb
INFO:root:Saved
INFO:root:Predicting 955th chain in /tmp/w160/foldability_n1000/baseline/foldability/omegafold_shards/shard_00/queries.fasta
INFO:root:144 residues in this chain.
INFO:root:Finished prediction in 3.92 seconds.
INFO:root:Saving prediction to /tmp/w160/foldability_n1000/baseline/foldability/omegafold_shards/shard_00/pdb/q257.pdb
INFO:root:Saved
INFO:root:Predicting 956th chain in /tmp/w160/foldability_n1000/baseline/foldability/omegafold_shards/shard_00/queries.fasta
INFO:root:144 residues in this chain.
INFO:root:Finished prediction in 3.83 seconds.
INFO:root:Saving prediction to /tmp/w160/foldability_n1000/baseline/foldability/omegafold_shards/shard_00/pdb/q443.pdb
INFO:root:Saved
INFO:root:Predicting 957th chain in /tmp/w160/foldability_n1000/baseline/foldability/omegafold_shards/shard_00/queries.fasta
INFO:root:144 residues in this chain.
INFO:root:Finished prediction in 3.95 seconds.
INFO:root:Saving prediction to /tmp/w160/foldability_n1000/baseline/foldability/omegafold_shards/shard_00/pdb/q508.pdb
INFO:root:Saved
INFO:root:Predicting 958th chain in /tmp/w160/foldability_n1000/baseline/foldability/omegafold_shards/shard_00/queries.fasta
INFO:root:144 residues in this chain.
INFO:root:Finished prediction in 3.82 seconds.
INFO:root:Saving prediction to /tmp/w160/foldability_n1000/baseline/foldability/omegafold_shards/shard_00/pdb/q514.pdb
INFO:root:Saved
INFO:root:Predicting 959th chain in /tmp/w160/foldability_n1000/baseline/foldability/omegafold_shards/shard_00/queries.fasta
INFO:root:144 residues in this chain.
INFO:root:Finished prediction in 3.72 seconds.
INFO:root:Saving prediction to /tmp/w160/foldability_n1000/baseline/foldability/omegafold_shards/shard_00/pdb/q934.pdb
INFO:root:Saved
INFO:root:Predicting 960th chain in /tmp/w160/foldability_n1000/baseline/foldability/omegafold_shards/shard_00/queries.fasta
INFO:root:144 residues in this chain.
INFO:root:Finished prediction in 4.00 seconds.
INFO:root:Saving prediction to /tmp/w160/foldability_n1000/baseline/foldability/omegafold_shards/shard_00/pdb/q962.pdb
INFO:root:Saved
INFO:root:Predicting 961th chain in /tmp/w160/foldability_n1000/baseline/foldability/omegafold_shards/shard_00/queries.fasta
INFO:root:145 residues in this chain.
INFO:root:Finished prediction in 4.32 seconds.
INFO:root:Saving prediction to /tmp/w160/foldability_n1000/baseline/foldability/omegafold_shards/shard_00/pdb/q2.pdb
INFO:root:Saved
INFO:root:Predicting 962th chain in /tmp/w160/foldability_n1000/baseline/foldability/omegafold_shards/shard_00/queries.fasta
INFO:root:145 residues in this chain.
INFO:root:Finished prediction in 4.17 seconds.
INFO:root:Saving prediction to /tmp/w160/foldability_n1000/baseline/foldability/omegafold_shards/shard_00/pdb/q294.pdb
INFO:root:Saved
INFO:root:Predicting 963th chain in /tmp/w160/foldability_n1000/baseline/foldability/omegafold_shards/shard_00/queries.fasta
INFO:root:145 residues in this chain.
INFO:root:Finished prediction in 6.43 seconds.
INFO:root:Saving prediction to /tmp/w160/foldability_n1000/baseline/foldability/omegafold_shards/shard_00/pdb/q429.pdb
INFO:root:Saved
INFO:root:Predicting 964th chain in /tmp/w160/foldability_n1000/baseline/foldability/omegafold_shards/shard_00/queries.fasta
INFO:root:145 residues in this chain.
INFO:root:Finished prediction in 4.98 seconds.
INFO:root:Saving prediction to /tmp/w160/foldability_n1000/baseline/foldability/omegafold_shards/shard_00/pdb/q547.pdb
INFO:root:Saved
INFO:root:Predicting 965th chain in /tmp/w160/foldability_n1000/baseline/foldability/omegafold_shards/shard_00/queries.fasta
INFO:root:145 residues in this chain.
INFO:root:Finished prediction in 7.65 seconds.
INFO:root:Saving prediction to /tmp/w160/foldability_n1000/baseline/foldability/omegafold_shards/shard_00/pdb/q712.pdb
INFO:root:Saved
INFO:root:Predicting 966th chain in /tmp/w160/foldability_n1000/baseline/foldability/omegafold_shards/shard_00/queries.fasta
INFO:root:145 residues in this chain.
INFO:root:Finished prediction in 6.71 seconds.
INFO:root:Saving prediction to /tmp/w160/foldability_n1000/baseline/foldability/omegafold_shards/shard_00/pdb/q744.pdb
INFO:root:Saved
INFO:root:Predicting 967th chain in /tmp/w160/foldability_n1000/baseline/foldability/omegafold_shards/shard_00/queries.fasta
INFO:root:145 residues in this chain.
INFO:root:Finished prediction in 7.59 seconds.
INFO:root:Saving prediction to /tmp/w160/foldability_n1000/baseline/foldability/omegafold_shards/shard_00/pdb/q753.pdb
INFO:root:Saved
INFO:root:Predicting 968th chain in /tmp/w160/foldability_n1000/baseline/foldability/omegafold_shards/shard_00/queries.fasta
INFO:root:146 residues in this chain.
INFO:root:Finished prediction in 8.97 seconds.
INFO:root:Saving prediction to /tmp/w160/foldability_n1000/baseline/foldability/omegafold_shards/shard_00/pdb/q11.pdb
INFO:root:Saved
INFO:root:Predicting 969th chain in /tmp/w160/foldability_n1000/baseline/foldability/omegafold_shards/shard_00/queries.fasta
INFO:root:146 residues in this chain.
INFO:root:Finished prediction in 3.73 seconds.
INFO:root:Saving prediction to /tmp/w160/foldability_n1000/baseline/foldability/omegafold_shards/shard_00/pdb/q128.pdb
INFO:root:Saved
INFO:root:Predicting 970th chain in /tmp/w160/foldability_n1000/baseline/foldability/omegafold_shards/shard_00/queries.fasta
INFO:root:146 residues in this chain.
INFO:root:Finished prediction in 3.62 seconds.
INFO:root:Saving prediction to /tmp/w160/foldability_n1000/baseline/foldability/omegafold_shards/shard_00/pdb/q400.pdb
INFO:root:Saved
INFO:root:Predicting 971th chain in /tmp/w160/foldability_n1000/baseline/foldability/omegafold_shards/shard_00/queries.fasta
INFO:root:146 residues in this chain.
INFO:root:Finished prediction in 3.64 seconds.
INFO:root:Saving prediction to /tmp/w160/foldability_n1000/baseline/foldability/omegafold_shards/shard_00/pdb/q432.pdb
INFO:root:Saved
INFO:root:Predicting 972th chain in /tmp/w160/foldability_n1000/baseline/foldability/omegafold_shards/shard_00/queries.fasta
INFO:root:146 residues in this chain.
INFO:root:Finished prediction in 3.69 seconds.
INFO:root:Saving prediction to /tmp/w160/foldability_n1000/baseline/foldability/omegafold_shards/shard_00/pdb/q537.pdb
INFO:root:Saved
INFO:root:Predicting 973th chain in /tmp/w160/foldability_n1000/baseline/foldability/omegafold_shards/shard_00/queries.fasta
INFO:root:146 residues in this chain.
INFO:root:Finished prediction in 4.52 seconds.
INFO:root:Saving prediction to /tmp/w160/foldability_n1000/baseline/foldability/omegafold_shards/shard_00/pdb/q660.pdb
INFO:root:Saved
INFO:root:Predicting 974th chain in /tmp/w160/foldability_n1000/baseline/foldability/omegafold_shards/shard_00/queries.fasta
INFO:root:146 residues in this chain.
INFO:root:Finished prediction in 3.84 seconds.
INFO:root:Saving prediction to /tmp/w160/foldability_n1000/baseline/foldability/omegafold_shards/shard_00/pdb/q761.pdb
INFO:root:Saved
INFO:root:Predicting 975th chain in /tmp/w160/foldability_n1000/baseline/foldability/omegafold_shards/shard_00/queries.fasta
INFO:root:147 residues in this chain.
INFO:root:Finished prediction in 4.42 seconds.
INFO:root:Saving prediction to /tmp/w160/foldability_n1000/baseline/foldability/omegafold_shards/shard_00/pdb/q22.pdb
INFO:root:Saved
INFO:root:Predicting 976th chain in /tmp/w160/foldability_n1000/baseline/foldability/omegafold_shards/shard_00/queries.fasta
INFO:root:147 residues in this chain.
INFO:root:Finished prediction in 4.53 seconds.
INFO:root:Saving prediction to /tmp/w160/foldability_n1000/baseline/foldability/omegafold_shards/shard_00/pdb/q53.pdb
INFO:root:Saved
INFO:root:Predicting 977th chain in /tmp/w160/foldability_n1000/baseline/foldability/omegafold_shards/shard_00/queries.fasta
INFO:root:147 residues in this chain.
INFO:root:Finished prediction in 3.61 seconds.
INFO:root:Saving prediction to /tmp/w160/foldability_n1000/baseline/foldability/omegafold_shards/shard_00/pdb/q155.pdb
INFO:root:Saved
INFO:root:Predicting 978th chain in /tmp/w160/foldability_n1000/baseline/foldability/omegafold_shards/shard_00/queries.fasta
INFO:root:147 residues in this chain.
INFO:root:Finished prediction in 3.60 seconds.
INFO:root:Saving prediction to /tmp/w160/foldability_n1000/baseline/foldability/omegafold_shards/shard_00/pdb/q360.pdb
INFO:root:Saved
INFO:root:Predicting 979th chain in /tmp/w160/foldability_n1000/baseline/foldability/omegafold_shards/shard_00/queries.fasta
INFO:root:147 residues in this chain.
INFO:root:Finished prediction in 3.60 seconds.
INFO:root:Saving prediction to /tmp/w160/foldability_n1000/baseline/foldability/omegafold_shards/shard_00/pdb/q530.pdb
INFO:root:Saved
INFO:root:Predicting 980th chain in /tmp/w160/foldability_n1000/baseline/foldability/omegafold_shards/shard_00/queries.fasta
INFO:root:147 residues in this chain.
INFO:root:Finished prediction in 3.62 seconds.
INFO:root:Saving prediction to /tmp/w160/foldability_n1000/baseline/foldability/omegafold_shards/shard_00/pdb/q888.pdb
INFO:root:Saved
INFO:root:Predicting 981th chain in /tmp/w160/foldability_n1000/baseline/foldability/omegafold_shards/shard_00/queries.fasta
INFO:root:147 residues in this chain.
INFO:root:Finished prediction in 3.61 seconds.
INFO:root:Saving prediction to /tmp/w160/foldability_n1000/baseline/foldability/omegafold_shards/shard_00/pdb/q890.pdb
INFO:root:Saved
INFO:root:Predicting 982th chain in /tmp/w160/foldability_n1000/baseline/foldability/omegafold_shards/shard_00/queries.fasta
INFO:root:148 residues in this chain.
INFO:root:Finished prediction in 3.60 seconds.
INFO:root:Saving prediction to /tmp/w160/foldability_n1000/baseline/foldability/omegafold_shards/shard_00/pdb/q195.pdb
INFO:root:Saved
INFO:root:Predicting 983th chain in /tmp/w160/foldability_n1000/baseline/foldability/omegafold_shards/shard_00/queries.fasta
INFO:root:148 residues in this chain.
INFO:root:Finished prediction in 3.59 seconds.
INFO:root:Saving prediction to /tmp/w160/foldability_n1000/baseline/foldability/omegafold_shards/shard_00/pdb/q363.pdb
INFO:root:Saved
INFO:root:Predicting 984th chain in /tmp/w160/foldability_n1000/baseline/foldability/omegafold_shards/shard_00/queries.fasta
INFO:root:148 residues in this chain.
INFO:root:Finished prediction in 3.61 seconds.
INFO:root:Saving prediction to /tmp/w160/foldability_n1000/baseline/foldability/omegafold_shards/shard_00/pdb/q567.pdb
INFO:root:Saved
INFO:root:Predicting 985th chain in /tmp/w160/foldability_n1000/baseline/foldability/omegafold_shards/shard_00/queries.fasta
INFO:root:148 residues in this chain.
INFO:root:Finished prediction in 3.59 seconds.
INFO:root:Saving prediction to /tmp/w160/foldability_n1000/baseline/foldability/omegafold_shards/shard_00/pdb/q819.pdb
INFO:root:Saved
INFO:root:Predicting 986th chain in /tmp/w160/foldability_n1000/baseline/foldability/omegafold_shards/shard_00/queries.fasta
INFO:root:149 residues in this chain.
INFO:root:Finished prediction in 3.60 seconds.
INFO:root:Saving prediction to /tmp/w160/foldability_n1000/baseline/foldability/omegafold_shards/shard_00/pdb/q92.pdb
INFO:root:Saved
INFO:root:Predicting 987th chain in /tmp/w160/foldability_n1000/baseline/foldability/omegafold_shards/shard_00/queries.fasta
INFO:root:149 residues in this chain.
INFO:root:Finished prediction in 3.63 seconds.
INFO:root:Saving prediction to /tmp/w160/foldability_n1000/baseline/foldability/omegafold_shards/shard_00/pdb/q403.pdb
INFO:root:Saved
INFO:root:Predicting 988th chain in /tmp/w160/foldability_n1000/baseline/foldability/omegafold_shards/shard_00/queries.fasta
INFO:root:149 residues in this chain.
INFO:root:Finished prediction in 3.62 seconds.
INFO:root:Saving prediction to /tmp/w160/foldability_n1000/baseline/foldability/omegafold_shards/shard_00/pdb/q671.pdb
INFO:root:Saved
INFO:root:Predicting 989th chain in /tmp/w160/foldability_n1000/baseline/foldability/omegafold_shards/shard_00/queries.fasta
INFO:root:149 residues in this chain.
INFO:root:Finished prediction in 3.61 seconds.
INFO:root:Saving prediction to /tmp/w160/foldability_n1000/baseline/foldability/omegafold_shards/shard_00/pdb/q678.pdb
INFO:root:Saved
INFO:root:Predicting 990th chain in /tmp/w160/foldability_n1000/baseline/foldability/omegafold_shards/shard_00/queries.fasta
INFO:root:149 residues in this chain.
INFO:root:Finished prediction in 3.66 seconds.
INFO:root:Saving prediction to /tmp/w160/foldability_n1000/baseline/foldability/omegafold_shards/shard_00/pdb/q693.pdb
INFO:root:Saved
INFO:root:Predicting 991th chain in /tmp/w160/foldability_n1000/baseline/foldability/omegafold_shards/shard_00/queries.fasta
INFO:root:149 residues in this chain.
INFO:root:Finished prediction in 3.67 seconds.
INFO:root:Saving prediction to /tmp/w160/foldability_n1000/baseline/foldability/omegafold_shards/shard_00/pdb/q707.pdb
INFO:root:Saved
INFO:root:Predicting 992th chain in /tmp/w160/foldability_n1000/baseline/foldability/omegafold_shards/shard_00/queries.fasta
INFO:root:149 residues in this chain.
INFO:root:Finished prediction in 3.67 seconds.
INFO:root:Saving prediction to /tmp/w160/foldability_n1000/baseline/foldability/omegafold_shards/shard_00/pdb/q849.pdb
INFO:root:Saved
INFO:root:Predicting 993th chain in /tmp/w160/foldability_n1000/baseline/foldability/omegafold_shards/shard_00/queries.fasta
INFO:root:149 residues in this chain.
INFO:root:Finished prediction in 3.68 seconds.
INFO:root:Saving prediction to /tmp/w160/foldability_n1000/baseline/foldability/omegafold_shards/shard_00/pdb/q856.pdb
INFO:root:Saved
INFO:root:Predicting 994th chain in /tmp/w160/foldability_n1000/baseline/foldability/omegafold_shards/shard_00/queries.fasta
INFO:root:149 residues in this chain.
INFO:root:Finished prediction in 3.68 seconds.
INFO:root:Saving prediction to /tmp/w160/foldability_n1000/baseline/foldability/omegafold_shards/shard_00/pdb/q967.pdb
INFO:root:Saved
INFO:root:Predicting 995th chain in /tmp/w160/foldability_n1000/baseline/foldability/omegafold_shards/shard_00/queries.fasta
INFO:root:150 residues in this chain.
INFO:root:Finished prediction in 3.68 seconds.
INFO:root:Saving prediction to /tmp/w160/foldability_n1000/baseline/foldability/omegafold_shards/shard_00/pdb/q3.pdb
INFO:root:Saved
INFO:root:Predicting 996th chain in /tmp/w160/foldability_n1000/baseline/foldability/omegafold_shards/shard_00/queries.fasta
INFO:root:150 residues in this chain.
INFO:root:Finished prediction in 3.69 seconds.
INFO:root:Saving prediction to /tmp/w160/foldability_n1000/baseline/foldability/omegafold_shards/shard_00/pdb/q83.pdb
INFO:root:Saved
INFO:root:Predicting 997th chain in /tmp/w160/foldability_n1000/baseline/foldability/omegafold_shards/shard_00/queries.fasta
INFO:root:150 residues in this chain.
INFO:root:Finished prediction in 3.68 seconds.
INFO:root:Saving prediction to /tmp/w160/foldability_n1000/baseline/foldability/omegafold_shards/shard_00/pdb/q417.pdb
INFO:root:Saved
INFO:root:Predicting 998th chain in /tmp/w160/foldability_n1000/baseline/foldability/omegafold_shards/shard_00/queries.fasta
INFO:root:150 residues in this chain.
INFO:root:Finished prediction in 3.69 seconds.
INFO:root:Saving prediction to /tmp/w160/foldability_n1000/baseline/foldability/omegafold_shards/shard_00/pdb/q467.pdb
INFO:root:Saved
INFO:root:Predicting 999th chain in /tmp/w160/foldability_n1000/baseline/foldability/omegafold_shards/shard_00/queries.fasta
INFO:root:150 residues in this chain.
INFO:root:Finished prediction in 3.60 seconds.
INFO:root:Saving prediction to /tmp/w160/foldability_n1000/baseline/foldability/omegafold_shards/shard_00/pdb/q539.pdb
INFO:root:Saved
INFO:root:Predicting 1000th chain in /tmp/w160/foldability_n1000/baseline/foldability/omegafold_shards/shard_00/queries.fasta
INFO:root:150 residues in this chain.
INFO:root:Finished prediction in 3.71 seconds.
INFO:root:Saving prediction to /tmp/w160/foldability_n1000/baseline/foldability/omegafold_shards/shard_00/pdb/q907.pdb
INFO:root:Saved
INFO:root:Done!
[omegafold] gpu=0 shard=0 n=1000
[omegafold] progress 0/1000 folded
[omegafold] progress 6/1000 folded
[omegafold] progress 14/1000 folded
[omegafold] progress 22/1000 folded
[omegafold] progress 31/1000 folded
[omegafold] progress 39/1000 folded
[omegafold] progress 48/1000 folded
[omegafold] progress 56/1000 folded
[omegafold] progress 64/1000 folded
[omegafold] progress 72/1000 folded
[omegafold] progress 81/1000 folded
[omegafold] progress 89/1000 folded
[omegafold] progress 97/1000 folded
[omegafold] progress 105/1000 folded
[omegafold] progress 113/1000 folded
[omegafold] progress 122/1000 folded
[omegafold] progress 130/1000 folded
[omegafold] progress 138/1000 folded
[omegafold] progress 146/1000 folded
[omegafold] progress 155/1000 folded
[omegafold] progress 163/1000 folded
[omegafold] progress 171/1000 folded
[omegafold] progress 179/1000 folded
[omegafold] progress 188/1000 folded
[omegafold] progress 196/1000 folded
[omegafold] progress 204/1000 folded
[omegafold] progress 212/1000 folded
[omegafold] progress 220/1000 folded
[omegafold] progress 229/1000 folded
[omegafold] progress 237/1000 folded
[omegafold] progress 245/1000 folded
[omegafold] progress 253/1000 folded
[omegafold] progress 261/1000 folded
[omegafold] progress 269/1000 folded
[omegafold] progress 277/1000 folded
[omegafold] progress 285/1000 folded
[omegafold] progress 292/1000 folded
[omegafold] progress 300/1000 folded
[omegafold] progress 306/1000 folded
[omegafold] progress 314/1000 folded
[omegafold] progress 322/1000 folded
[omegafold] progress 330/1000 folded
[omegafold] progress 338/1000 folded
[omegafold] progress 347/1000 folded
[omegafold] progress 355/1000 folded
[omegafold] progress 362/1000 folded
[omegafold] progress 378/1000 folded
[omegafold] progress 396/1000 folded
[omegafold] progress 414/1000 folded
[omegafold] progress 431/1000 folded
[omegafold] progress 449/1000 folded
[omegafold] progress 467/1000 folded
[omegafold] progress 484/1000 folded
[omegafold] progress 495/1000 folded
[omegafold] progress 502/1000 folded
[omegafold] progress 512/1000 folded
[omegafold] progress 518/1000 folded
[omegafold] progress 524/1000 folded
[omegafold] progress 532/1000 folded
[omegafold] progress 549/1000 folded
[omegafold] progress 567/1000 folded
[omegafold] progress 585/1000 folded
[omegafold] progress 602/1000 folded
[omegafold] progress 616/1000 folded
[omegafold] progress 624/1000 folded
[omegafold] progress 639/1000 folded
[omegafold] progress 656/1000 folded
[omegafold] progress 673/1000 folded
[omegafold] progress 681/1000 folded
[omegafold] progress 689/1000 folded
[omegafold] progress 697/1000 folded
[omegafold] progress 705/1000 folded
[omegafold] progress 714/1000 folded
[omegafold] progress 723/1000 folded
[omegafold] progress 738/1000 folded
[omegafold] progress 754/1000 folded
[omegafold] progress 766/1000 folded
[omegafold] progress 771/1000 folded
[omegafold] progress 781/1000 folded
[omegafold] progress 796/1000 folded
[omegafold] progress 814/1000 folded
[omegafold] progress 831/1000 folded
[omegafold] progress 840/1000 folded
[omegafold] progress 848/1000 folded
[omegafold] progress 856/1000 folded
[omegafold] progress 865/1000 folded
[omegafold] progress 872/1000 folded
[omegafold] progress 880/1000 folded
[omegafold] progress 889/1000 folded
[omegafold] progress 897/1000 folded
[omegafold] progress 905/1000 folded
[omegafold] progress 913/1000 folded
[omegafold] progress 921/1000 folded
[omegafold] progress 931/1000 folded
[omegafold] progress 940/1000 folded
[omegafold] progress 948/1000 folded
[omegafold] progress 956/1000 folded
[omegafold] progress 962/1000 folded
[omegafold] progress 967/1000 folded
[omegafold] progress 973/1000 folded
[omegafold] progress 981/1000 folded
[omegafold] progress 989/1000 folded
[omegafold] progress 997/1000 folded
[omegafold] consolidated 1000 structures into /tmp/w160/foldability_n1000/baseline/foldability/pdb
wrote_jsonl: /tmp/w160/foldability_n1000/baseline/foldability/foldability.jsonl
wrote_summary: /tmp/w160/foldability_n1000/baseline/foldability/summary.json
missing_pdb: 0
/home/hugo/.conda/envs/omegafold_py310/lib/python3.10/site-packages/torch/jit/_script.py:1491: FutureWarning: `torch.jit.script` is deprecated. Please switch to `torch.compile` or `torch.export`.
  warnings.warn(
/home/hugo/.conda/envs/omegafold_py310/lib/python3.10/site-packages/esm/pretrained.py:215: UserWarning: Regression weights not found, predicting contacts will not produce correct results.
  warnings.warn(
[esmif] progress 0/1000 scored
[esmif] progress 590/1000 scored
wrote_jsonl: /tmp/w160/foldability_n1000/baseline/foldability/self_consistency.jsonl
wrote_summary: /tmp/w160/foldability_n1000/baseline/foldability/self_consistency_summary.json
[run] fold stage: /home/hugo/.conda/envs/omegafold_py310/bin/python /home/hugo/codes/flowa-multistep-reinference/data/lineageflow_upstream/evaluation/foldability_omegafold.py --fasta /tmp/w158/lineageflow_real_fastas/baseline.fasta --outdir /tmp/w160/foldability_n1000/baseline/foldability --omegafold-bin /home/hugo/.conda/envs/omegafold_py310/bin/omegafold --gpus 0 --min-len 10 --skip-invalid --chain A --log-every 30 --no-skip-fold --max-len 1024
[run] self-consistency stage: /home/hugo/.conda/envs/omegafold_py310/bin/python /home/hugo/codes/flowa-multistep-reinference/data/lineageflow_upstream/evaluation/self_consistency_esmif.py --queries-fasta /tmp/w160/foldability_n1000/baseline/foldability/queries.fasta --pdb-dir /tmp/w160/foldability_n1000/baseline/foldability/pdb --outdir /tmp/w160/foldability_n1000/baseline/foldability --gpus 0 --chain A --log-every 30
wrote_metrics: /tmp/w160/foldability_n1000/baseline/foldability/metrics.jsonl
wrote_summary: /tmp/w160/foldability_n1000/baseline/foldability/metrics_summary.json
