seed,arm,idx,smiles,reos_flag
43,baseline,0,[H]N(C([H])([H])[H])C([H])(C([H])([H])[H])C([H])([H])[H],0
43,baseline,1,[H]C([H])([H])C([H])([H])C([H])([H])[N+]([H])([H])C([H])([H])C([H])([H])C([H])([H])[H],0
43,baseline,2,[H]C1=C([H])C([H])=C2C(=C1[H])N=C(C([H])([H])[H])N2C(=O)C([H])([H])[H],0
43,baseline,3,[H]C1=C([H])C([H])=C(C2=NN(N([H])C(=O)C([H])([H])C([H])([H])[H])C(N([H])[H])=N2)C([H])=C1[H],0
43,baseline,4,[H]C([H])([H])C([H])([H])C([H])([H])C(=O)N1C([H])([H])C([H])([H])OC([H])([H])C1([H])[H],0
43,baseline,5,[H]C([H])([H])C1(C([H])([H])[H])C([H])([H])C([H])([H])C2(C([H])([H])[H])C([H])([H])C([H])([H])C([H])([H])[N+]12[H],0
43,baseline,6,[H]C([H])([H])OC(=O)C([H])([H])C([H])(C([H])([H])[H])C([H])([H])[H],0
43,baseline,7,[H]C1=C(C(=O)OC([H])([H])[H])SC(SC([H])([H])C(=O)[O-])=N1,0
43,baseline,8,[H]C([H])([H])OC([H])([H])C([H])([H])[H],0
43,baseline,9,[H]C1=C([H])N([H])C(C([H])([H])C(=O)OC([H])([H])[H])=C1[H],0
43,baseline,10,[H]N([H])C([H])([H])C([H])([H])C([H])([H])C([H])([H])[H],0
43,baseline,11,[H]C1=C([H])C([H])=C(N(C([H])([H])[H])C([H])([H])[H])C(OC([H])([H])[H])=C1[H],0
43,baseline,12,[H]OC(=O)C1([H])C([H])([H])C([H])([H])C([H])([H])C1([H])C([H])([H])C([H])([H])[H],0
43,baseline,13,[H]C1=C([H])C(C([H])([H])C([H])([H])[H])=C([H])C([H])=C1N([H])[H],0
43,baseline,14,[H]C1=C(C([H])([H])C([H])([H])C([H])([H])OC([H])([H])[H])C(=O)N([H])C(N([H])[H])=N1,0
43,baseline,15,[H]C1=C(OC([H])([H])[H])C2=C(OC([H])([H])C([H])([H])O2)C([H])=C1C(=O)C([H])([H])[H],0
43,baseline,16,[H]C1=C([H])C([H])=C(C([H])([H])S(=O)(=O)N([H])C([H])([H])C([H])([H])[H])C(Cl)=C1[H],0
43,baseline,17,[H]N1C(=O)C([H])([H])C([H])(C([H])([H])[H])C([H])([H])C1([H])[H],0
43,baseline,18,[H]N1C(=O)N([H])C2=C1C([H])([H])C([H])([H])C([H])([H])C2([H])C([H])([H])[H],0
43,baseline,19,[H]N1N=C(C([H])([H])[H])N=C1C([H])([H])N([H])[H],0
43,baseline,20,[H]C1=C([H])C([H])=C([H])C(N([H])C([H])([H])C([H])([H])C2=C([H])C([H])([H])OC([H])([H])C2([H])[H])=N1,0
43,baseline,21,[H]N(C(=O)C([H])([H])C([H])([H])[H])C([H])([H])C([H])(C([H])([H])[H])C([H])([H])[H],0
43,baseline,22,[H]C([H])=C([H])C([H])([H])OC1=C([H])C([H])=C(Cl)C([H])=C1[H],0
43,baseline,23,[H]N([H])N([H])C(=S)N([H])C([H])([H])C([H])([H])C([H])([H])C([H])([H])[H],0
43,baseline,24,[H]C1=C([H])C(N([H])C(=O)C([H])([H])OC([H])([H])[H])=C([H])C([H])=C1Br,0
43,baseline,25,[H]C1=NC(Cl)=NN1C([H])([H])C([H])([H])C([H])([H])C([H])([H])[H],0
43,baseline,26,[H]C1=NC([H])=C([H])C(C(=O)N([H])C([H])([H])C([H])([H])C([H])([H])[H])=C1[H],0
43,baseline,27,[H]C([H])=C([H])C([H])([H])C(=O)N([H])C([H])([H])C([H])=C([H])[H],0
43,baseline,28,[H]N(C(=O)C([H])([H])C([H])([H])C([H])([H])[H])C(=S)N([H])C([H])(C([H])([H])[H])C([H])([H])[H],0
43,baseline,29,[H]C([H])(Cl)C1(Cl)SS1,0
43,baseline,30,[H]C([H])([H])C([H])([H])C([H])([H])C([H])([H])C1([H])OC([H])([H])C([H])([H])C1([H])[H],0
43,baseline,31,[H]C([H])([H])N1C(=O)C([H])([H])C([H])([H])C1([H])[H],0
43,baseline,32,[H]N([H])N([H])C(=O)OC([H])([H])[H],0
43,baseline,33,[H]N([H])C([H])(C([H])([H])[H])C([H])([H])SC([H])([H])C([H])([H])[H],0
43,baseline,34,[H]C1=C([H])C(C([H])([H])[H])=C([H])C([H])=C1N([H])C([H])(C([H])([H])[H])C([H])([H])[H],0
43,baseline,35,[H]C1=C([H])C(C([H])([H])C([H])([H])[H])=C([H])C([H])=C1N([H])[H],0
43,baseline,36,[H]C1=C([H])C([H])=C(C([H])([H])[H])C(C(=O)C([H])([H])C([H])([H])[H])=C1[H],0
43,baseline,37,[H]N1C(=O)N([H])C([H])(C([H])([H])C([H])([H])C([H])([H])C([H])([H])[H])C1=O,0
43,baseline,38,[H]N([H])C(=O)C([H])([H])C([H])([H])[H],0
43,baseline,39,[H]N(C(=O)C([H])([H])Cl)C([H])([H])[H],0
43,baseline,40,[H]C1=C([H])C([H])=C(C([H])([H])N(C([H])([H])[H])C([H])([H])[H])C([H])=C1[H],0
43,baseline,41,[H]OC([H])([H])C([H])([H])C([H])([H])[H],0
43,baseline,42,[H]OC([H])([H])C([H])([H])C([H])([H])C([H])([H])C([H])([H])C([H])([H])C([H])([H])[H],0
43,baseline,43,[H]OC([H])([H])C([H])([H])N([H])C(=O)OC([H])([H])C([H])([H])[H],0
43,baseline,44,[H]OC([H])(C([H])([H])[H])C([H])([H])[H],0
43,baseline,45,[H]OC([H])(C([H])([H])[H])C([H])([H])C(C([H])([H])[H])(C([H])([H])[H])[N+]([H])([H])[H],0
43,baseline,46,[H]C1=C(C([H])([H])C([H])([H])[H])C([H])([H])C([H])([H])N([H])C([H])([H])C1([H])[H],0
43,baseline,47,[H]C1=C([H])C([H])=C(C2=NN([H])C(C([H])([H])C([H])([H])[H])=N2)C([H])=C1[H],0
43,baseline,48,[H]C(=NC1=C([H])N([H])C2=C([H])C([H])=C([H])C([H])=C12)C1=C([H])C([H])=C([H])C([H])=C1C([H])([H])[H],0
43,baseline,49,[H]C1=C(C(=O)OC([H])([H])[H])C(C(=O)OC([H])([H])[H])=C([H])S1,0
43,baseline,50,[H]C([H])([H])OC(=O)C([H])([H])C(=O)C([H])([H])[H],0
43,baseline,51,[H]N([H])C(=S)N([H])C(=S)N([H])C([H])([H])C([H])([H])[H],0
43,baseline,52,[H]C1=C([H])C2=C(C(C([H])([H])C([H])([H])C([H])([H])C([H])([H])[H])=NOC2=O)C([H])=C1[H],0
43,baseline,53,[H]C1=NC2=C([H])C([H])=C([H])N=C2N1C([H])([H])C([H])([H])C(=O)OC([H])([H])[H],0
43,baseline,54,[H]OC([H])([H])C([H])([H])C([H])([H])N([H])C([H])([H])C([H])([H])[H],0
43,baseline,55,[H]C1=C([H])C(Br)=C(C(=O)OC([H])([H])C([H])([H])[H])C([H])=C1[H],0
43,baseline,56,[H]N([H])C(=O)C([H])([H])C([H])(N([H])C([H])([H])[H])C([H])([H])[H],0
43,baseline,57,[H]OC(=O)C([H])([H])C([H])([H])C([H])(C([H])([H])[H])C([H])([H])[H],0
43,baseline,58,[H]N(C(=S)N([H])C(C([H])([H])[H])(C([H])([H])[H])C([H])([H])[H])C([H])([H])[H],0
43,baseline,59,[H]C1=C([H])C([H])=C([H])C(SC([H])([H])C(=O)OC([H])([H])C([H])([H])[H])=N1,0
43,baseline,60,[H]C1=NSC(N([H])C(=O)OC([H])([H])[H])=N1,0
43,baseline,61,[H]C([H])([H])C([H])([H])OC(=O)C1([H])C([H])([H])C([H])([H])C([H])([H])C([H])([H])C1([H])[H],0
43,baseline,62,[H]C(=NN([H])[H])C([H])([H])C([H])([H])C([H])([H])[H],0
43,baseline,63,[H]C(=NN([H])S(=O)(=O)C1=C([H])C([H])=C([H])C([H])=C1[H])C(C([H])([H])[H])(C([H])([H])[H])C([H])([H])[H],0
43,baseline,64,[H]C1=C([H])N(C([H])([H])C([H])([H])[H])C([H])=C1C(=O)N([H])[H],0
43,baseline,65,[H]N1N=C(C([H])([H])C([H])([H])C([H])([H])C([H])([H])[H])SC1=S,0
43,baseline,66,[H]C([H])([H])C1([H])SS1,0
43,baseline,67,[H]N([H])C([H])([H])C([H])([H])[N+]([H])([H])C([H])([H])[H],0
43,baseline,68,[H]OC([H])([H])C([H])(S[H])N([H])[H],0
43,baseline,69,[H]N([H])C([H])([H])C([H])([H])N([H])[H],0
43,baseline,70,[H]C1=C([H])C(N([H])C(=O)C([H])(C([H])([H])[H])C([H])([H])[H])=C([H])C([H])=C1Br,0
43,baseline,71,[H]C([H])([H])C([H])([H])OC(=O)C([H])([H])C([H])([H])[H],0
43,baseline,72,[H]N([H])C(=O)C([H])([H])C([H])([H])C([H])([H])C(=O)C([H])([H])[H],0
43,baseline,73,[H]N1C(=S)N(C([H])([H])C([H])([H])[H])C(=O)C1([H])C([H])([H])[H],0
43,baseline,74,[H]N(C(=O)OC([H])([H])[H])C(=S)SC([H])(C#N)C#N,0
43,baseline,75,[H]C1=C(OC([H])([H])C([H])([H])[H])C(C(=O)OC([H])([H])[H])=C([H])C(C([H])([H])[H])=C1[H],0
43,baseline,76,[H]C([H])([H])C([H])([H])OC(=O)C([H])([H])C([H])([H])[H],0
43,baseline,77,[H]OC(=O)C([H])([H])C([H])([H])C([H])(C([H])([H])[H])C([H])([H])[H],0
43,baseline,78,[H]C([H])([H])N(C(=O)C([H])([H])N1C([H])([H])C([H])([H])C([H])([H])C1([H])[H])C([H])([H])C([H])([H])[H],0
43,baseline,79,[H]OC(=O)C([H])(N([H])C(=S)SC([H])([H])C([H])([H])[H])C([H])([H])C(=O)OC([H])([H])[H],0
43,baseline,80,[H]N(C(=O)C([H])([H])[H])C([H])([H])C(=O)OC([H])([H])C([H])([H])[H],0
43,baseline,81,[H]ON=C([H])C([H])(N([H])C(=O)C1=C([H])C([H])=C([H])C([H])=C1[H])C([H])([H])[H],0
43,baseline,82,[H]N(C(=O)OC([H])([H])[H])C(=S)N([H])C([H])([H])C([H])([H])[H],0
43,baseline,83,[H]OC(=O)C([H])([H])Cl,0
43,baseline,84,[H]OC([H])([H])C([H])([H])N([H])C(=O)OC([H])([H])C([H])([H])[H],0
43,baseline,85,[H]OC([H])([H])C([H])([H])C([H])([H])[H],0
43,baseline,86,[H]N([H])C(=S)N([H])C([H])([H])C([H])([H])C([H])([H])C([H])([H])C([H])([H])[H],0
43,baseline,87,[H]C1=C([H])C([H])=C(C2([H])N(C(=O)N([H])[H])C(=O)C(=O)N2C([H])([H])[H])C([H])=C1[H],0
43,baseline,88,[H]C1=NN([H])C(SC([H])([H])C([H])([H])OC([H])([H])[H])=N1,0
43,baseline,89,[H]N(C(=O)C1=C(C([H])([H])[H])N=C(N=C(C([H])([H])[H])C([H])([H])[H])S1)C([H])([H])[H],0
43,baseline,90,[H]N1C(=O)C([H])(C([H])([H])C(=O)C([H])([H])[H])C([H])([H])C([H])([H])C1([H])[H],0
43,baseline,91,[H]C1=C(SC([H])([H])C([H])([H])[H])C(C(=O)OC([H])([H])C([H])([H])[H])=C(C([H])([H])[H])N([H])C1=O,0
43,baseline,92,[H]C([H])(S)C([H])([H])Cl,0
43,baseline,93,[H]C([H])([H])N(C(=O)C(C([H])([H])[H])(C([H])([H])[H])C([H])([H])[H])C([H])([H])[H],0
43,baseline,94,[H]C([H])([H])OC([H])([H])C([H])([H])Br,0
43,baseline,95,[H]OC(=O)C([H])([H])OC([H])([H])[H],0
43,baseline,96,[H]OC([H])([H])C([H])(O[H])C([H])([H])C([H])([H])C([H])([H])[H],0
43,baseline,97,[H]OC(=O)C([H])([H])C([H])([H])O[H],0
43,baseline,98,[H]OC(=O)C([H])([H])[H],0
43,baseline,99,[H]N([H])C(=O)N([H])[H],0
43,baseline,100,[H]OC(C(=O)N([H])C(C([H])([H])[H])(C([H])([H])[H])C([H])([H])[H])(C([H])([H])[H])C([H])([H])[H],0
43,baseline,101,[H]N([H])C(=O)C([H])([H])C([H])([H])[H],0
43,baseline,102,[H]OC([H])([H])C([H])([H])C([H])(N([H])C([H])([H])[H])C([H])([H])[H],0
43,baseline,103,[H]C1=C([H])C(C([H])([H])C([H])([H])[H])=C2C(=C1[H])C([H])([H])C(=O)N2[H],0
43,baseline,104,[H]C1=NC2=C([H])C([H])=C([H])C([H])=C2N1C([H])([H])C([H])([H])N([H])C([H])([H])[H],0
43,baseline,105,[H]N1C(=O)C([H])(C([H])([H])[H])C([H])(C(=O)OC([H])([H])[H])C1([H])[H],0
43,baseline,106,[H]N(C(=O)OC([H])([H])C([H])([H])[H])C([H])([H])[H],0
43,baseline,107,[H]SC(C([H])([H])[H])(C([H])([H])[H])C([H])([H])[H],0
43,baseline,108,[H]C1=C([H])C([H])=C(C(=O)C(=NOC([H])([H])[H])N([H])[H])S1,0
43,baseline,109,[H]C([H])([H])C([H])([H])C([H])([H])C1([H])C([H])([H])C([H])([H])OC([H])([H])C([H])([H])C1([H])[H],0
43,baseline,110,[H]C1=C([H])C2=C(C(OC([H])([H])[H])=C1OC([H])([H])[H])C([H])([H])C([H])([H])C2([H])[H],0
43,baseline,111,[H]N([H])C([H])([H])C([H])([H])N([H])[H],0
43,baseline,112,[H]C1=C(C([H])([H])[H])C([H])=C(S(=O)(=O)N2C([H])([H])C([H])([H])OC([H])([H])C2([H])[H])S1,0
43,baseline,113,[H]C([H])([H])N(C([H])([H])C([H])([H])[H])C([H])([H])C([H])([H])C([H])([H])C([H])([H])[H],0
43,baseline,114,[H]ON=C(C(=O)O[H])C([H])([H])[H],0
43,baseline,115,[H]C([H])([H])OC(=O)C([H])([H])C([H])([H])C([H])([H])[H],0
43,baseline,116,[H]C([H])([H])C(=O)C([H])([H])C([H])([H])[N+]([H])([H])[H],0
43,baseline,117,[H]N([H])C(C(=O)C([H])(C([H])([H])[H])C([H])([H])[H])(C([H])([H])[H])C([H])([H])[H],0
43,baseline,118,[H]OC([H])(C([H])([H])N([H])[H])C([H])([H])C([H])([H])C([H])([H])[H],0
43,baseline,119,[H]C1=NN(C([H])([H])C([H])([H])C([H])([H])[H])C(=O)C2=C([H])C([H])=C([H])C([H])=C12,0
43,baseline,120,[H]OC(=O)C([H])([H])SC1=NC(C([H])([H])C([H])([H])C([H])([H])[H])=C([H])S1,0
43,baseline,121,[H]N([H])C(=S)N([H])[H],0
43,baseline,122,[H]C1=NC([H])=C([H])C(C([H])([H])N([H])C(=O)C([H])([H])C([H])([H])C([H])([H])[H])=C1[H],0
43,baseline,123,[H]N([H])C(=O)N([H])[H],0
43,baseline,124,[H]C1=C([H])C([H])=C(N2C(=S)N([H])C([H])([H])C2([H])C(=O)OC([H])([H])[H])C([H])=C1[H],0
43,baseline,125,[H]OC([H])(C([H])([H])[H])C([H])([H])[H],0
43,baseline,126,[H]C([H])([H])C([H])([H])N(C([H])(C([H])([H])[H])C([H])([H])[H])C([H])(C([H])([H])[H])C([H])([H])[H],0
43,baseline,127,[H]C1=NC([H])=C([H])C([H])=C1C([H])([H])C(=O)C(=O)N([H])C([H])([H])C([H])=C([H])[H],0
43,baseline,128,[H]C1=C([H])C([H])=C(N(C(=O)C([H])([H])[H])C([H])([H])C([H])([H])C([H])([H])[H])C([H])=C1[H],0
43,baseline,129,[H]N([H])C(=NN([H])C(=O)C([H])([H])C([H])([H])[H])C([H])([H])[H],0
43,baseline,130,[H]C1=C(Cl)SC(C(=O)C([H])([H])C([H])([H])[H])=C1[H],0
43,baseline,131,[H]N([H])C(=O)C([H])([H])C([H])([H])[H],0
43,baseline,132,[H]N([H])P(=O)(SC([H])(C([H])([H])[H])C([H])([H])[H])C([H])([H])[H],0
43,baseline,133,[H]OC(=O)C1=C(C2=C([H])C([H])=C([H])O2)SC(C(=O)OC([H])([H])C([H])([H])[H])=C1[H],0
43,baseline,134,[H]OC([H])([H])C([H])([H])C([H])([H])C([H])([H])[N+]([H])([H])[H],0
43,baseline,135,[H]C([H])([H])OC(=O)C([H])([H])C([H])([H])N1C([H])([H])C(=O)C([H])([H])C([H])([H])C1([H])[H],0
43,baseline,136,[H]N([H])C(=O)C([H])([H])C([H])([H])[H],0
43,baseline,137,[H]OC(=O)C([H])([H])C([H])([H])C([H])([H])C([H])([H])C([H])([H])[H],0
43,baseline,138,[H]N1C(=O)C([H])(C([H])([H])[H])C([H])([H])C([H])([H])C1([H])[H],0
43,baseline,139,[H]N([H])C(=S)N([H])C(=O)N([H])C([H])([H])[H],0
43,baseline,140,[H]C1=NC2=C(N=C(N([H])[H])S2)N1N(C([H])([H])[H])C([H])([H])C([H])([H])[H],0
43,baseline,141,[H]C([H])([H])C1([H])N(S(=O)(=O)C([H])([H])[H])C([H])([H])C([H])([H])C1([H])[H],0
43,baseline,142,[H]C1=C([H])C([H])=C(C([H])([H])C([H])([H])C(=O)N([H])C([H])([H])C([H])([H])[H])C([H])=C1[H],0
43,baseline,143,[H]OC([H])(C([H])([H])[H])C([H])([H])N([H])C([H])([H])C([H])([H])[H],0
43,baseline,144,[H]C([H])([H])SC1=NN=C(SC([H])([H])C([H])([H])[H])S1,0
43,baseline,145,[H]OC(=O)C([H])([H])C([H])([H])C([H])([H])[H],0
43,baseline,146,[H]C([H])([H])C([H])([H])[N+]([H])([H])C([H])(C([H])([H])[H])C([H])([H])[H],0
43,baseline,147,[H]N([H])C(=S)N([H])[H],0
43,baseline,148,[H]C1=C([H])SC(N([H])C(=S)N(C([H])([H])[H])C([H])([H])[H])=N1,0
43,baseline,149,[H]N([H])C([H])(C([H])([H])[H])C([H])([H])SC([H])([H])C([H])([H])[H],0
43,baseline,150,[H]N1C(=O)C2=C(N=C1C([H])([H])C([H])([H])[H])N(C([H])([H])C([H])([H])C([H])([H])[H])N=C2C([H])([H])[H],0
43,baseline,151,[H]C([H])([H])C([H])([H])N1C([H])([H])C([H])([H])C([H])([H])C1([H])[H],0
43,baseline,152,[H]C([H])([H])C(=O)C([H])([H])C1=NON=C1C([H])([H])[H],0
43,baseline,153,[H]OC(C1=C([H])C([H])=C([H])C([H])=C1[H])(C([H])([H])[H])C([H])([H])[H],0
43,baseline,154,[H]C1=C([H])C([H])=C(C([H])([H])C(=O)OC([H])([H])C([H])([H])[H])C([H])=C1[H],0
43,baseline,155,[H]C([H])([H])N(C([H])([H])[H])C([H])([H])C(=O)OC([H])([H])C([H])([H])C([H])([H])C([H])([H])[H],0
43,baseline,156,[H]C1=C(SC([H])([H])[H])N=C(C([H])([H])C([H])([H])[H])N=C1C([H])([H])[H],0
43,baseline,157,[H]C(=NN(C([H])([H])[H])C([H])([H])[H])C1=C([H])C(Cl)=C([H])C([H])=C1Cl,0
43,baseline,158,[H]OC([H])([H])C([H])([H])C([H])([H])C([H])([H])C([H])([H])O[H],0
43,baseline,159,[H]OC(=O)C([H])([H])C([H])([H])[H],0
43,baseline,160,[H]OC([H])([H])C([H])([H])C([H])([H])[H],0
43,baseline,161,[H]C1=C(C(=O)OC([H])([H])[H])N2C(=NC([H])([H])C2([H])[H])S1,0
43,baseline,162,[H]OC(=O)N([H])C([H])([H])C([H])([H])C([H])([H])[H],0
43,baseline,163,[H]C1=C([H])C2=C(C(=O)N(C([H])([H])C([H])([H])C([H])([H])[H])C2=O)C([H])=C1[H],0
43,baseline,164,[H]C1=NN(C([H])([H])C(C([H])([H])[H])(C([H])([H])[H])C([H])([H])[H])C(=S)N([H])C1=O,0
43,baseline,165,[H]OC([H])([H])C([H])([H])C([H])([H])[H],0
43,baseline,166,[H]C([H])=C([H])C([H])([H])C(=O)N([H])C1=C([H])C([H])=C([H])C([H])=C1Cl,0
43,baseline,167,[H]OC1=C([H])C(C(=O)C([H])([H])[H])=C([H])C(C(=O)OC([H])([H])[H])=C1[H],0
43,baseline,168,[H]N([H])C(=S)N([H])C([H])([H])C([H])([H])N([H])[H],0
43,baseline,169,[H]C1=C([H])C([H])=C(C([H])([H])C([H])(C([H])([H])[H])C([H])([H])[H])C([H])=C1[H],0
43,baseline,170,[H]C(=C(OC(=O)C([H])([H])[H])C(=O)C([H])([H])[H])C([H])([H])[H],0
43,baseline,171,[H]C1=NC([H])=C([H])C(C2=NOC(C([H])([H])OC([H])([H])[H])=N2)=C1[H],0
43,baseline,172,[H]N([H])C(=O)SC([H])([H])C(=O)OC([H])(C([H])([H])[H])C([H])([H])[H],0
43,baseline,173,[H]C1=C(C(=O)C([H])([H])[H])C(=O)N([H])C(C([H])([H])[H])=C1[H],0
43,baseline,174,[H]N(C([H])([H])[H])C([H])(C([H])([H])[H])C([H])([H])[H],0
43,baseline,175,[H]N([H])C(=O)C([H])([H])C([H])([H])C([H])([H])[H],0
43,baseline,176,[H]C1=NC([H])=C([H])N=C1N([H])C([H])([H])C([H])([H])C([H])([H])C([H])([H])[H],0
43,baseline,177,[H]OC([H])([H])C([H])(N([H])C([H])([H])[H])C([H])([H])C([H])([H])[H],0
43,baseline,178,[H]OC([H])([H])C([H])([H])SC1=C([H])C([H])=C([H])C([H])=C1OC([H])([H])[H],0
43,baseline,179,[H]N1C(=O)N(C([H])([H])[H])C(=O)C([H])(C([H])(C([H])([H])[H])C([H])([H])C([H])([H])[H])C1=O,0
43,baseline,180,[H]C(=C1ON=C(N([H])C(=O)C([H])([H])[H])SC1([H])[H])C([H])([H])[H],0
43,baseline,181,[H]C1=NC2=C(N=C(C([H])([H])[H])C([H])=C2[H])N1C([H])([H])C([H])([H])[H],0
43,baseline,182,[H]N(C(=S)N([H])C([H])([H])C([H])([H])C([H])([H])C([H])([H])[H])C([H])([H])[H],0
43,baseline,183,[H]C1=C(Br)OC(C(=O)OC([H])([H])C([H])([H])[H])=C1[H],0
43,baseline,184,[H]OC1=C([H])C([H])=C([H])C([H])=C1C(=O)OC([H])([H])C([H])([H])[H],0
43,baseline,185,[H]N([H])C(=S)N([H])N([H])C(=O)C([H])([H])C([H])([H])C([H])([H])[H],0
43,baseline,186,[H]C1=NC2=C(C(OC([H])([H])[H])=C1[H])N(C([H])([H])C([H])([H])C([H])([H])[H])C([H])=N2,0
43,baseline,187,[H]C1=C([H])C(C(=O)OC([H])([H])C(=O)OC([H])([H])[H])=C([H])C([H])=C1Br,0
43,baseline,188,[H]N([H])C(=O)C([H])([H])C([H])([H])[H],0
43,baseline,189,[H]C([H])([H])C1(C([H])([H])[H])SC([H])([H])C([H])([H])C1([H])[H],0
43,baseline,190,[H]C1=C([H])C([H])=C2C(=C1[H])N=C(C([H])([H])C([H])([H])C([H])([H])[H])N2[H],0
43,baseline,191,[H]C1=C(C(=O)N([H])C([H])(C([H])([H])[H])C([H])([H])[H])C([H])=C(Br)O1,0
43,baseline,192,[H]C1=NN([H])C(=S)N1C([H])([H])C1([H])C([H])([H])C([H])([H])C([H])([H])C([H])([H])C1([H])[H],0
43,baseline,193,[H]C1=C([H])C([H])=C(N2N=C(C([H])([H])[H])C3=C([H])C([H])=C([H])C([H])=C3C2=O)C([H])=C1[H],0
43,baseline,194,[H]C1=C(C([H])([H])[H])OC(N([H])C(=O)C([H])([H])C([H])([H])C([H])([H])[H])=N1,0
43,baseline,195,[H]C1=C(N([H])[H])SC(C(=O)OC([H])([H])[H])=N1,0
43,baseline,196,[H]N(C(=O)C([H])(C([H])([H])[H])C([H])([H])[H])C([H])([H])[H],0
43,baseline,197,[H]C([H])([H])C(=O)C1([H])C([H])([H])C([H])([H])C([H])([H])C1([H])[H],0
43,baseline,198,[H]C1=NC([H])=C(C(N([H])[H])(C([H])([H])[H])C([H])([H])[H])C([H])=C1[H],0
43,baseline,199,[H]OC(=O)N([H])C1=NN=C(SC([H])([H])[H])S1,0
43,baseline,200,[H]C([H])([H])SC1=NN=C(N(C([H])([H])C([H])([H])[H])C([H])([H])C([H])([H])[H])S1,0
43,baseline,201,[H]OC(=O)OC([H])([H])C([H])([H])C([H])([H])N([H])C([H])([H])[H],0
43,baseline,202,[H]OC(=O)C([H])(C(=O)O[H])C([H])([H])C([H])([H])C([H])([H])[H],0
43,baseline,203,[H]C1=C([H])C(S(=O)(=O)N([H])[H])=C([H])C([H])=C1OC([H])([H])C([H])([H])[H],0
43,baseline,204,[H]N(C(=O)C([H])([H])[H])C(=S)N([H])C([H])([H])C([H])([H])[H],0
43,baseline,205,[H]N1C(=O)N(C([H])([H])C([H])([H])C([H])([H])C([H])([H])C([H])([H])[H])C(=O)C1([H])C(Cl)(Cl)Cl,0
43,baseline,206,[H]C([H])([H])C([H])(Cl)C(=O)N(C([H])([H])C([H])([H])[H])C([H])([H])C([H])([H])C([H])([H])[H],0
43,baseline,207,[H]C1=C([H])C(OC([H])([H])C(=O)N([H])C([H])([H])[H])=C([H])C([H])=C1Cl,0
43,baseline,208,[H]C([H])([H])OC(=O)C([H])([H])C(=O)C([H])([H])[H],0
43,baseline,209,[H]OC([H])([H])C([H])(O[H])C([H])([H])C([H])([H])[H],0
43,baseline,210,[H]C1=C(S(=O)(=O)N([H])C([H])([H])C([H])([H])[H])C(Cl)=NC(Cl)=C1Cl,0
43,baseline,211,[H]OC([H])([H])C([H])([H])C([H])([H])[H],0
43,baseline,212,[H]OC([H])([H])C([H])(SC([H])([H])[H])C([H])([H])OC([H])([H])[H],0
43,baseline,213,[H]C1=C([H])C2=C(O1)C([H])=C([H])C([H])=C2OC([H])([H])C([H])([H])C([H])([H])[H],0
43,baseline,214,[H]N(C(=O)C([H])([H])[H])C([H])([H])C([H])([H])C([H])([H])C([H])([H])C([H])([H])[H],0
43,baseline,215,[H]OC(=O)C([H])([H])C([H])([H])C([H])([H])C([H])([H])C([H])([H])[H],0
43,baseline,216,[H]OC([H])([H])C([H])([H])C([H])([H])[H],0
43,baseline,217,[H]C1=NC2=C(C(S(=O)(=O)N(C([H])([H])[H])C([H])([H])[H])=C([H])S2)N1[H],0
43,baseline,218,[H]C1=C([H])C([H])=C([H])C(SC([H])([H])C(=O)OC([H])([H])C([H])([H])[H])=N1,0
43,baseline,219,[H]OC(=O)C([H])([H])C([H])([H])O[H],0
43,baseline,220,[H]C1=C([H])C([H])=C2N=C(SC([H])([H])C([H])([H])C([H])([H])[H])N([H])C2=N1,0
43,baseline,221,[H]C([H])([H])SC([H])(C([H])([H])[H])C([H])([H])[H],0
43,baseline,222,[H]OC(=O)C([H])([H])C([H])(C([H])([H])[H])C([H])([H])C([H])([H])[H],0
43,baseline,223,[H]C([H])([H])C([H])(OC(C([H])([H])[H])(C([H])([H])[H])C([H])([H])[H])C([H])([H])[H],0
43,baseline,224,[H]C1=C([H])C(C([H])([H])C(=O)C([H])([H])[H])=NN([H])C1=O,0
43,baseline,225,[H]OC([H])([H])C([H])([H])C([H])([H])[H],0
43,baseline,226,[H]N([H])C(=O)C([H])(C([H])([H])[H])C([H])([H])C([H])([H])[H],0
43,baseline,227,[H]OC(=O)C([H])([H])Cl,0
43,baseline,228,[H]N([H])C(=O)C([H])(N(C([H])([H])[H])C([H])([H])[H])C([H])([H])[H],0
43,baseline,229,[H]C(=O)C([H])(N([H])[H])C([H])([H])[H],0
43,baseline,230,[H]C1=C(Br)SC(C(=O)OC([H])([H])C([H])([H])C([H])([H])C([H])([H])[H])=C1[H],0
43,baseline,231,[H]C([H])([H])N1C(=S)SC(C(=O)OC([H])([H])C([H])([H])[H])=C1C([H])([H])C([H])([H])[H],0
43,baseline,232,[H]N([H])C(=O)C([H])([H])C([H])([H])C([H])([H])[H],0
43,baseline,233,[H]C1([H])OC(=O)C2=C(SC(SC([H])([H])C([H])([H])[H])=N2)S1,0
43,baseline,234,[H]C1=C(C(=O)C([H])([H])[H])OC(OC([H])([H])C([H])([H])[H])=C1C(=O)OC([H])([H])[H],0
43,baseline,235,[H]OC(=O)C([H])([H])[H],0
43,baseline,236,[H]C([H])([H])C(=O)C([H])([H])C([H])([H])C([H])([H])[H],0
43,baseline,237,[H]N([H])C([H])([H])C([H])(C([H])([H])[H])C([H])([H])C([H])([H])[H],0
43,baseline,238,[H]C([H])([H])C([H])([H])C([H])([H])C([H])([H])C([H])([H])C([H])([H])[H],0
43,baseline,239,[H]OC(=O)N([H])C1(C([H])([H])[H])C([H])([H])C([H])([H])OC([H])(C([H])([H])[H])C1([H])[H],0
43,baseline,240,[H]C([H])=C(C([H])([H])[H])C([H])([H])C(=O)N([H])C([H])([H])[H],0
43,baseline,241,[H]OC(=O)OC([H])([H])C(=O)O[H],0
43,baseline,242,[H]C1=C(Cl)C([H])=C(S(=O)(=O)N([H])C([H])([H])C([H])([H])[H])C(Cl)=C1[H],0
43,baseline,243,[H]N([H])S(=O)(=O)N1C([H])([H])C([H])([H])C([H])(C([H])([H])C([H])([H])[H])C([H])([H])C1([H])[H],0
43,baseline,244,[H]C1=C([H])C(C([H])([H])C([H])([H])C([H])([H])[H])=C([H])C([N+](=O)[O-])=C1[H],0
43,baseline,245,[H]C1=C(Br)OC(C(=O)N([H])C(=O)OC([H])([H])C([H])([H])[H])=C1[H],0
43,baseline,246,[H]C1=C([H])C([H])=C(C([H])([H])[N+]([H])([H])C([H])([H])C([H])([H])[H])C(OC([H])([H])[H])=C1[H],0
43,baseline,247,[H]N([H])C1=NN=C(C([H])([H])C([H])([H])C([H])([H])[H])N1[H],0
43,baseline,248,[H]N([H])C1=NN=C(N([H])C(=O)OC([H])([H])C([H])([H])[H])S1,0
43,baseline,249,[H]C1=C([H])C([H])=C(C([H])([H])OC(=O)C2=C(C([H])([H])[H])ON=C2C([H])([H])C([H])([H])[H])S1,0
43,baseline,250,[H]OC([H])([H])C([H])([H])N([H])C(=S)N1C(=S)N([H])C([H])([H])C1([H])[H],0
43,baseline,251,[H]N([H])C(=S)N([H])C(=O)N([H])C([H])([H])C([H])([H])C([H])([H])C([H])([H])[H],0
43,baseline,252,[H]C1=C([H])C(S(=O)(=O)C([H])([H])C([H])([H])C([H])([H])[H])=C([H])C([H])=C1Cl,0
43,baseline,253,[H]C1=C([H])C([H])=C(N([H])C(=O)OC([H])([H])C([H])([H])[H])C([H])=C1[H],0
43,baseline,254,[H]OC(=O)C([H])([H])[H],0
43,baseline,255,[H]N(C(=O)C([H])([H])C([H])([H])C([H])([H])[H])C([H])([H])C#N,0
43,baseline,256,[H]OC1=C([H])C([H])=C([H])C([H])=C1C(=O)C([H])([H])C([H])([H])C([H])([H])[H],0
43,baseline,257,[H]C([H])([H])N1C(=S)N(C([H])([H])C([H])([H])[H])C(=O)C1([H])[H],0
43,baseline,258,[H]N(C(=O)C([H])([H])C([H])([H])C([H])([H])[H])C([H])([H])[H],0
43,baseline,259,[H]OC([H])([H])C([H])(C([H])([H])[H])C([H])([H])[N+]([H])([H])[H],0
43,baseline,260,[H]C([H])([H])OC(=O)N(C(=O)C([H])([H])C([H])([H])C([H])([H])[H])C([H])([H])[H],0
43,baseline,261,[H]C1=C([H])C(C([H])([H])C(=O)N([H])C([H])([H])[H])=C([H])C([H])=C1Cl,0
43,baseline,262,[H]C1=C([H])C([H])=C(C(=O)C([H])([H])C([H])([H])[H])C(OC([H])([H])C([H])([H])[H])=C1[H],0
43,baseline,263,[H]C1=C([H])C(N([H])S(=O)(=O)C([H])([H])C([H])([H])[H])=C([H])C([H])=C1F,0
43,baseline,264,[H]C(=NN([H])[H])C([H])([H])C([H])([H])C([H])([H])[H],0
43,baseline,265,[H]C(=O)C([H])([H])C1([H])C([H])([H])C([H])([H])C([H])([H])C([H])([H])C1([H])[H],0
43,baseline,266,[H]OC1=C([H])C([H])=C([H])N=C1OC([H])([H])C([H])([H])[H],0
43,baseline,267,[H]N([H])C(=NC([H])([H])[H])C([H])([H])C([H])([H])[H],0
43,baseline,268,[H]OC(=O)C(Cl)(Cl)Cl,0
43,baseline,269,[H]C([H])([H])C1=C(C([H])([H])[H])C([H])(C([H])([H])[H])C([H])([H])S1,0
43,baseline,270,[H]C([H])([H])C([H])([H])C(C([H])([H])[H])(C([H])([H])[H])[N+]([H])([H])[H],0
43,baseline,271,[H]N=C(SC([H])([H])C([H])([H])[H])N(C([H])([H])[H])C([H])([H])[H],0
43,baseline,272,[H]C1=C([H])C(N([H])C(=O)OC([H])([H])[H])=C([H])C([H])=C1OC([H])([H])[H],0
43,baseline,273,[H]OC(=O)C([H])(C(=O)O[H])C([H])([H])[H],0
43,baseline,274,[H]C([H])([H])N1C(=O)C([H])([H])C([H])([H])C([H])([H])C1=O,0
43,baseline,275,[H]OC(=O)N([H])C(=O)C([H])([H])[H],0
43,baseline,276,[H]C1=NC2=C(C([H])=C1[H])N(C([H])([H])C([H])([H])C([H])([H])[H])C([H])=N2,0
43,baseline,277,[H]C([H])([H])C1([H])C([H])([H])C([H])([H])C([H])([H])C1([H])[H],0
43,baseline,278,[H]OC([H])([H])C([H])([H])C([H])([H])OC([H])([H])[H],0
43,baseline,279,[H]C([H])([H])SC([H])([H])C(Cl)(Cl)Cl,0
43,baseline,280,[H]OC(=O)C([H])([H])C([H])([H])C([H])([H])C([H])([H])C([H])([H])[H],0
43,baseline,281,[H]C([H])([H])C1([H])C([H])([H])C([H])([H])C([H])([H])C([H])([H])C1([H])[H],0
43,baseline,282,[H]OC(=O)C(C([H])([H])[H])(C([H])([H])[H])C([H])([H])[H],0
43,baseline,283,[H]N([H])C(=O)C([H])([H])OC(=O)C(C([H])([H])[H])(C([H])([H])[H])C([H])([H])[H],0
43,baseline,284,[H]N([H])C([H])([H])C([H])([H])[N+]([H])([H])C([H])([H])C([H])([H])[H],0
43,baseline,285,[H]C1=C([H])C(OC([H])([H])C([H])([H])C([H])([H])[H])=C([H])C([H])=C1Cl,0
43,baseline,286,[H]C1=C([H])C([H])=C(N=C(N([H])[H])C([H])([H])C([H])([H])[H])S1,0
43,baseline,287,[H]C1=C(Br)OC(C(=O)N([H])C(=S)N([H])C([H])([H])C([H])([H])[H])=C1[H],0
43,baseline,288,[H]C1=NC([H])=C([H])C([H])=C1C(=NC([H])([H])[H])C(=O)OC([H])([H])[H],0
43,baseline,289,[H]OC(=O)C([H])(C(=O)C([H])([H])[H])C([H])([H])[H],0
43,baseline,290,[H]C1=C([H])C(OC(=O)OC([H])([H])C([H])([H])[H])=C([H])C([H])=C1Br,0
43,baseline,291,[H]N([H])C([H])([H])C([H])([H])C([H])([H])C([H])([H])[H],0
43,baseline,292,[H]OC([H])([H])C([H])(S[H])C([H])([H])C([H])([H])[H],0
43,baseline,293,[H]N(C(=O)C([H])([H])[H])C1=NC([H])([H])C([H])([H])C([H])(C([H])([H])[H])N1[H],0
43,baseline,294,[H]N([H])N([H])C(=O)C([H])([H])C([H])([H])[H],0
43,baseline,295,[H]N([H])C(=O)C([H])([H])SC([H])([H])C([H])([H])[H],0
43,baseline,296,[H]OC([H])([H])N([H])[H],0
43,baseline,297,[H]N([H])C(=O)C([H])([H])C([H])([H])C([H])([H])[H],0
43,baseline,298,[H]N([H])N(C([H])([H])[H])C([H])([H])[H],0
43,baseline,299,[H]C1=C([H])C([H])=C(C([H])([H])N(C([H])([H])[H])C([H])([H])C([H])([H])[H])C([H])=C1[H],0
43,baseline,300,[H]C([H])([H])C([H])(OS(=O)(=O)SC1=NC([H])([H])C([H])([H])S1)C([H])([H])[H],0
43,baseline,301,[H]N(C(=O)C([H])([H])Cl)C([H])(C([H])([H])[H])C([H])([H])C([H])([H])[H],0
43,baseline,302,[H]OC(=O)N([H])C([H])(C([H])([H])[H])C([H])([H])[H],0
43,baseline,303,[H]C1=NN([H])C(=S)N1C([H])([H])C([H])(C([H])([H])[H])C([H])([H])[H],0
43,baseline,304,[H]C1=NC([H])=C(C([H])([H])C([H])([H])C([H])([H])C([H])([H])[H])C(=O)N1[H],0
43,baseline,305,[H]N([H])C(=S)SC([H])(C([H])([H])[H])C([H])([H])[H],0
43,baseline,306,[H]OC(=O)C([H])([H])C([H])([H])C([H])([H])C([H])([H])C([H])([H])[H],0
43,baseline,307,[H]N(C(=O)C([H])([H])Cl)C([H])([H])[H],0
43,baseline,308,[H]OC([H])(C([H])([H])[H])C([H])([H])C([H])([H])C([H])([H])[H],0
43,baseline,309,[H]C([H])([H])C(=O)C([H])([H])C([H])([H])C([H])([H])[H],0
43,baseline,310,[H]N([H])C([H])([H])C([H])([H])C([H])([H])C([H])([H])[H],0
43,baseline,311,[H]C1=NN=C(OC([H])([H])C(=O)OC([H])([H])[H])C([H])=C1[H],0
43,baseline,312,[H]N([H])C([H])([H])C([H])([H])N([H])[H],0
43,baseline,313,[H]C1=C([H])C([H])=C(N([H])C(=O)C([H])(C([H])([H])[H])C([H])([H])[H])C([H])=C1[H],0
43,baseline,314,[H]N([H])C(=O)OC1(C([H])([H])[H])C([H])([H])C([H])([H])C([H])([H])C(C([H])([H])[H])(C([H])([H])[H])C1([H])[H],0
43,baseline,315,[H]C1=C([H])C2=C([H])C(C([H])([H])C([H])([H])[H])=C([H])C([H])=C2OC1=O,0
43,baseline,316,[H]OC(=O)C([H])([H])C([H])([H])O[H],0
43,baseline,317,[H]OP(=O)(=O)C([H])([H])C([H])([H])[H],0
43,baseline,318,[H]N([H])C([H])([H])C([H])([H])C([H])([H])[N+]([H])([H])C([H])([H])[H],0
43,baseline,319,[H]OC(C([H])([H])[H])(C([H])([H])[H])C([H])([H])C([H])([H])[H],0
43,baseline,320,[H]C1=NC(N([H])C(=S)N([H])C([H])([H])C([H])([H])C([H])([H])C([H])([H])C([H])([H])[H])=NC([H])=C1[H],0
43,baseline,321,[H]SC([H])([H])C(Cl)(Cl)C([H])([H])[H],0
43,baseline,322,[H]C([H])([H])C([H])([H])OC(=O)C([H])([H])C([H])([H])[N+]([H])([H])[H],0
43,baseline,323,[H]C([H])([H])C([H])(C([H])([H])[H])[N+]1([H])C([H])([H])C([H])([H])C([H])([H])C([H])([H])C([H])([H])C1([H])[H],0
43,baseline,324,[H]C([H])([H])OC(=O)C([H])([H])SC([H])([H])[H],0
43,baseline,325,[H]N([H])C(=S)N([H])C([H])([H])C([H])([H])C([H])([H])C([H])([H])[H],0
43,baseline,326,[H]N([H])C(=NC([H])([H])C([H])([H])[H])[N+]([H])([H])[H],0
43,baseline,327,[H]OC([H])(C([H])([H])[H])C([H])([H])C([H])([H])[H],0
43,baseline,328,[H]C1=C([H])C([H])=C(OC([H])([H])C([H])([H])[H])C([H])=C1[H],0
43,baseline,329,[H]N([H])N([H])C(=S)N([H])C([H])([H])C([H])([H])OC([H])([H])[H],0
43,baseline,330,[H]C1=NC([H])=C([H])C([H])=C1N([H])C(=O)OC([H])([H])C([H])([H])[H],0
43,baseline,331,[H]C1=NC([H])=C([H])C([H])=C1OC([H])([H])C([H])([H])OC(=O)C([H])([H])[H],0
43,baseline,332,[H]N(C(=O)C([H])([H])Cl)C([H])([H])[H],0
43,baseline,333,[H]C1=C([H])C(N(C([H])([H])[H])C([H])([H])C([H])([H])[H])=C([H])C([H])=C1Cl,0
43,baseline,334,[H]N(C([H])([H])C([H])([H])[H])S(=O)(=O)C([H])([H])[H],0
43,baseline,335,[H]C([H])([H])C1([H])C([H])([H])C([H])([H])C([H])([H])C([H])([H])C1([H])[H],0
43,baseline,336,[H]C([H])([H])C([H])([H])C1([H])C([H])([H])C(=O)C([H])([H])C([H])([H])C([H])([H])C1([H])[H],0
43,baseline,337,[H]OC(=O)C([H])([H])C([H])(C1=C([H])C([H])=C(OC([H])([H])[H])C([H])=C1[H])C([H])([H])[H],0
43,baseline,338,[H]C1=NC(=S)N([H])C(=O)N1C([H])([H])C([H])([H])C([H])([H])[H],0
43,baseline,339,[H]N(C([H])([H])C([H])([H])[H])C([H])([H])C([H])([H])C([H])([H])C([H])([H])[H],0
43,baseline,340,[H]OC([H])([H])C([H])([H])C([H])([H])[H],0
43,baseline,341,[H]OC(=O)C([H])([H])C([H])(C(=O)O[H])C([H])([H])[H],0
43,baseline,342,[H]N([H])C([H])([H])C([H])([H])C([H])([H])C([H])([H])[H],0
43,baseline,343,[H]C([H])=C([H])C1=C([H])C([H])=C(OC([H])([H])[H])C([H])=C1[H],0
43,baseline,344,[H]C([H])([H])C([H])(C([H])([H])[H])C([H])([H])N1C([H])([H])C([H])([H])OC([H])([H])C1([H])[H],0
43,baseline,345,[H]OC(=O)C([H])(O[H])C([H])(O[H])C([H])([H])C([H])([H])[H],0
43,baseline,346,[H]OC([H])([H])C(C(=O)C([H])([H])[H])(C([H])([H])[H])C([H])([H])[H],0
43,baseline,347,[H]OC([H])([H])C([H])([H])N([H])C(=S)N([H])C([H])(C([H])([H])[H])C([H])([H])C([H])([H])[H],0
43,baseline,348,[H]C1=C([H])C(N([H])C(=O)OC([H])([H])C([H])([H])[H])=C([H])C([H])=C1OC([H])([H])[H],0
43,baseline,349,[H]C1=C([H])C([H])=C(N([H])C(=O)OC([H])([H])C([H])([H])[H])C(C(=O)C([H])([H])[H])=C1[H],0
43,baseline,350,[H]OC([H])([H])C([H])(O[H])N([H])[H],0
43,baseline,351,[H]N([H])C([H])(C([H])([H])[H])C([H])([H])C([H])([H])[H],0
43,baseline,352,[H]N([H])C(=O)N([H])[H],0
43,baseline,353,[H]OC([H])([H])C([H])([H])C([H])([H])[H],0
43,baseline,354,[H]C1=NC([H])=C(C([H])([H])OC(=O)C([H])(C([H])([H])[H])C([H])([H])[H])N1[H],0
43,baseline,355,[H]N([H])C(=O)C([H])(Cl)C([H])([H])[H],0
43,baseline,356,[H]C([H])([H])SC1=NN=C(N(C(=O)C([H])([H])C([H])([H])[H])N(C([H])([H])[H])C([H])([H])[H])S1,0
43,baseline,357,[H]C1=C([H])N(C([H])([H])C([H])([H])C([H])([H])[H])C([H])=C1[H],0
43,baseline,358,[H]N(C(=O)C([H])(C([H])([H])[H])C([H])([H])[H])C([H])([H])C(=O)N1C([H])([H])C([H])([H])C([H])([H])C1([H])[H],0
43,baseline,359,[H]OC([H])([H])C([H])([H])C([H])([H])[H],0
43,baseline,360,[H]OC([H])(C([H])([H])[H])C([H])([H])C([H])([H])[H],0
43,baseline,361,[H]N([H])SC([H])([H])[H],0
43,baseline,362,[H]C([H])([H])C([H])([H])C1([H])C([H])([H])C([H])([H])C([H])(C([H])([H])[H])[N+]1([H])[H],0
43,baseline,363,[H]N1OC(C([H])([H])[H])(C([H])([H])[H])SC1=S,0
43,baseline,364,[H]SC1=NC(C([H])(C([H])([H])[H])C([H])([H])[H])=C([H])C(=O)N1C([H])([H])C([H])([H])[H],0
43,baseline,365,[H]OC(=O)C1=C([H])C([H])=C([H])C([H])=C1C(=O)OC([H])([H])C([H])([H])[H],0
43,baseline,366,[H]OC([H])([H])C([H])([H])C([H])([H])[H],0
43,baseline,367,[H]N1C(=O)N([H])C([H])([H])C1([H])[H],0
43,baseline,368,[H]N([H])C([H])([H])C([H])([H])N([H])[H],0
43,baseline,369,[H]C1=NC(SN([H])C(=O)OC([H])([H])[H])=NC([H])=C1[H],0
43,baseline,370,[H]C1=C([H])C([H])=C(C(=O)N([H])N([H])C(=O)C([H])([H])C([H])([H])[H])C([H])=C1[H],0
43,baseline,371,[H]C1=C([H])C2=C(C([H])=C1[H])C(C(=O)N([H])C(=O)C([H])([H])[H])=C([H])C([H])=C2[H],0
43,baseline,372,[H]OC([H])(OP(=O)(N([H])[H])C([H])([H])C([H])([H])[H])C1=C([H])C([H])=C([H])C([H])=C1[H],0
43,baseline,373,[H]N(C(=O)C([H])([H])Cl)C([H])([H])C([H])([H])C([H])([H])[H],0
43,baseline,374,[H]OC(=O)C([H])([H])C([H])([H])C([H])([H])C([H])(C([H])([H])[H])C([H])([H])[H],0
43,baseline,375,[H]C([H])([H])OC(=O)C1([H])C([H])([H])C([H])([H])C([H])([H])C1([H])[H],0
43,baseline,376,[H]N(C(=O)C([H])(Cl)C([H])([H])[H])C([H])([H])[H],0
43,baseline,377,[H]OC([H])([H])C([H])(N(C([H])([H])C([H])([H])[H])C([H])([H])C([H])([H])[H])C([H])([H])[H],0
43,baseline,378,[H]N([H])C([H])([H])C#N,0
43,baseline,379,[H]OC(=O)C([H])([H])C([H])([H])[N+]([H])([H])C([H])([H])C([H])([H])[H],0
43,baseline,380,[H]OC(=O)C([H])([H])C(=C([H])[H])C([H])([H])[H],0
43,baseline,381,[H]C([H])([H])C1(Cl)SS1,0
43,baseline,382,[H]N(C(=O)C([H])([H])C([H])([H])C([H])([H])[H])C([H])([H])C([H])([H])[H],0
43,baseline,383,[H]N(C([H])([H])[H])C([H])([H])C([H])([H])C([H])([H])C([H])([H])[H],0
43,baseline,384,[H]N([H])C(=O)N([H])[H],0
43,baseline,385,[H]C([H])([H])C1=C(C#N)C(OC([H])([H])C([H])([H])[H])=NN1C([H])([H])[H],0
43,baseline,386,[H]C([H])([H])C(=O)C([H])([H])SC([H])([H])C([H])([H])C([H])([H])[H],0
43,baseline,387,[H]N([H])N([H])N([H])[H],0
43,baseline,388,[H]N([H])C(=O)C([H])([H])C([H])([H])C([H])([H])[H],0
43,baseline,389,[H]OC([H])([H])C([H])(N([H])[H])C([H])([H])[H],0
43,baseline,390,[H]OC([H])([H])C([H])([H])N([H])[H],0
43,baseline,391,[H]C1([H])OC([H])([H])C([H])([H])C([H])([H])C1([H])[H],0
43,baseline,392,[H]OC(=O)C([H])([H])OC([H])([H])[H],0
43,baseline,393,[H]OC([H])([H])C([H])([H])C([H])(N([H])[H])C([H])([H])[H],0
43,baseline,394,[H]OC(=O)C([H])([H])C([H])([H])O[H],0
43,baseline,395,[H]C1=C([H])C(OC([H])([H])[H])=C([H])C(C2=NN=NN2N(C([H])([H])[H])C([H])([H])[H])=C1[H],0
43,baseline,396,[H]C1=C([H])C(C(=O)C([H])([H])[H])=C([H])C([H])=C1OC([H])([H])[H],0
43,baseline,397,[H]C([H])(Cl)C(=O)N1C([H])([H])C([H])([H])C([H])([H])C([H])(C([H])([H])[H])C1([H])[H],0
43,baseline,398,[H]OC([H])([H])C([H])(O[H])C([H])([H])C([H])([H])C([H])([H])[H],0
43,baseline,399,[H]C([H])([H])C(=O)C([H])([H])C1([H])C([H])([H])C([H])([H])C([H])([H])[N+]1([H])[H],0
43,baseline,400,[H]N([H])C(=O)N([H])[H],0
43,baseline,401,[H]C([H])([H])OC(=O)C1=C(C([H])([H])[H])ON=C1SC([H])([H])[H],0
43,baseline,402,[H]C1=NC([H])=C(C([H])([H])[H])C(N([H])N([H])C(=O)C([H])(C([H])([H])[H])C([H])([H])[H])=N1,0
43,baseline,403,[H]C([H])([H])C([H])([H])[N+]([H])([H])C([H])([H])C([H])([H])[H],0
43,baseline,404,[H]N1C(=O)N(N([H])[H])C(=O)N(C([H])([H])C([H])([H])C([H])([H])[H])C1=O,0
43,baseline,405,[H]C1=C([H])C([H])=C2SC(N([H])N([H])C(=O)C([H])([H])[H])=NC2=C1[H],0
43,baseline,406,[H]C1=C([H])C([H])=C(C([H])([H])C([H])([H])C(=O)OC([H])([H])C([H])([H])[H])C([H])=C1[H],0
43,baseline,407,[H]N(C1=NC(C([H])([H])[H])=NC(Cl)=C1C([H])([H])[H])C([H])([H])C([H])([H])[H],0
43,baseline,408,[H]C1=C([H])C2=C(OC([H])([H])C([H])([H])N2[H])C([H])=C1OC([H])([H])[H],0
43,baseline,409,[H]C([H])([H])C([H])([H])C([H])(C([H])([H])[H])[N+]([H])([H])[H],0
43,baseline,410,[H]C1=NC([H])=C([H])N1C([H])([H])C([H])([H])[H],0
43,baseline,411,[H]C([H])=C(C([H])([H])[H])C([H])([H])C([H])([H])C([H])(C(=O)OC([H])([H])[H])C([H])([H])[H],0
43,baseline,412,[H]C([H])([H])C([H])([H])OC(=O)C([H])(C([H])([H])[H])C([H])([H])[H],0
43,baseline,413,[H]N(C(=O)C([H])(C([H])([H])[H])C([H])([H])[H])C([H])(C([H])([H])[H])C([H])([H])[H],0
43,baseline,414,[H]C1=C2C(=C(Cl)N=C1C([H])([H])[H])C([H])([H])C([H])([H])C([H])([H])C2([H])[H],0
43,baseline,415,[H]OC(=O)C([H])([H])[H],0
43,baseline,416,[H]C1=C([H])C([H])=C(C([H])(C2=C([H])N([H])C(=S)N([H])C2=O)C([H])([H])[H])C([H])=C1[H],0
43,baseline,417,[H]C1=C([H])C(C([H])([H])C(=O)N([H])C(=O)OC([H])([H])[H])=C([H])C([H])=C1[N+](=O)[O-],0
43,baseline,418,[H]C([H])([H])C([H])([H])C([H])([H])C([H])([H])C([H])([H])[H],0
43,baseline,419,[H]N(C([H])([H])C([H])([H])[H])C(N([H])C([H])(C([H])([H])[H])C([H])([H])[H])(C(F)(F)F)C(F)(F)F,0
43,baseline,420,[H]C([H])([H])OC(=O)C([H])([H])C([H])(C([H])([H])[H])C([H])([H])[H],0
43,baseline,421,[H]N([H])C([H])([H])C([H])([H])C([H])([H])C([H])([H])[H],0
43,baseline,422,[H]OC([H])(C([H])([H])[H])C([H])(N([H])[H])C([H])([H])C([H])([H])[H],0
43,baseline,423,[H]OC([H])([H])C([H])([H])C([H])([H])C([H])([H])O[H],0
43,baseline,424,[H]C(C(=O)C([H])([H])[H])=C1N([H])C([H])([H])C([H])([H])C1([H])[H],0
43,baseline,425,[H]OC([H])([H])C1=C([H])C([H])=C(OC([H])([H])[H])C([H])=C1[H],0
43,baseline,426,[H]N1C(=O)N([H])N(C([H])([H])C([H])([H])C([H])([H])[H])C1=S,0
43,baseline,427,[H]C1=NC([H])=C2C(=O)N(C([H])([H])C([H])([H])[H])C([H])=NC2=C1[H],0
43,baseline,428,[H]C1=C(N([H])[H])N([H])N=C1C([H])([H])C([H])([H])C([H])([H])[H],0
43,baseline,429,[H]OC([H])(C(=O)N([H])[H])C([H])([H])C([H])([H])[H],0
43,baseline,430,[H]N([H])C(=O)C([H])([H])C([H])([H])C([H])([H])C([H])([H])[H],0
43,baseline,431,[H]N(C(=O)C([H])([H])Cl)C([H])(C([H])([H])[H])C([H])([H])[H],0
43,baseline,432,[H]N([H])C([H])(C([H])([H])[H])C([H])([H])C([H])([H])[H],0
43,baseline,433,[H]N(N=NC(=O)C([H])([H])[H])C(=O)OC([H])([H])C([H])([H])[H],0
43,baseline,434,[H]OC(=O)C1=C(C(=O)OC([H])([H])C([H])([H])[H])C([H])=C([H])C([H])=C1[H],0
43,baseline,435,[H]SC([H])(C(=O)OC([H])([H])[H])C([H])([H])[H],0
43,baseline,436,[H]C1=C([H])C(C(=O)C([H])([H])[H])=C([H])C(C([H])([H])[H])=C1[H],0
43,baseline,437,[H]OC1=C(C(=O)OC([H])([H])C([H])([H])[H])C([H])=C([H])S1,0
43,baseline,438,[H]N([H])C(=O)N([H])[H],0
43,baseline,439,[H]OC(=O)C([H])([H])C([H])(C([H])([H])[H])C([H])([H])[H],0
43,baseline,440,[H]C1=C(Br)SC(C(=O)N([H])C(=S)N([H])C([H])([H])[H])=C1[H],0
43,baseline,441,[H]OC(=O)N([H])C(=O)C([H])([H])[H],0
43,baseline,442,[H]OC([H])(C([H])([H])[H])C([H])([H])[H],0
43,baseline,443,[H]C1=C([H])C2=C(C([H])=C1[H])N(C(C([H])([H])[H])(C([H])([H])[H])C([H])([H])[H])N=N2,0
43,baseline,444,[H]C1=C(C(=O)C([H])([H])C([H])([H])[H])C([H])=C(C([H])([H])[H])S1,0
43,baseline,445,[H]C(=NN([H])C(=S)N([H])[H])C([H])([H])C([H])([H])C([H])([H])[H],0
43,baseline,446,[H]C([H])=C([H])C([H])([H])SC1=NN(C([H])([H])[H])C(=O)N1[H],0
43,baseline,447,[H]C1=C([H])C([H])=C(C([H])(OC(=O)C([H])([H])[H])C([H])([H])[H])C([H])=C1[H],0
43,baseline,448,[H]C([H])([H])C([H])([H])C([H])(C([H])([H])[H])C([H])([H])[H],0
43,baseline,449,[H]C1=C([H])C([H])=C([H])C(SC([H])([H])C(=O)N([H])C(=O)C([H])([H])C([H])([H])[H])=N1,0
43,baseline,450,[H]C1=C([H])C(Cl)=C([H])C(N([H])C(=O)C([H])([H])[H])=C1[H],0
43,baseline,451,[H]OC(=O)N([H])C(=O)N([H])N(C([H])([H])[H])C([H])([H])[H],0
43,baseline,452,[H]C1=C([H])C(OC([H])([H])[H])=C([H])C(C([H])(N([H])[H])C([H])([H])[H])=C1[H],0
43,baseline,453,[H]N([H])C(=O)C([H])([H])SC([H])([H])C([H])([H])C([H])([H])C([H])([H])[H],0
43,baseline,454,[H]OC(=O)N1C([H])([H])C([H])([H])C([H])([H])C([H])([H])C1([H])[H],0
43,baseline,455,[H]N([H])C([H])([H])C([H])([H])C([H])([H])C([H])([H])[H],0
43,baseline,456,[H]N([H])C(=S)N([H])N=C(N([H])[H])C([H])([H])[H],0
43,baseline,457,[H]N(C(=O)C([H])([H])C([H])([H])[H])C([H])([H])C(=O)OC([H])([H])C([H])([H])[H],0
43,baseline,458,[H]OC([H])([H])C([H])([H])C([H])([H])C([H])([H])C([H])([H])[H],0
43,baseline,459,[H]C1=C([H])C([H])=C(C([H])(C(=O)OC([H])([H])[H])C([H])([H])[H])C([H])=C1[H],0
43,baseline,460,[H]C([H])([H])OC([H])([H])C1([H])N(C([H])([H])[H])C(=O)C([H])([H])C1([H])[H],0
43,baseline,461,[H]C1=C([H])C(C(=O)OC([H])([H])C([H])([H])[H])=C([H])C([H])=C1Br,0
43,baseline,462,[H]OC(=O)C([H])([H])N(C([H])([H])[H])C([H])([H])[H],0
43,baseline,463,[H]N([H])C(=O)C1=C(C([H])([H])[H])N([H])C(C([H])([H])[H])(C([H])([H])[H])C1=O,0
43,baseline,464,[H]OC([H])([H])C([H])([H])N1C([H])([H])C([H])([H])C([H])([H])C([H])([H])C1([H])[H],0
43,baseline,465,[H]C([H])(Cl)C(=O)N1C([H])([H])C([H])([H])C([H])([H])C([H])([H])C1([H])C([H])([H])C([H])([H])[H],0
43,baseline,466,[H]N(C(=O)C([H])([H])C([H])([H])[H])C([H])([H])[H],0
43,baseline,467,[H]N([H])N([H])C(=O)C([H])([H])C([H])([H])C([H])([H])C([H])([H])[H],0
43,baseline,468,[H]N([H])C(=S)N([H])C([H])([H])C1([H])C([H])([H])C([H])(C([H])([H])[H])C1([H])[H],0
43,baseline,469,[H]ON=C([H])N([H])[H],0
43,baseline,470,[H]C1=C([H])C([H])=C(C(=O)N([H])N([H])C(=O)C([H])(C([H])([H])[H])C([H])([H])[H])S1,0
43,baseline,471,[H]N([H])C([H])(C([H])([H])[H])C([H])([H])C([H])([H])[H],0
43,baseline,472,[H]N([H])C(=O)C([H])(C([H])([H])[H])C([H])([H])[H],0
43,baseline,473,[H]C1=C([H])C2=C(C([H])=C1[H])N(C([H])([H])C([H])([H])C(=O)OC([H])([H])[H])C(=O)O2,0
43,baseline,474,[H]C(C(=O)OC([H])([H])[H])=C1SC(SC([H])([H])C([H])([H])[H])=C([O-])N1[H],0
43,baseline,475,[H]N(C(=O)OC([H])([H])[H])C(=O)C([H])([H])C([H])([H])C([H])([H])C([H])([H])[H],0
43,baseline,476,[H]C1=C([H])C(F)=C(C([H])([H])N([H])N([H])C(=O)C([H])([H])[H])C(Cl)=C1[H],0
43,baseline,477,[H]N([H])C(=O)C([H])([H])C([H])([H])[H],0
43,baseline,478,[H]C1=C(C([H])([H])C([H])([H])C([H])([H])[H])N([H])C(=S)N([H])C1=O,0
43,baseline,479,[H]N(C([H])([H])[H])C([H])([H])C(=O)N1C([H])([H])C([H])([H])C([H])([H])C1([H])[H],0
43,baseline,480,[H]OC(=O)C([H])=C([H])C1=C([H])C([H])=C([H])C(C([H])([H])[H])=C1[H],0
43,baseline,481,[H]C([H])(Cl)C([H])(Cl)Cl,0
43,baseline,482,[H]C1=C([H])C([H])=C(C(=O)OC([H])([H])C([H])([H])[H])C([H])=C1[H],0
43,baseline,483,[H]OC([H])([H])C([H])([H])[N+]([H])([H])C([H])([H])C([H])([H])N([H])[H],0
43,baseline,484,[H]OC(=O)OC([H])(C(=O)OC([H])([H])[H])C([H])([H])C([H])([H])C([H])([H])C([H])([H])[H],0
43,baseline,485,[H]N(C(=O)C([H])([H])[H])C1=NC(C(=O)C([H])([H])C([H])([H])[H])=C(C([H])([H])[H])S1,0
43,baseline,486,[H]C1=C([H])C(OC([H])([H])[H])=C([H])C(C(=O)OC([H])([H])C([H])([H])[H])=C1[H],0
43,baseline,487,[H]OC(=O)C1([H])C([H])([H])C([H])([H])C([H])([H])C([H])([H])C1([H])[H],0
43,baseline,488,[H]OC([H])([H])C([H])(O[H])C([H])([H])C([H])(O[H])C([H])([H])[H],0
43,baseline,489,[H]N([H])C([H])([H])C([H])([H])N([H])[H],0
43,baseline,490,[H]N([H])C(=S)N([H])C(=O)C([H])(C([H])([H])[H])C([H])([H])C([H])([H])[H],0
43,baseline,491,[H]N([H])C(=S)N([H])C(=O)C([H])([H])C([H])([H])[H],0
43,baseline,492,[H]OC(=O)C1=C([H])N=C(C([H])([H])C([H])([H])[H])C([H])=C1[H],0
43,baseline,493,[H]C(=O)C([H])([H])C([H])([H])C([H])([H])C([H])([H])[H],0
43,baseline,494,[H]C([H])([H])C([H])([H])C([H])([H])C([H])([H])C([H])([H])C([H])([H])C([H])([H])[H],0
43,baseline,495,[H]OC(=O)C([H])([H])OC1=C([H])C([H])=C(Cl)C([H])=C1[H],0
43,baseline,496,[H]C#CC([H])([H])OC(=O)C([H])([H])SC1=NC([H])=C([H])C([H])=C1[H],0
43,baseline,497,[H]C1=C([H])C([H])=C(C([H])([H])C(=O)N([H])C(C([H])([H])[H])(C([H])([H])[H])C([H])([H])[H])C([H])=C1[H],0
43,baseline,498,[H]C1=C(OC(=O)C([H])([H])[H])C(C([H])([H])[H])=C([H])C(C([H])([H])[H])=C1[H],0
43,baseline,499,[H]N1C(=O)C([H])(C([H])([H])C([H])([H])[H])SC1=S,0
43,framework,0,[H]C1=C([H])C([H])=C(C([H])([H])N([H])C(=O)N([H])[H])C(OC([H])([H])C([H])([H])[H])=C1[H],0
43,framework,1,[H]C([H])([H])C([H])([H])C(C([H])([H])[H])(C([H])([H])[H])C([H])([H])[H],0
43,framework,2,[H]C1=C([H])C(C(=O)N([H])[H])=C([H])C([H])=C1OC([H])([H])[H],0
43,framework,3,[H]N(C([H])([H])[H])C([H])([H])C([H])([H])C([H])([H])[H],0
43,framework,4,[H]C1=C(Cl)C([H])=C(C(=O)N([H])[H])C(Cl)=C1[H],0
43,framework,5,[H]OC(=O)C([H])(N(C([H])([H])[H])C([H])([H])C([H])([H])[H])C([H])([H])[H],0
43,framework,6,[H]C1=C(C([H])([H])C([H])([H])C([H])([H])[H])OC(C([H])([H])[H])(C([H])([H])[H])C([H])([H])C1=O,0
43,framework,7,[H]C1=NC([H])=C([H])N1C([H])([H])C([H])([H])N(C([H])([H])[H])C([H])([H])[H],0
43,framework,8,[H]OC(=O)C([H])([H])OC([H])([H])[H],0
43,framework,9,[H]OC([H])([H])C([H])([H])C([H])([H])[H],0
43,framework,10,[H]C1=C([H])C(C(=O)OC([H])([H])C([H])([H])[H])=C([H])C([H])=C1Br,0
43,framework,11,[H]OC([H])(C([H])([H])[H])C([H])([H])[H],0
43,framework,12,[H]OC1([H])N([H])C([H])([H])C([H])([H])C1([H])O[H],0
43,framework,13,[H]C1=NC(C([H])([H])[H])=C([H])C(SC([H])([H])C([H])([H])[H])=N1,0
43,framework,14,[H]N([H])C([H])(N([H])[H])C([H])([H])[H],0
43,framework,15,[H]C([H])([H])OC(=O)C([H])(C([H])([H])[H])C([H])([H])C([H])([H])[H],0
43,framework,16,[H]C1=C([H])C2=C(OC([H])([H])C2([H])[H])C(C(=O)C([H])([H])[H])=C1[H],0
43,framework,17,[H]OC(=O)C([H])(C(=O)OC([H])([H])[H])C([H])([H])C([H])([H])[H],0
43,framework,18,[H]N([H])C(=O)C([H])([H])N([H])C(=O)C([H])(C([H])([H])[H])C([H])([H])[H],0
43,framework,19,[H]N1C(=O)C([H])(C([H])([H])C(=O)C([H])([H])C([H])([H])[H])N=C1C([H])([H])[H],0
43,framework,20,[H]N([H])C([H])([H])C(=O)C([H])([H])[H],0
43,framework,21,[H]N1C(=O)C([H])(SC(=O)C([H])([H])[H])SC1=S,0
43,framework,22,[H]C([H])=NN1C([H])=C([H])C([H])=C1OC([H])([H])[H],0
43,framework,23,[H]OC(=O)C([H])([H])C([H])([H])C([H])([H])C([H])([H])C([H])([H])[H],0
43,framework,24,[H]OC([H])([H])C([H])([H])C([H])([H])[H],0
43,framework,25,[H]N([H])C(=O)OC([H])([H])C([H])([H])C([H])([H])[H],0
43,framework,26,[H]OC(=O)C([H])([H])C([H])([H])C(=O)C([H])([H])[H],0
43,framework,27,[H]C1=C([H])C([H])=C(C2=NN=C(SC([H])([H])C(=O)C([H])([H])[H])O2)O1,0
43,framework,28,[H]N([H])C(=O)C1([H])C([H])([H])C([H])([H])N(C([H])([H])[H])C([H])([H])C1([H])[H],0
43,framework,29,[H]C1=C(C([H])([H])[H])N=C(N([H])C(=O)C([H])([H])[H])S1,0
43,framework,30,[H]OC(=O)C([H])(N([H])C(=O)C([H])([H])C([H])([H])[H])C([H])([H])[H],0
43,framework,31,[H]N([H])N(C([H])([H])[H])C([H])([H])C([H])([H])[H],0
43,framework,32,[H]OC([H])(C([H])([H])[H])C([H])([H])C([H])([H])[H],0
43,framework,33,[H]C1=C([H])C(OC([H])([H])C([H])([H])[H])=C([H])C(C([H])([H])[H])=C1[H],0
43,framework,34,[H]OC([H])(N([H])C([H])(C([H])=C([H])[H])C([H])([H])[H])C([H])([H])[H],0
43,framework,35,[H]C1=NC(C(=O)C([H])([H])[H])=C([H])C(OC([H])([H])C([H])([H])[H])=N1,0
43,framework,36,[H]N([H])C(=O)C([H])([H])C([H])([H])[H],0
43,framework,37,[H]N1C(=S)N(C([H])([H])C([H])([H])C([H])([H])[H])C([H])([H])C([H])([H])C1([H])[H],0
43,framework,38,[H]OC(=O)C([H])([H])N([H])C(=O)C([H])(C([H])([H])[H])C([H])([H])[H],0
43,framework,39,[H]C1=C([H])C(C([H])([H])[H])=C([H])C(C(=O)N([H])[H])=C1[H],0
43,framework,40,[H]OC([H])([H])C([H])([H])C([H])(O[H])C([H])([H])[H],0
43,framework,41,[H]OC(=O)C([H])([H])C([H])([H])C(=O)OC([H])([H])C([H])([H])[H],0
43,framework,42,[H]C([H])([H])C(=O)C([H])([H])C([H])([H])C([H])([H])[H],0
43,framework,43,[H]C1=C([H])C([H])=C2C(=N1)C(C(=O)C([H])([H])[H])=C([H])C([H])=C2[H],0
43,framework,44,[H]N([H])C(=S)N(C([H])([H])C([H])([H])[H])C([H])([H])C([H])([H])[H],0
43,framework,45,[H]N1C(=S)N=C(C([H])([H])N(C([H])([H])[H])C([H])([H])[H])N(N([H])[H])C1=S,0
43,framework,46,[H]N([H])C(=O)C([H])(C([H])([H])[H])C([H])([H])C([H])([H])[H],0
43,framework,47,[H]OC([H])(C([H])([H])[H])C1([H])N([H])C([H])([H])C([H])(C([H])([H])[H])C1([H])[H],0
43,framework,48,[H]OC([H])([H])N([H])[H],0
43,framework,49,[H]OC(=O)C([H])([H])C([H])=C([H])[H],0
43,framework,50,[H]N([H])S(=O)(=O)C([H])([H])C([H])([H])C([H])([H])[H],0
43,framework,51,[H]N1C(=O)C([H])([H])C([H])([H])C([H])(C([H])(C([H])([H])[H])C([H])([H])[H])C1=O,0
43,framework,52,[H]C1=C([H])C([H])=C(C(=NOC(=O)C([H])([H])[H])N([H])[H])S1,0
43,framework,53,[H]OC([H])([H])C([H])(C([H])([H])[H])C([H])([H])N(C([H])([H])[H])C([H])([H])[H],0
43,framework,54,[H]C1=C([H])C([H])=C(C([H])([H])C([H])([H])OC(=O)C([H])([H])[H])C([H])=C1[H],0
43,framework,55,[H]OC(=O)C([H])([H])OC1=C([H])C([H])=C(Cl)C([H])=C1[H],0
43,framework,56,[H]N([H])C(=O)C1([H])OC(=O)C([H])([H])C([H])([H])C1([H])[H],0
43,framework,57,[H]OC(=O)C(C([H])([H])[H])(C([H])([H])[H])C([H])([H])C([H])([H])[H],0
43,framework,58,[H]C([H])([H])C([H])([H])C([H])([H])C([H])([H])C([H])([H])C([H])([H])[H],0
43,framework,59,[H]C1=C(C([H])([H])[H])ON=C1N([H])C(=S)N([H])C([H])(C([H])([H])[H])C([H])([H])[H],0
43,framework,60,[H]OC(=O)C([H])([H])C([H])([H])[H],0
43,framework,61,[H]N(C(=O)C(Cl)(Cl)Cl)C([H])([H])[H],0
43,framework,62,[H]OC(=O)C([H])([H])C([H])([H])C([H])([H])[H],0
43,framework,63,[H]C(=O)C([H])([H])C([H])([H])C([H])([H])C([H])([H])[H],0
43,framework,64,[H]C1=C([H])C(C([H])(C(=O)OC([H])([H])[H])C([H])([H])[H])=C([H])C([H])=C1Cl,0
43,framework,65,[H]N([H])C(=S)N([H])C([H])([H])C#CC([H])([H])C([H])([H])[H],0
43,framework,66,[H]C(=O)C([H])([H])C([H])([H])C([H])([H])C([H])([H])[H],0
43,framework,67,[H]C([H])=C([H])C([H])([H])SC1=NN=C(C([H])([H])[H])S1,0
43,framework,68,[H]OC1=C([H])C([H])=C([H])C(C(=O)OC([H])([H])[H])=C1[H],0
43,framework,69,[H]N([H])C(=O)C([H])([H])OC(=O)OC([H])([H])[H],0
43,framework,70,[H]C1=C([H])C([H])=C([H])C(N([H])C(=S)N([H])C([H])([H])C([H])([H])OC([H])([H])[H])=N1,0
43,framework,71,[H]OC([H])(C([H])([H])[H])C([H])([H])[H],0
43,framework,72,[H]OC([H])([H])C([H])([H])C([H])([H])C([H])([H])[H],0
43,framework,73,[H]OC([H])([H])C([H])([H])C([H])([H])C([H])(N([H])[H])C([H])([H])[H],0
43,framework,74,[H]OC([H])([H])C([H])(C([H])([H])[H])C([H])([H])[H],0
43,framework,75,[H]C([H])([H])C([H])([H])OC1([H])C([H])([H])C([H])([H])OC([H])([H])C1([H])[H],0
43,framework,76,[H]N([H])N=C(C([H])([H])[H])C([H])([H])C([H])([H])[H],0
43,framework,77,[H]N(C(=O)C([H])([H])[H])C(=O)C([H])([H])[H],0
43,framework,78,[H]C1=C(C([H])([H])[H])N([H])C(=S)N([H])C1=O,0
43,framework,79,[H]C1=NC2=C(C(=O)N1C([H])([H])C(=O)OC([H])([H])C([H])([H])[H])C([H])=C([H])S2,0
43,framework,80,[H]N1C(=S)N(C([H])([H])C([H])([H])[H])C([H])([H])C1([H])[H],0
43,framework,81,[H]C1=NC([H])=C([H])C([H])=C1C(=O)C([H])([H])C(=O)OC([H])([H])[H],0
43,framework,82,[H]N([H])C(=O)C([H])(C([H])([H])[H])C([H])([H])[H],0
43,framework,83,[H]C1=C(Br)OC(C(=O)N(C([H])([H])[H])C([H])([H])[H])=C1[H],0
43,framework,84,[H]OC(=O)C1([H])C([H])([H])C1([H])[H],0
43,framework,85,[H]OC([H])([H])C([H])([H])C([H])([H])[H],0
43,framework,86,[H]C1([H])N(S(=O)(=O)C([H])([H])[H])C([H])([H])C([H])([H])C([H])([H])C1([H])[H],0
43,framework,87,[H]C1=C(Br)C([H])=C2C(=N1)N(C([H])([H])C(=O)OC([H])([H])[H])C(=O)N2[H],0
43,framework,88,[H]C1=C([H])C([H])=C2C(=C1[H])N(C([H])([H])C([H])([H])[H])C(=O)C2([H])[H],0
43,framework,89,[H]OC([H])(C([H])([H])[H])C([H])([H])[N+]([H])([H])C([H])([H])C([H])([H])C([H])([H])[H],0
43,framework,90,[H]C1=C(C(=O)C([H])([H])C([H])([H])[H])ON=C1N([H])C(=O)C([H])([H])C([H])([H])[H],0
43,framework,91,[H]N1N=C(C([H])([H])C(=O)OC([H])(C([H])([H])[H])C([H])([H])[H])SC1=S,0
43,framework,92,[H]C1=C([H])C([H])=C(C([H])([H])SC(=O)N([H])C([H])([H])[H])C([H])=C1[H],0
43,framework,93,[H]C([H])=C([H])C([H])([H])N([H])C1=NC([H])([H])C([H])([H])N1[H],0
43,framework,94,[H]N([H])C([H])([H])C([H])([H])N(C([H])([H])[H])C([H])([H])[H],0
43,framework,95,[H]N([H])C1=C(C([H])([H])[H])N=C(C([H])([H])[H])N1C([H])([H])C([H])([H])[H],0
43,framework,96,[H]OC(=O)C([H])([H])C([H])(C(=O)OC([H])([H])C([H])([H])[H])C([H])([H])[H],0
43,framework,97,[H]C([H])([H])C([H])([H])N1C(=O)C([H])([H])C([H])(C([H])([H])C([H])([H])[H])C1=O,0
43,framework,98,[H]OC([H])([H])C([H])([H])N([H])C([H])([H])C([H])([H])C([H])([H])[H],0
43,framework,99,[H]OC(=O)C1(C(=O)O[H])C([H])([H])C([H])([H])C([H])([H])C([H])([H])C1([H])[H],0
43,framework,100,[H]N([H])C(=O)C([H])(Cl)C([H])([H])OC([H])([H])[H],0
43,framework,101,[H]C(C#N)=C(OC([H])([H])C([H])([H])C([H])([H])[H])C([H])([H])[H],0
43,framework,102,[H]C1=C([H])C(N([H])C(=O)C([H])([H])C([H])([H])[H])=C([H])C([H])=C1Cl,0
43,framework,103,[H]C1=NC(C([H])([H])N([H])C(=O)C([H])([H])S(=O)(=O)N(C([H])([H])[H])C([H])([H])[H])=C([H])C([H])=C1[H],0
43,framework,104,[H]OC(=O)C([H])(C([H])([H])[H])C([H])([H])C([H])([H])C([H])([H])[H],0
43,framework,105,[H]N(C(=O)C([H])([H])[H])C([H])([H])C([H])(N([H])[H])C([H])([H])[H],0
43,framework,106,[H]C1=C(C(=O)OC([H])([H])C([H])([H])[H])SC(C([H])([H])[H])=N1,0
43,framework,107,[H]ON=C(C([H])([H])[H])C([H])([H])[H],0
43,framework,108,[H]C1=C([H])C([H])=C(N([H])C(=O)N([H])[H])C(C(=O)OC([H])([H])[H])=C1[H],0
43,framework,109,[H]OC(=O)C([H])(S[H])C([H])([H])[H],0
43,framework,110,[H]N(C(=S)N(C([H])([H])[H])C([H])([H])C([H])([H])[H])C([H])([H])[H],0
43,framework,111,[H]OC([H])([H])C([H])([H])C([H])([H])C([H])([H])C([H])([H])C([H])([H])C([H])([H])[H],0
43,framework,112,[H]OC(=O)C([H])([H])C([H])([H])C([H])([H])[H],0
43,framework,113,[H]C1=C([H])C(C([H])([H])C(=O)C([H])([H])[H])=C([H])C([H])=C1C(=O)N([H])[H],0
43,framework,114,[H]N(C(=O)C(Cl)(Cl)Cl)C([H])([H])C([H])([H])[H],0
43,framework,115,[H]N1C(=O)C([H])([H])C(C([H])([H])[H])(C([H])([H])[H])C([H])([H])C1=O,0
43,framework,116,[H]C1=C([H])C([H])=C(N([H])C(=O)C([H])([H])[H])C(N([H])C(=O)C([H])([H])[H])=N1,0
43,framework,117,[H]C1=C([H])C([H])=C([H])C(C([H])([H])C([H])(C([H])([H])[H])C([H])([H])C([H])([H])C([H])([H])C([H])([H])[H])=N1,0
43,framework,118,[H]C([H])([H])C1([H])C(=O)C([H])([H])C([H])([H])C([H])([H])C1([H])[H],0
43,framework,119,[H]OC([H])([H])C([H])(C([H])([H])[H])C([H])([H])[H],0
43,framework,120,[H]OP(=O)(C([H])([H])[H])C([H])([H])C([H])=C([H])[H],0
43,framework,121,[H]N(C(=O)C([H])([H])C([H])([H])[H])C([H])([H])C([H])([H])[H],0
43,framework,122,[H]OC([H])([H])C([H])([H])N([H])[H],0
43,framework,123,[H]N1C(=O)C([H])(C([H])([H])[H])C([H])([H])C(C([H])([H])[H])(C([H])([H])[H])C1=O,0
43,framework,124,[H]OC(=O)C([H])(S[H])C([H])([H])[H],0
43,framework,125,[H]OC(=O)C([H])([H])C([H])([H])C([H])([H])[H],0
43,framework,126,[H]C1=C([H])C(OC([H])([H])[H])=C([H])C(C(=O)N([H])C([H])([H])C([H])([H])[H])=C1[H],0
43,framework,127,[H]N1N=C(C(=O)N([H])C([H])([H])C([H])([H])[H])N([H])C1=S,0
43,framework,128,[H]C([H])([H])OC(=O)N(C([H])([H])[H])C([H])([H])[H],0
43,framework,129,[H]N(C(=O)C([H])([H])C([H])([H])C([H])([H])[H])C(C([H])([H])[H])(C(F)(F)F)C(F)(F)F,0
43,framework,130,[H]OC([H])([H])C([H])([H])C([H])([H])[H],0
43,framework,131,[H]N([H])N([H])C(=O)C([H])([H])C([H])([H])C([H])([H])[H],0
43,framework,132,[H]N1N=C(N([H])C([H])(C([H])([H])[H])C([H])([H])[H])C([H])([H])C1([H])[H],0
43,framework,133,[H]OC([H])([H])C([H])(C([H])([H])[H])C([H])([H])C([H])([H])C1=C([H])C([H])=C([H])C([H])=C1[H],0
43,framework,134,[H]OC([H])([H])C([H])(O[H])N([H])[H],0
43,framework,135,[H]C([H])([H])C([H])([H])OC(=O)C1([H])C([H])([H])C([H])([H])C([H])([H])C([H])([H])C1([H])[H],0
43,framework,136,[H]N(C(=O)C([H])([H])OC([H])([H])[H])C1([H])C(Cl)(Cl)C1(Cl)Cl,0
43,framework,137,[H]OC([H])([H])C([H])(S[H])C([H])([H])C([H])([H])[H],0
43,framework,138,[H]OC(=O)C([H])([H])[H],0
43,framework,139,[H]SC(C(=O)N([H])[H])(C([H])([H])[H])C([H])([H])[H],0
43,framework,140,[H]OC([H])([H])C([H])(C([H])([H])[H])C([H])([H])N([H])C([H])([H])[H],0
43,framework,141,[H]OC([H])(C([H])([H])[H])C([H])([H])[H],0
43,framework,142,[H]C1=C([H])C([H])=C(N([H])C(=S)N([H])C([H])([H])C([H])(C([H])([H])[H])C([H])([H])[H])C(Cl)=C1[H],0
43,framework,143,[H]C1=C([H])C([H])=C(C([H])(N([H])C(=O)N([H])C([H])([H])[H])C([H])([H])C([H])([H])[H])S1,0
43,framework,144,[H]C1=C([H])C([H])=C(OC([H])([H])C([H])([H])C([H])([H])[H])C([H])=C1[H],0
43,framework,145,[H]C1=C([H])C2=C(C([H])=C1[H])N([H])N=C2C([H])([H])C([H])([H])C([H])([H])[H],0
43,framework,146,[H]C([H])([H])OC(=O)C1([H])C([H])(C(=O)OC([H])([H])[H])C([H])([H])S(=O)(=O)C1([H])[H],0
43,framework,147,[H]C1=NC([H])=C([H])C(C(=O)N([H])C([H])([H])C(=O)OC([H])([H])[H])=C1[H],0
43,framework,148,[H]C1=C(N([H])C([H])([H])C([H])([H])[H])N=C(C([H])([H])[H])N=C1C(F)(F)F,0
43,framework,149,[H]OC(=O)C([H])(C([H])([H])[H])C([H])([H])C(=O)[O-],0
43,framework,150,[H]C1([H])N(S(=O)(=O)C([H])([H])[H])C([H])([H])C([H])([H])C1([H])[H],0
43,framework,151,[H]N([H])C([H])([H])C([H])(C([H])([H])[H])[N+]([H])([H])[H],0
43,framework,152,[H]N([H])C([H])([H])C([H])([H])C([H])([H])[N+]([H])([H])[H],0
43,framework,153,[H]C1=C([H])N(C([H])([H])C(=O)C([H])([H])C([H])([H])[H])C([H])=C1C(=O)OC([H])([H])[H],0
43,framework,154,[H]C(=NN([H])C(=O)C([H])([H])C([H])([H])[H])C1=NC([H])=C([H])C([H])=C1[H],0
43,framework,155,[H]N([H])C([H])([H])[H],0
43,framework,156,[H]C1([H])C2(Cl)SC12Cl,0
43,framework,157,[H]C1=C([H])C([H])=C([H])C(C(=O)N([H])C([H])([H])C([H])([H])[H])=N1,0
43,framework,158,[H]OC(=O)C1=C(C(=O)OC([H])([H])[H])SC(N([H])[H])=N1,0
43,framework,159,[H]C([H])([H])OC(=O)C1([H])C([H])([H])SC([H])([H])C1([H])[H],0
43,framework,160,[H]C1=C([H])C([H])=C(C([H])([H])[H])C(C(=O)N([H])N=NC([H])([H])[H])=C1[H],0
43,framework,161,[H]C1=C([H])C(C([H])([H])[H])(C([H])([H])[H])C([H])([H])C([H])(C([H])([H])C([H])([H])[H])C1([H])[H],0
43,framework,162,[H]OC(=O)C([H])([H])C([H])([H])C(=O)N([H])C([H])(C([H])([H])[H])C([H])([H])[H],0
43,framework,163,[H]C([H])([H])N(C([H])([H])[H])S(=O)(=O)C([H])([H])[H],0
43,framework,164,[H]C1=C(C([H])([H])[H])N=C(SC([H])([H])C(=O)OC([H])([H])C([H])([H])[H])N([H])C1=O,0
43,framework,165,[H]C(C(=O)N([H])[H])=C([H])C1=C([H])C([H])=C(OC([H])([H])[H])C([H])=C1[H],0
43,framework,166,[H]OC([H])(C(=O)N([H])C([H])([H])[H])C([H])([H])S,0
43,framework,167,[H]C([H])([H])C([H])([H])OC(=O)C([H])([H])C([H])([H])C([H])([H])[H],0
43,framework,168,[H]N([H])C(=O)N([H])C(=S)N([H])[H],0
43,framework,169,[H]N([H])C([H])([H])C([H])([H])C([H])(C([H])([H])[H])[N+]([H])([H])[H],0
43,framework,170,[H]C1=C([H])C(N([H])C([H])([H])C([H])([H])[H])=C([H])C([H])=C1Cl,0
43,framework,171,[H]C([H])([H])SC([H])([H])C([H])([H])[H],0
43,framework,172,[H]N([H])C(=S)N([H])C(=O)C([H])([H])C([H])([H])[H],0
43,framework,173,[H]OC(=O)C([H])([H])C([H])([H])C([H])([H])[H],0
43,framework,174,[H]C1=C([H])C([H])=C(C([H])([H])SC([H])([H])C([H])([H])[H])C([H])=C1[H],0
43,framework,175,[H]N([H])C(=O)C([H])([H])C([H])([H])[H],0
43,framework,176,[H]OC(=O)C([H])([H])C([H])([H])C([H])([H])C([H])([H])C([H])([H])[H],0
43,framework,177,[H]C1=C(C([H])([H])[H])C(C(=O)OC([H])([H])C([H])([H])[H])=NN1C([H])([H])[H],0
43,framework,178,[H]OC([H])([H])C([H])([H])C([H])([H])[H],0
43,framework,179,[H]N([H])C(=O)OC([H])([H])C([H])([H])C([H])([H])C([H])([H])[H],0
43,framework,180,[H]N(C(=S)N([H])C([H])([H])C([H])([H])OC([H])([H])[H])C([H])([H])C([H])([H])[H],0
43,framework,181,[H]OC(=O)C1=C([H])C([H])=C(OC([H])([H])C([H])([H])[H])C([H])=C1[H],0
43,framework,182,[H]C([H])([H])C(=O)OC([H])([H])C(=O)N1C([H])([H])SC([H])([H])C1([H])[H],0
43,framework,183,[H]N(C(=O)C([H])([H])[H])C(=O)C([H])([H])C([H])([H])C([H])([H])[H],0
43,framework,184,[H]N1C([H])([H])C([H])([H])C([H])([H])C([H])([H])C1([H])C([H])([H])[H],0
43,framework,185,[H]N(C(=O)C([H])(C([H])([H])[H])C([H])([H])[H])C1=C(F)C(F)=C(F)C(F)=C1F,0
43,framework,186,[H]N(C(=O)C([H])([H])N([H])[H])C1=NN=C(C([H])([H])C([H])([H])C([H])([H])C([H])([H])[H])S1,0
43,framework,187,[H]N=C(C1=C([H])C([H])=C([H])C([H])=C1[H])N([H])[H],0
43,framework,188,[H]C1=C([H])C([H])=C2C(=C1[H])N([H])C(=O)C2(N([H])C(=O)OC([H])([H])C([H])([H])[H])C([H])([H])[H],0
43,framework,189,[H]C1([H])OC([H])([H])C([H])([H])N(C(=O)C(Cl)(Cl)Cl)C1([H])[H],0
43,framework,190,[H]N([H])C(=O)N([H])C([H])([H])[H],0
43,framework,191,[H]OC([H])([H])C([H])([H])N([H])[H],0
43,framework,192,[H]C([H])([H])SC([H])([H])C(=O)N(C([H])([H])[H])C([H])([H])[H],0
43,framework,193,[H]OC([H])([H])C([H])([H])C([H])([H])[H],0
43,framework,194,[H]OC(=O)C([H])([H])C([H])([H])C(=O)C([H])([H])[H],0
43,framework,195,[H]OC([H])([H])C([H])(C(=O)N([H])[H])C([H])([H])[H],0
43,framework,196,[H]C1=C(Br)C([H])=C([H])C(N([H])C(=O)C([H])([H])C([H])([H])C([H])([H])[H])=N1,0
43,framework,197,[H]C([H])([H])C([H])([H])C([H])([H])C([H])(C([H])([H])[H])C([H])([H])[H],0
43,framework,198,[H]N([H])C1=NC(C([H])([H])C([H])([H])[H])=NC(Cl)=C1Cl,0
43,framework,199,[H]N(C(=O)OC([H])([H])C([H])([H])[H])C([H])([H])C([H])([H])C([H])([H])[H],0
43,framework,200,[H]C1=C([H])C(C(=O)C([H])([H])[H])=C([H])C(OC([H])([H])C([H])([H])[H])=C1[H],0
43,framework,201,[H]C1=C([H])C(N([H])C(=O)N([H])C([H])(C([H])([H])[H])C([H])([H])[H])=C([H])C([H])=C1F,0
43,framework,202,[H]N(C(=O)OC([H])([H])C([H])([H])C([H])([H])[H])C([H])([H])C([H])([H])[H],0
43,framework,203,[H]N(C([H])([H])C([H])([H])[H])C([H])([H])C([H])([H])C([H])([H])[H],0
43,framework,204,[H]C1=C([H])C([H])=C2C(=C1[H])N=C(C([H])([H])[H])C(=O)N2[H],0
43,framework,205,[H]N1C(=S)N([H])C([H])(C([H])(C([H])([H])[H])C([H])([H])[H])C([H])([H])C1([H])[H],0
43,framework,206,[H]C([H])([H])C(=O)OC([H])([H])C(=O)N(C([H])([H])[H])C([H])([H])[H],0
43,framework,207,[H]N([H])C([H])([H])C([H])(N([H])[H])C([H])([H])[H],0
43,framework,208,[H]C([H])=C([H])C([H])([H])N1C(=O)N(C([H])([H])[H])C(=O)C([H])=C1N([H])[H],0
43,framework,209,[H]OC([H])([H])C([H])([H])[N+]([H])([H])C([H])([H])C([H])([H])[H],0
43,framework,210,[H]OC(=O)C([H])(Cl)Cl,0
43,framework,211,[H]N(C(=O)C([H])([H])[H])C([H])([H])[H],0
43,framework,212,[H]C1=NC(SC([H])([H])[H])=NC([H])=C1N(C([H])([H])[H])C([H])([H])[H],0
43,framework,213,[H]C1=C([H])C2=C(C([H])=C1[H])C(C([H])([H])[H])=C(C([H])([H])C([H])([H])[H])C(=O)C2=O,0
43,framework,214,[H]C([H])([H])C([H])([H])OC(=O)N1C([H])([H])C([H])([H])C([H])([H])C([H])([H])C1([H])[H],0
43,framework,215,[H]C([H])([H])SC([H])([H])C(F)(F)F,0
43,framework,216,[H]C1=C([H])C(OC([H])([H])C([H])([H])[H])=C(OC([H])([H])[H])C(OC(=O)C([H])([H])[H])=N1,0
43,framework,217,[H]N([H])C([H])([H])C([H])([H])C([H])([H])C([H])([H])[H],0
43,framework,218,[H]N([H])C([H])([H])C([H])([H])C([H])([H])C([H])([H])[H],0
43,framework,219,[H]N([H])C([H])(C([H])([H])[H])C([H])([H])C([H])([H])[H],0
43,framework,220,[H]C1=C([H])C([H])=C(S(=O)(=O)N2C([H])([H])C([H])([H])C([H])([H])C([H])([H])C2([H])[H])S1,0
43,framework,221,[H]OC(=O)C([H])([H])Cl,0
43,framework,222,[H]OC([H])(C([H])([H])[H])C([H])([H])OS(=O)(=O)N(C([H])([H])[H])C([H])([H])[H],0
43,framework,223,[H]C1=C(OC([H])([H])[H])C(OC([H])([H])[H])=C([H])C(C([H])([H])C(=O)N([H])[H])=C1[H],0
43,framework,224,[H]OC(=O)C(N([H])[H])(C([H])([H])[H])C([H])([H])[H],0
43,framework,225,[H]C([H])=C([H])C([H])([H])C([H])([H])[N+]([H])([H])C([H])([H])C([H])([H])N([H])[H],0
43,framework,226,[H]OC(C([H])([H])[H])(C([H])([H])[H])C([H])([H])C(=O)C([H])([H])[H],0
43,framework,227,[H]OC(=O)C([H])([H])C([H])([H])S[H],0
43,framework,228,[H]N([H])C(=O)N([H])[H],0
43,framework,229,[H]C([H])([H])C([H])([H])[N+]([H])([H])C(C([H])([H])[H])(C([H])([H])[H])C([H])([H])[H],0
43,framework,230,[H]SC(C([H])([H])[H])(C([H])([H])[H])C([H])([H])[H],0
43,framework,231,[H]C1=C([H])C([H])=C(C([H])([H])N([H])C(=O)N(C([H])([H])[H])C([H])([H])[H])S1,0
43,framework,232,[H]C1=NC(=S)N([H])C(=O)N1C([H])([H])C([H])([H])C([H])([H])[H],0
43,framework,233,[H]C1([H])OC([H])([H])C([H])([H])N(C([H])([H])C([H])([H])[H])C1=O,0
43,framework,234,[H]N([H])C(=S)N([H])C([H])([H])C(=O)C([H])([H])[H],0
43,framework,235,[H]C1=C([H])C([H])=C(C2=NN=C(C([H])([H])C([H])([H])OC([H])([H])[H])S2)C([H])=C1[H],0
43,framework,236,[H]OC1=C([H])C([H])=C(C([H])([H])C([H])([H])O[H])C([H])=C1[H],0
43,framework,237,[H]C1=C(C([H])([H])OC(=O)C([H])([H])[H])N=C(N([H])[H])S1,0
43,framework,238,[H]C1=C([H])C([H])=C(OC([H])([H])C([H])([H])[H])C([H])=C1[H],0
43,framework,239,[H]C([H])([H])C([H])([H])C(C([H])([H])[H])(C([H])([H])[H])[N+]([H])([H])[H],0
43,framework,240,[H]OC(=O)C([H])([H])C([H])([H])C([H])([H])C([H])([H])C([H])([H])C([H])([H])[H],0
43,framework,241,[H]C([H])([H])C([H])([H])C(=O)C1(C#N)C([H])([H])C([H])([H])C([H])([H])C1([H])[H],0
43,framework,242,[H]C([H])([H])N(C([H])([H])[H])C([H])([H])C([H])([H])[H],0
43,framework,243,[H]N([H])C(=S)N([H])N=C(C(=O)OC([H])([H])[H])C([H])([H])[H],0
43,framework,244,[H]OC(=O)C([H])([H])C([H])([H])C([H])([H])C([H])([H])[H],0
43,framework,245,[H]N(C(=O)C([H])([H])C([H])([H])[H])C1=NN=C(C([H])([H])[H])S1,0
43,framework,246,[H]N([H])C(=O)C(=O)N([H])C([H])([H])C([H])([H])[H],0
43,framework,247,[H]C([H])([H])C1([H])C([H])([H])C([H])([H])SC([H])([H])C1([H])[H],0
43,framework,248,[H]N([H])C(=S)N([H])C([H])([H])C([H])([H])[H],0
43,framework,249,[H]N([H])C([H])([H])C([H])([H])C([H])([H])C([H])([H])[H],0
43,framework,250,[H]C1=C([H])C(C([H])([H])[H])=C(C([H])([H])[H])C(C([H])([H])C([H])([H])[H])=C1[H],0
43,framework,251,[H]OC1([H])N=C(N([H])[H])SC1([H])C([H])([H])C([H])([H])[H],0
43,framework,252,[H]C([H])([H])C(=O)C([H])([H])[H],0
43,framework,253,[H]OC(=O)C([H])([H])C([H])([H])C(=O)C([H])([H])[H],0
43,framework,254,[H]OC([H])([H])C([H])(Br)C([H])([H])[H],0
43,framework,255,[H]N(C(=O)C([H])([H])[H])C1([H])C([H])([H])C([H])([H])C([H])([H])C([H])([H])C1([H])[H],0
43,framework,256,[H]ON=C(N([H])C(=O)C([H])([H])C([H])([H])[H])C([H])([H])[H],0
43,framework,257,[H]C1=C([H])C([H])=C(OC([H])([H])C([H])(C([H])([H])[H])C([H])([H])[H])C([H])=C1[H],0
43,framework,258,[H]N([H])C([H])(C([H])([H])[H])C([H])([H])C([H])([H])C([H])([H])[H],0
43,framework,259,[H]OC(=O)C1=C([H])SC(C(=O)OC([H])([H])[H])=C1[H],0
43,framework,260,[H]C1=C2OC([H])([H])C([H])([H])C([H])([H])OC2=C([H])C(C(=O)C([H])([H])[H])=C1[H],0
43,framework,261,[H]C([H])([H])C(=O)C([H])(C([H])([H])[H])C([H])([H])[H],0
43,framework,262,[H]N(C(=O)C([H])([H])[H])C([H])([H])C([H])([H])C([H])([H])C([H])([H])[H],0
43,framework,263,[H]OC(=O)C([H])([H])C([H])(OC([H])([H])C([H])([H])[H])C([H])([H])[H],0
43,framework,264,[H]C1([H])OC([H])([H])C([H])([H])C([H])([H])C1([H])[H],0
43,framework,265,[H]OC([H])(C([H])([H])[H])C([H])([H])[H],0
43,framework,266,[H]OC([H])([H])C([H])([H])C([H])([H])[N+]([H])([H])C([H])(C([H])([H])[H])C([H])([H])[H],0
43,framework,267,[H]C1=C(C(=O)C([H])([H])[H])N(C([H])([H])C([H])([H])C([H])([H])[H])N=C1C([H])([H])[H],0
43,framework,268,[H]N([H])C1=NC(C([H])([H])C([H])([H])[H])=C(C(=O)C([H])([H])[H])S1,0
43,framework,269,[H]N(C([H])([H])C([H])([H])[H])S(=O)(=O)C([H])([H])[H],0
43,framework,270,[H]N(C(=S)N([H])C([H])(C([H])([H])[H])C([H])([H])C([H])([H])[H])C([H])([H])[H],0
43,framework,271,[H]N([H])C(=S)N([H])[H],0
43,framework,272,[H]C(C(=O)OC([H])([H])C([H])([H])[H])=C([H])N1N=C(C([H])([H])[H])C([H])=C1C([H])([H])[H],0
43,framework,273,[H]C([H])([H])C([H])(C([H])([H])[H])C([H])([H])C([H])([H])[N+]([H])([H])[H],0
43,framework,274,[H]C#CC([H])([H])N1C(=O)N([H])C(=O)N(C([H])([H])C([H])([H])[H])C1=O,0
43,framework,275,[H]C1=C([H])C([H])=C(N([H])S(=O)(=O)C2=C([H])C([H])=C(OC([H])([H])[H])C([H])=C2[H])C(Cl)=C1[H],0
43,framework,276,[H]N1C(=O)N(OC([H])([H])[H])C([H])([H])C([H])([H])C1([H])[H],0
43,framework,277,[H]C([H])(Cl)C12S[SH]1#S2,0
43,framework,278,[H]OC(=O)C([H])([H])N([H])C(=O)C([H])([H])C([H])([H])[H],0
43,framework,279,[H]C([H])(S)C([H])([H])Cl,0
43,framework,280,[H]OC([H])(C([H])([H])[H])C([H])([H])[H],0
43,framework,281,[H]C1=C([H])C([H])=C2C(=C1[H])N=C(C([H])([H])C([H])(C([H])([H])[H])C([H])([H])[H])N2[H],0
43,framework,282,[H]C([H])([H])C([H])([H])C([H])([H])SC([H])([H])C([H])([H])C([H])([H])C([H])([H])[H],0
43,framework,283,[H]C1=C(C([H])([H])C([H])([H])C([H])([H])[H])N([H])N([H])C1=O,0
43,framework,284,[H]N([H])C(=O)N([H])[H],0
43,framework,285,[H]OC([H])([H])C([H])([H])N1N=C([H])C([H])([H])C1([H])C([H])(C([H])([H])[H])C([H])([H])[H],0
43,framework,286,[H]OC1=C([H])C(=O)C([H])=C(O[H])N1C(=O)C([H])([H])C([H])([H])[H],0
43,framework,287,[H]C1=C([H])C([H])=C(C([H])=C(C#N)C(=NC([H])([H])C([H])([H])[H])C([H])([H])[H])O1,0
43,framework,288,[H]C1=NC([H])=C([H])C(C(=O)N([H])C([H])([H])C([H])([H])C([H])([H])C([H])([H])[H])=C1[H],0
43,framework,289,[H]C1=C([H])C(C(=O)C([H])([H])[H])=C([H])C(N([H])C(=O)C([H])([H])[H])=C1[H],0
43,framework,290,[H]N([H])C(=O)C([H])([H])C([H])([H])[H],0
43,framework,291,[H]OC(=O)C([H])([H])C(=O)OC([H])([H])[H],0
43,framework,292,[H]OC([H])([H])C([H])([H])N([H])[H],0
43,framework,293,[H]OC1=C([H])C([H])=C(C([H])([H])C(=O)OC([H])([H])[H])C([H])=C1OC([H])([H])[H],0
43,framework,294,[H]OC([H])(OC1=C([H])C([H])=C(Br)C([H])=C1[H])C(=O)OC([H])([H])[H],0
43,framework,295,[H]C([H])([H])C([H])([H])N(C([H])([H])C([H])([H])[H])S(=O)(=O)C([H])([H])[H],0
43,framework,296,[H]N([H])C(=O)C([H])([H])C([H])([H])[H],0
43,framework,297,[H]C1=C([H])C([H])=C(C([H])([H])N(C([H])([H])[H])C([H])([H])C(=O)OC([H])([H])C([H])([H])[H])C([H])=C1[H],0
43,framework,298,[H]C1=C([H])C([H])=C(C2=NN=NN2C([H])([H])C([H])([H])[H])S1,0
43,framework,299,[H]C1=C2OC([H])([H])C(=O)OC2=C([H])C(C(=O)N([H])C([H])([H])C([H])([H])[H])=C1[H],0
43,framework,300,[H]N([H])C(=O)C([H])([H])C([H])([H])[H],0
43,framework,301,[H]C1=C([H])C([H])=C(C([H])([H])N([H])C(=O)C([H])([H])C(=O)OC([H])([H])[H])C([H])=C1[H],0
43,framework,302,[H]OC(=O)C([H])([H])C([H])([H])C([H])([H])C([H])([H])C([H])([H])[H],0
43,framework,303,[H]N(C([H])([H])C([H])([H])[H])C([H])([H])C([H])([H])C([H])([H])C([H])([H])[H],0
43,framework,304,[H]C1=C(Cl)C([H])=C2C3=C1C([H])([H])C([H])(N([H])[H])C([H])(C([H])([H])[H])N3C([H])([H])C([H])([H])N2[H],0
43,framework,305,[H]C1=C([H])C2=C(C([H])=C1[H])C([H])(C(=O)OC([H])([H])[H])C(=O)N(C([H])([H])[H])C2=O,0
43,framework,306,[H]C([H])=C([H])C([H])([H])OC(=O)N([H])C(=S)SC([H])([H])C([H])([H])[H],0
43,framework,307,[H]OC(=O)C([H])([H])Cl,0
43,framework,308,[H]C1=C([H])C(OC([H])([H])C(=O)N([H])C([H])([H])C([H])([H])C([H])([H])[H])=C([H])C([H])=C1Cl,0
43,framework,309,[H]OC(=O)C([H])(C([H])([H])[H])C([H])([H])[H],0
43,framework,310,[H]C1=NC([H])=C(C([H])([H])C(=O)N([H])C([H])([H])C([H])([H])[H])C([H])=C1[H],0
43,framework,311,[H]C1=NC(C([H])([H])[H])=C([H])C(=O)N1C([H])([H])C([H])([H])C([H])([H])[H],0
43,framework,312,[H]C([H])([H])C([H])(C([H])([H])[H])C1([H])C([H])([H])C([H])([H])C([H])([H])C1([H])[H],0
43,framework,313,[H]C([H])([H])N(C1=NC(C(F)(F)F)=NC(SC([H])([H])C([H])([H])[H])=N1)C([H])([H])[H],0
43,framework,314,[H]N(C(=O)C([H])(Cl)C([H])([H])[H])C([H])([H])C([H])([H])[H],0
43,framework,315,[H]OC(=O)C([H])(O[H])C([H])([H])[H],0
43,framework,316,[H]C1=NC(C(=O)N([H])[H])=C([H])N1C([H])([H])C([H])=C([H])[H],0
43,framework,317,[H]OC(=O)C([H])([H])C([H])([H])S[H],0
43,framework,318,[H]C1=C([H])C([H])=C(C(=O)OC(=NS(=O)(=O)C([H])([H])[H])C([H])([H])[H])S1,0
43,framework,319,[H]C1=C([H])C(C(=O)OC([H])([H])[H])=C([H])C([H])=C1Cl,0
43,framework,320,[H]OC([H])([H])C([H])([H])C([H])([H])N(C([H])([H])[H])C([H])([H])[H],0
43,framework,321,[H]N([H])C([H])([H])C([H])([H])[N+]([H])(C([H])([H])[H])C([H])([H])[H],0
43,framework,322,[H]N1C(=O)C([H])([H])N=C1SC([H])([H])C([H])([H])C([H])([H])[H],0
43,framework,323,[H]N1C(C([H])([H])[H])=C(C(=O)C([H])([H])[H])C(=O)N1C([H])([H])C([H])([H])[H],0
43,framework,324,[H]C([H])([H])C1(C([H])([H])[H])C([H])([H])C([H])([H])[N+]([H])([H])C([H])([H])C1([H])[H],0
43,framework,325,[H]N(C(=S)N([H])C([H])([H])C([H])([H])OC([H])([H])[H])C([H])([H])[H],0
43,framework,326,[H]N1N=C(SC([H])([H])C([H])([H])[H])N([H])C1=O,0
43,framework,327,[H]N1N=C(SC([H])([H])C(=O)N([H])C([H])(C([H])([H])[H])C([H])([H])[H])N=C1C([H])([H])[H],0
43,framework,328,[H]C([H])([H])C([H])([H])OC(=O)C([H])([H])C([H])([H])N1C(=O)C([H])([H])C([H])([H])C1=O,0
43,framework,329,[H]C1=C([H])C2=C(C([H])=C1[H])N(C([H])([H])C([H])([H])[H])C(=O)N2[H],0
43,framework,330,[H]OC([H])([H])C([H])(O[H])C([H])([H])C([H])([H])C([H])([H])[H],0
43,framework,331,[H]C1=NC(N([H])N([H])C(=O)C([H])([H])[H])=NC([H])=C1[H],0
43,framework,332,[H]N([H])C(=O)C([H])([H])C([H])([H])N([H])C(=O)C([H])([H])C([H])([H])[H],0
43,framework,333,[H]C1=C(Br)OC(C(=O)N([H])C([H])([H])C(C([H])([H])[H])(C([H])([H])[H])C([H])([H])[H])=C1[H],0
43,framework,334,[H]C([H])([H])C([H])([H])C([H])([H])C([H])(C([H])([H])[H])C([H])([H])[H],0
43,framework,335,[H]OC([H])([H])C([H])(O[H])C([H])(O[H])C([H])([H])C([H])([H])[H],0
43,framework,336,[H]N(C(=O)C([H])([H])Cl)C1([H])C([H])([H])C([H])([H])OC([H])([H])C1([H])[H],0
43,framework,337,[H]N(C(=S)N([H])C([H])([H])C([H])([H])C([H])([H])[H])C([H])([H])[H],0
43,framework,338,[H]N1N=C(C([H])([H])[H])C([H])(N([H])C(=O)OC([H])([H])C([H])([H])[H])C1=O,0
43,framework,339,[H]C([H])([H])C([H])([H])C([H])([H])C([H])([H])C([H])([H])[H],0
43,framework,340,[H]C1=C(C([H])([H])[H])SC(S(=O)(=O)C([H])([H])C([H])([H])C([H])([H])[H])=C1[H],0
43,framework,341,[H]N([H])C(=O)C([H])([H])C([H])([H])[H],0
43,framework,342,[H]N([H])C(=S)N(C([H])([H])C([H])([H])[H])C([H])([H])C([H])([H])[H],0
43,framework,343,[H]C1=C([H])C(C([H])(C([H])([H])[H])C([H])([H])[H])=C([H])C([H])=C1OC([H])([H])C([H])([H])[H],0
43,framework,344,[H]C1=C([H])C([H])=C(C([H])([H])[N+]([H])([H])C([H])([H])C([H])([H])[H])C([H])=C1[H],0
43,framework,345,[H]C1=C(C([H])([H])[H])OC(SC([H])([H])C(=O)N([H])C([H])(C([H])([H])[H])C([H])([H])[H])=N1,0
43,framework,346,[H]N(C(=O)C([H])([H])[H])C([H])([H])C([H])([H])[H],0
43,framework,347,[H]C1=C([H])C([H])=C(N([H])S(=O)(=O)C([H])([H])[H])C(Cl)=C1[H],0
43,framework,348,[H]N([H])C([H])([H])C([H])([H])N(C([H])([H])C([H])([H])[H])C([H])([H])C([H])([H])[H],0
43,framework,349,[H]C1=C([H])C([H])=C(N([H])[H])C(C(=O)OC([H])([H])C([H])([H])[H])=C1[H],0
43,framework,350,[H]OC(=O)C([H])=C(O[H])C([H])(O[H])C([H])([H])C([H])([H])[H],0
43,framework,351,[H]C1=C([H])SC(N([H])C(=O)C([H])(C([H])([H])[H])C([H])([H])[H])=N1,0
43,framework,352,[H]N1C(=S)SC(C([H])([H])OC([H])([H])[H])=C1C([H])([H])[H],0
43,framework,353,[H]N([H])C(=O)C([H])([H])C([H])([H])[H],0
43,framework,354,[H]OC([H])([H])C([H])([H])N([H])C(=O)C([H])([H])[H],0
43,framework,355,[H]C1=C([H])C(N([H])C(=O)C([H])([H])[H])=C([H])C([H])=C1Cl,0
43,framework,356,[H]OC([H])([H])C([H])([H])C([H])(N([H])[H])C([H])([H])C([H])([H])[H],0
43,framework,357,[H]N1C(=O)N([H])C([H])(C([H])([H])[H])C([H])([H])C1=O,0
43,framework,358,[H]C([H])([H])C(=O)OC([H])(C([H])([H])[H])C([H])([H])C([H])([H])[H],0
43,framework,359,[H]C1=C([H])C([H])=C(C([H])([H])[H])C(N([H])[H])=N1,0
43,framework,360,[H]C1=NC([H])=C([H])C([H])=C1SC([H])([H])C(=O)C([H])([H])[H],0
43,framework,361,[H]C1=C([H])C(N([H])C(=O)C([H])([H])C([H])([H])C([H])([H])[H])=C([H])C(C([H])([H])[H])=C1Br,0
43,framework,362,[H]OC(=O)C([H])([H])[H],0
43,framework,363,[H]OC(=O)C([H])([H])C([H])([H])C([H])([H])C([H])([H])OC([H])([H])C([H])([H])[H],0
43,framework,364,[H]C([H])([H])C([H])([H])C(=O)OC(C([H])([H])[H])(C([H])([H])[H])C([H])([H])[H],0
43,framework,365,[H]OC([H])([H])C([H])(O[H])C([H])([H])C([H])([H])[H],0
43,framework,366,[H]C1=C([H])C([H])=C(C([H])([H])N(C([H])([H])[H])C([H])([H])[H])C([H])=C1[H],0
43,framework,367,[H]C1=C([H])C([H])=C(C([H])([H])C(=O)OC([H])([H])[H])S1,0
43,framework,368,[H]C1=C([H])N(C([H])([H])N([H])[H])C(C([H])([H])C([H])([H])C([H])([H])[H])=N1,0
43,framework,369,[H]N([H])C(=O)C([H])([H])C([H])([H])C([H])([H])[H],0
43,framework,370,[H]N(C(=O)C([H])([H])Cl)C([H])([H])[H],0
43,framework,371,[H]OC(=O)C([H])([H])C([H])(C([H])([H])[H])C([H])([H])C([H])([H])[H],0
43,framework,372,[H]C1=C(C([H])([H])[H])N(C([H])([H])[H])C([H])=C(C(=O)C([H])([H])C([H])([H])[H])C1=[N+]([H])C([H])([H])[H],0
43,framework,373,[H]C1([H])C([H])([H])C([H])([H])C([H])([H])C([H])([H])C1([H])[H],0
43,framework,374,[H]OC(C1=C([H])C([H])=C([H])C([H])=C1[H])(C([H])([H])[H])C([H])([H])[H],0
43,framework,375,[H]C1=C([H])C(C([H])([H])[H])=C([H])C(N([H])C(=O)C([H])([H])[H])=C1[H],0
43,framework,376,[H]N(C([H])([H])C([H])([H])[H])C([H])([H])C([H])([H])C([H])([H])[H],0
43,framework,377,[H]N1C(=O)C(C([H])([H])[H])(C([H])([H])[H])C([H])([H])C([H])([H])C1([H])[H],0
43,framework,378,[H]N(C(=O)C([H])([H])C([H])([H])[H])C1=NC([H])([H])C([H])([H])S1,0
43,framework,379,[H]C([H])([H])C([H])([H])C1=NOC(C([H])([H])[H])(C([H])([H])[H])C1([H])[H],0
43,framework,380,[H]OC(=O)C1([H])C([H])([H])C([H])([H])C([H])([H])C([H])([H])C1([H])[H],0
43,framework,381,[H]ON=C([H])C1=C([H])C(OC([H])(C([H])([H])[H])C([H])([H])C([H])([H])[H])=NC([H])=C1[H],0
43,framework,382,[H]OC([H])([H])C(S[H])(C([H])([H])[H])C([H])([H])[H],0
43,framework,383,[H]C([H])([H])C([H])([H])OC(=O)C1([H])C([H])([H])C([H])([H])C([H])([H])C1([H])[H],0
43,framework,384,[H]OC(=O)C([H])([H])OC([H])([H])C([H])([H])[H],0
43,framework,385,[H]N([H])C(=O)C([H])([H])C([H])([H])C([H])([H])[H],0
43,framework,386,[H]N(C(=O)C([H])([H])SC([H])([H])[H])N([H])C([H])([H])C([H])([H])C([H])([H])[H],0
43,framework,387,[H]OC([H])([H])C([H])(N([H])[H])C([H])([H])C([H])([H])C([H])([H])C([H])([H])[H],0
43,framework,388,[H]OC([H])([H])C([H])([H])N(C([H])([H])[H])C([H])([H])C([H])([H])[H],0
43,framework,389,[H]C1=C([H])C(C([H])([H])C(=O)OC([H])([H])C([H])([H])[H])=C([H])C([H])=C1Br,0
43,framework,390,[H]N([H])N=C(C([H])([H])[H])C([H])([H])C([H])([H])[H],0
43,framework,391,[H]N([H])C([H])([H])C([H])([H])C([H])([H])C([H])([H])C([H])([H])[H],0
43,framework,392,[H]C1=C(C([H])([H])C([H])([H])[H])C(C#N)=C(C([H])([H])C(=O)OC([H])([H])C([H])([H])[H])S1,0
43,framework,393,[H]C([H])=C([H])N([H])C(=S)N([H])[H],0
43,framework,394,[H]C([H])([H])OC(=O)C([H])([H])C([H])([H])[N+]([H])([H])[H],0
43,framework,395,[H]C1=C([H])C([H])=C(C(=O)N([H])N([H])C(=O)C([H])([H])C([H])([H])[H])S1,0
43,framework,396,[H]OC([H])([H])C([H])([H])C([H])([H])[H],0
43,framework,397,[H]C1=C(C([H])([H])C([H])([H])C([H])([H])C([H])([H])C([H])([H])[H])C([H])=C([H])C(Cl)=N1,0
43,framework,398,[H]OC1=C([H])C(C([H])([H])C([H])([H])[H])=C([H])C([H])=C1OC([H])([H])[H],0
43,framework,399,[H]N(C(=O)C([H])([H])[H])N([H])C(=S)SC([H])([H])C(=O)[O-],0
43,framework,400,[H]N([H])C(C([H])([H])[H])(C([H])([H])[H])C([H])([H])[H],0
43,framework,401,[H]OC(=O)C([H])(Cl)C([H])([H])[H],0
43,framework,402,[H]N([H])C([H])([H])C([H])([H])N([H])C([H])([H])[H],0
43,framework,403,[H]OC([H])([H])C(C([H])([H])[H])(C([H])([H])[H])C([H])([H])C1=C([H])C([H])=C([H])C([H])=C1[H],0
43,framework,404,[H]C1=C([H])C(C([H])([H])[H])=NC(N([H])C(=O)C([H])([H])[H])=N1,0
43,framework,405,[H]C1=C([H])C([H])=C(C([H])([H])N(C(=S)N([H])[H])C([H])([H])C([H])([H])[H])C([H])=C1[H],0
43,framework,406,[H]OC1=C2C(=NC([H])=C1[H])ON=C2C(=O)OC([H])([H])[H],0
43,framework,407,[H]C(=O)C(C([H])([H])[H])(C([H])([H])[H])C([H])([H])C(=O)C([H])([H])C([H])([H])[H],0
43,framework,408,[H]C1=C([H])C([H])=C(C([H])([H])C(=O)OC([H])([H])C([H])([H])[H])C(Cl)=C1[H],0
43,framework,409,[H]C(=O)C([H])([H])C(=O)C([H])([H])[H],0
43,framework,410,[H]ON=C(N([H])C(=O)OC([H])([H])C([H])([H])[H])C([H])([H])[H],0
43,framework,411,[H]C1=C(C(=O)OC([H])([H])[H])C([H])=C(C(=O)OC([H])([H])[H])S1,0
43,framework,412,[H]OC(=O)C([H])([H])C([H])([H])C([H])([H])[H],0
43,framework,413,[H]OC(=O)C([H])([H])[H],0
43,framework,414,[H]OC(=O)C([H])([H])C([H])([H])C([H])([H])C([H])(C([H])([H])[H])C([H])([H])[H],0
43,framework,415,[H]OC([H])([H])C([H])(C([H])([H])O[H])[N+]([H])([H])[H],0
43,framework,416,[H]OC([H])([H])C([H])([H])C([H])([H])[H],0
43,framework,417,[H]OC([H])([H])C([H])(O[H])C([H])([H])O[H],0
43,framework,418,[H]C1=C([H])C([H])=C(C([H])([H])OC2=C([H])C([H])=C(C(=O)C([H])([H])[H])C([H])=C2OC([H])([H])[H])O1,0
43,framework,419,[H]C([H])([H])C([H])([H])[N+]([H])([H])C([H])(C([H])([H])[H])C([H])([H])[H],0
43,framework,420,[H]N(C(=O)C([H])([H])C([H])([H])C([H])([H])C([H])([H])[H])C([H])([H])C([H])([H])[H],0
43,framework,421,[H]C1=NC([H])=C([H])N1C([H])([H])C([H])([H])N([H])C([H])([H])[H],0
43,framework,422,[H]N([H])C(=O)N([H])C([H])([H])C([H])([H])C([H])([H])[H],0
43,framework,423,[H]C([H])([H])OC1([H])C([H])([H])C([H])([H])[N+]([H])(C([H])([H])C([H])([H])[H])C1([H])[H],0
43,framework,424,[H]N(C1=C(C#N)C(C([H])([H])[H])=NO1)C([H])([H])C([H])([H])N(C([H])([H])[H])C([H])([H])[H],0
43,framework,425,[H]N1N=C(SC([H])([H])C([H])([H])[H])N([H])C1=S,0
43,framework,426,[H]OC(O[H])(C(F)(F)F)C([H])([H])C(=O)N([H])C([H])([H])[H],0
43,framework,427,[H]N([H])C(=S)SC([H])([H])C([H])([H])C([H])([H])[H],0
43,framework,428,[H]C([H])([H])C([H])([H])C([H])([H])[N+]([H])([H])C([H])([H])C([H])([H])[H],0
43,framework,429,[H]C([H])([H])C1=NOC(C([H])([H])[H])=C1S(=O)(=O)C([H])([H])C([H])([H])[H],0
43,framework,430,[H]C1=C([H])C(C([H])([H])C([H])([H])[H])=C([H])C2=C1N([H])C(N([H])[H])=N2,0
43,framework,431,[H]OC(=O)C([H])(O[H])C([H])([H])C([H])([H])C([H])([H])C([H])([H])[H],0
43,framework,432,[H]N(C(=O)C([H])([H])[H])C([H])([H])[H],0
43,framework,433,[H]N(C([H])([H])C(=O)[O-])C([H])(C([H])([H])[H])C([H])([H])[H],0
43,framework,434,[H]C1=C([H])C(C([H])(N([H])[H])C([H])([H])[H])=C([H])C(C([H])([H])[H])=C1[H],0
43,framework,435,[H]C1=C([H])C([H])=C(C(=O)N([H])[H])C(OC([H])([H])C([H])([H])[H])=C1[H],0
43,framework,436,[H]OC(=O)C(N([H])[H])(C([H])([H])[H])C([H])([H])[H],0
43,framework,437,[H]C(C(=O)OC([H])([H])[H])=C([H])C([H])([H])N([H])C(=O)C([H])([H])[H],0
43,framework,438,[H]OC(=O)C([H])(S[H])C([H])([H])[H],0
43,framework,439,[H]OC(=O)C([H])(S[H])C([H])([H])[H],0
43,framework,440,[H]N([H])C(C(=O)OC([H])([H])C(=O)OC([H])([H])[H])=C(Cl)Cl,0
43,framework,441,[H]OC1=C([H])C([H])=C(OC([H])([H])C([H])([H])[H])C([H])=C1[H],0
43,framework,442,[H]OC([H])([H])[C+](=O)[O-],0
43,framework,443,[H]N([H])C(=S)N([H])C([H])(C([H])([H])C([H])([H])[H])C([H])([H])C([H])([H])[H],0
43,framework,444,[H]OC([H])([H])C([H])([H])C([H])([H])[H],0
43,framework,445,[H]N([H])N(C(=S)SC([H])([H])C(=O)C([H])([H])[H])C([H])([H])C([H])([H])[H],0
43,framework,446,[H]OC([H])([H])C([H])([H])C([H])([H])N(C([H])([H])[H])C([H])([H])[H],0
43,framework,447,[H]C1=C([H])C([H])=C(N([H])C(=O)C([H])([H])[H])C([H])=C1[H],0
43,framework,448,[H]C([H])([H])N1C(=O)C(C([H])([H])[H])(C([H])([H])[H])OC(=O)C1([H])[H],0
43,framework,449,[H]C1=C([H])C(N2C(=O)C(=O)N([H])C2(C([H])([H])[H])C([H])([H])[H])=C([H])C([H])=C1OC([H])([H])[H],0
43,framework,450,[H]OC1=C([H])C(C(=O)OC([H])([H])[H])=C(O[H])C([H])=C1[H],0
43,framework,451,[H]OC(=O)C([H])([H])N(C([H])([H])[H])C([H])(C([H])([H])[H])C([H])([H])[H],0
43,framework,452,[H]C1=C([H])C([H])=C(OC([H])([H])[H])C([H])=C1[H],0
43,framework,453,[H]OC(=O)C([H])([H])[H],0
43,framework,454,[H]OC([H])([H])C([H])([H])C([H])(O[H])C([H])([H])[H],0
43,framework,455,[H]C1=C([H])C(C#N)=C(N([H])C(=O)C([H])(C([H])([H])[H])C([H])([H])[H])S1,0
43,framework,456,[H]N1C(=O)C(C([H])([H])[H])=C(OC([H])([H])C([H])([H])[H])N([H])C1=O,0
43,framework,457,[H]C1=C([H])C([H])=C(OC2(C(F)(F)F)C(=O)N(C([H])([H])[H])C(=O)N2[H])C([H])=C1[H],0
43,framework,458,[H]C([H])([H])C([H])([H])C([H])(C([H])(C([H])([H])[H])C([H])([H])[H])[N+]([H])([H])[H],0
43,framework,459,[H]C1=C([H])C([H])=C(OC([H])([H])C([H])([H])C([H])([H])C([H])([H])[H])C(Br)=C1[H],0
43,framework,460,[H]C1=C([H])C([H])=C(C([H])([H])N([H])C(=O)OC([H])([H])C([H])([H])[H])S1,0
43,framework,461,[H]N([H])C([H])(C([H])([H])[H])C([H])([H])C([H])([H])[H],0
43,framework,462,[H]OC(=O)C([H])(S[H])C([H])(S[H])C([H])([H])[H],0
43,framework,463,[H]N([H])C(=S)N(C([H])([H])C([H])([H])[H])C([H])(C([H])([H])[H])C([H])([H])C([H])([H])[H],0
43,framework,464,[H]OC([H])([H])C([H])([H])C([H])([H])[H],0
43,framework,465,[H]OC(=O)C1=C([H])C([H])=C(OC([H])([H])C([H])([H])[H])C([H])=C1[H],0
43,framework,466,[H]N(C(=S)N(C([H])([H])[H])C([H])([H])[H])C([H])([H])C([H])([H])[H],0
43,framework,467,[H]C1=C([H])C([H])=C(C([H])([H])C(=O)OC([H])([H])C([H])([H])[H])C(C([H])([H])[H])=C1[H],0
43,framework,468,[H]C([H])([H])N(C([H])([H])C([H])([H])[H])C([H])(C([H])([H])[H])C([H])([H])[H],0
43,framework,469,[H]C1=C([H])C([H])=C(C(=O)N([H])C([H])([H])[H])C([H])=C1[H],0
43,framework,470,[H]N1N=C(C([H])([H])C(=O)OC([H])([H])[H])N=C1C([H])([H])[H],0
43,framework,471,[H]C1=C([H])C(C([H])([H])[H])=C([H])C([H])=C1N([H])C(=O)C([H])([H])[H],0
43,framework,472,[H]C([H])=C(Cl)C([H])(Br)C([H])([H])[H],0
43,framework,473,[H]OC(=O)C([H])(S[H])C([H])([H])C([H])([H])[H],0
43,framework,474,[H]OC([H])(C([H])([H])[H])C([H])([H])C([H])(N([H])[H])C([H])([H])[H],0
43,framework,475,[H]C1=NC([H])=C(C([H])([H])OC([H])([H])[H])N1C([H])([H])[H],0
43,framework,476,[H]N([H])C(=O)OC([H])(C([H])([H])[H])C([H])([H])[H],0
43,framework,477,[H]ON=C(C([H])([H])[H])C([H])([H])[H],0
43,framework,478,[H]OC(=O)C([H])([H])C([H])(C(=O)OC([H])([H])[H])C([H])([H])C([H])([H])[H],0
43,framework,479,[H]OC(=O)C([H])([H])N1C(=O)N([H])N([H])C1=O,0
43,framework,480,[H]C1=C(N([H])[H])C(N([H])[H])=C([H])C(C([H])([H])[H])=C1[H],0
43,framework,481,[H]SC([H])(C(=O)N([H])[H])N([H])C(=O)C([H])([H])C([H])([H])[H],0
43,framework,482,[H]C1=C([H])C2=C(C(OC([H])([H])C([H])([H])[H])=C1[H])N(C([H])([H])C([H])([H])[H])C(=O)O2,0
43,framework,483,[H]OC(=O)C([H])([H])SC([H])([H])[H],0
43,framework,484,[H]OC([H])([H])C1(C([H])([H])[H])C([H])([H])C([H])([H])C([H])(C([H])([H])C([H])([H])[H])C([H])([H])C1([H])O[H],0
43,framework,485,[H]N1C(=O)C([H])([H])C([H])(C([H])([H])[H])C1([H])C([H])([H])C([H])(C([H])([H])[H])C([H])([H])[H],0
43,framework,486,[H]N([H])C(=O)C([H])([H])C([H])([H])[H],0
43,framework,487,[H]N([H])C1=C(C(=O)OC([H])([H])[H])C(C([H])([H])[H])=NN1[H],0
43,framework,488,[H]C([H])([H])ON=C(C(=O)OC([H])([H])[H])C([H])([H])OC(=O)C([H])([H])[H],0
43,framework,489,[H]C([H])([H])C([H])([H])N(C(=O)C(Cl)(Cl)Cl)C([H])([H])C([H])([H])[H],0
43,framework,490,[H]N([H])C(=O)C([H])(N([H])C(=O)C([H])([H])Cl)C([H])([H])[H],0
43,framework,491,[H]C1=C([H])N([H])C(N([H])C(=O)C([H])=C(C([H])([H])[H])C([H])([H])[H])=N1,0
43,framework,492,[H]C1=NOC(C(=O)N([H])C([H])([H])C(=O)OC([H])([H])C([H])([H])[H])=C1[H],0
43,framework,493,[H]N=C([H])C([H])([H])[H],0
43,framework,494,[H]OC(=O)C([H])([H])[H],0
43,framework,495,[H]C1=NN(C([H])([H])C([H])=C([H])[H])C(N([H])[H])=N1,0
43,framework,496,[H]C1=C(OC([H])([H])[H])C([H])=C(OC([H])([H])[H])C(OC([H])([H])[H])=C1[H],0
43,framework,497,[H]C1=C([H])N(C([H])([H])C([H])([H])[H])C(C(=O)N([H])[H])=C1[H],0
43,framework,498,[H]C([H])([H])N1C([H])([H])C([H])([H])C([H])(C(=O)C([H])([H])C([H])([H])[H])C([H])([H])C1([H])[H],0
43,framework,499,[H]C1=C([H])C2=C(C([H])=C1[H])N([H])C([H])=C2C(=O)OC([H])([H])[H],0
44,baseline,0,[H]C([H])(Cl)C([H])([H])Cl,0
44,baseline,1,[H]N([H])C(=O)N([H])[H],0
44,baseline,2,[H]N([H])C([H])(C(=O)OC([H])([H])[H])C([H])([H])C([H])([H])[H],0
44,baseline,3,[H]N(C(=O)C([H])([H])[H])C([H])([H])C([H])([H])[H],0
44,baseline,4,[H]C1=C([H])C(C(=O)C([H])([H])C([H])([H])[H])=C([H])C([H])=C1Br,0
44,baseline,5,[H]OC([H])(C([H])([H])[H])C([H])([H])N([H])C([H])([H])C([H])([H])[H],0
44,baseline,6,[H]C1=NC2=C(C([H])=C([H])C([H])=C2[H])N1C([H])([H])C(=O)OC([H])([H])C([H])([H])[H],0
44,baseline,7,[H]OC([H])(C([H])([H])[H])C([H])([H])C(=O)N([H])[H],0
44,baseline,8,[H]ON([H])C(=O)C([H])([H])C([H])([H])C([H])([H])C([H])([H])C([H])([H])[H],0
44,baseline,9,[H]N(C(=O)C([H])([H])[H])C([H])(C(=O)OC([H])([H])C([H])([H])[H])C([H])([H])C1([H])C([H])([H])C1([H])[H],0
44,baseline,10,[H]N([H])C(=S)N([H])C([H])(C([H])([H])[H])C([H])([H])[H],0
44,baseline,11,[H]C1=C([H])C(OC([H])([H])C([H])([H])[H])=C([H])C(C(=O)N([H])[H])=C1[H],0
44,baseline,12,[H]N(C(=O)C(N([H])[H])(C([H])([H])[H])C([H])([H])[H])C([H])([H])C([H])([H])[H],0
44,baseline,13,[H]C1=NSC(C2=NN([H])C(SC([H])([H])C([H])([H])C([H])([H])[H])=N2)=C1[H],0
44,baseline,14,[H]OC(=O)C([H])([H])C([H])([H])C(=O)C([H])([H])[H],0
44,baseline,15,[H]N([H])C(=O)C([H])([H])C([H])([H])[H],0
44,baseline,16,[H]N([H])C(=O)C([H])([H])C([H])([H])[H],0
44,baseline,17,[H]C1=C([H])C([H])=C(N([H])C(=O)C([H])=C([H])C([H])([H])[H])C(C(=O)C([H])([H])[H])=C1[H],0
44,baseline,18,[H]OC([H])([H])C([H])([H])C([H])([H])OC([H])([H])[H],0
44,baseline,19,[H]C1=NN([H])C(=S)N1C(C([H])([H])[H])(C([H])([H])[H])C([H])([H])C([H])([H])[H],0
44,baseline,20,[H]N(C(=O)C([H])([H])[H])C(=S)N([H])C([H])([H])[H],0
44,baseline,21,[H]C1=NC(Cl)=C(C([H])([H])C([H])([H])[H])C(OC([H])([H])[H])=N1,0
44,baseline,22,[H]N([H])C(=S)N([H])C([H])([H])C([H])([H])[H],0
44,baseline,23,[H]OC(=O)C([H])(N([H])[H])C([H])([H])C([H])([H])C([H])([H])[H],0
44,baseline,24,[H]N([H])N([H])C(=O)C([H])([H])C([H])([H])C(=O)[O-],0
44,baseline,25,[H]OC(=O)C([H])([H])C([H])([H])N(C([H])([H])[H])C([H])([H])[H],0
44,baseline,26,[H]OC(=O)C([H])([H])[H],0
44,baseline,27,[H]N([H])C(=O)C1([H])N(S(=O)(=O)C([H])([H])C([H])([H])[H])C([H])([H])C([H])([H])C([H])([H])C1([H])[H],0
44,baseline,28,[H]OC(=O)C([H])([H])Cl,0
44,baseline,29,[H]N([H])C([H])([H])C([H])([H])N([H])[H],0
44,baseline,30,[H]N(C([H])([H])[H])C([H])([H])C([H])([H])C([H])([H])C([H])([H])[H],0
44,baseline,31,[H]OC([H])([H])C(=O)N([H])C([H])([H])C([H])([H])[H],0
44,baseline,32,[H]C1=C([H])C(OC([H])([H])C([H])([H])N([H])C(=O)C([H])([H])[H])=C([H])C([H])=C1Cl,0
44,baseline,33,[H]C1=C([H])C2=C(N=C1SC([H])([H])[H])SC(C(=O)OC([H])([H])[H])=C2[H],0
44,baseline,34,[H]ON=C(C([H])([H])[H])C([H])([H])[H],0
44,baseline,35,[H]N([H])C(=O)OC([H])([H])C(=O)OC([H])([H])[H],0
44,baseline,36,[H]C([H])=C([H])C([H])([H])C1=C([H])C([H])=C([H])C([H])=C1[H],0
44,baseline,37,[H]C1=C([H])C([H])=C(C2=C(Br)C(OC([H])([H])[H])=NN2C([H])([H])[H])O1,0
44,baseline,38,[H]C1=C([H])C([H])=C(C([H])(C([H])([H])C([H])([H])[H])[N+]([H])([H])[H])C([H])=C1[H],0
44,baseline,39,[H]N([H])C(=O)C([H])([H])C([H])([H])[H],0
44,baseline,40,[H]N(C(=O)C([H])([H])[H])C([H])([H])C([H])([H])[H],0
44,baseline,41,[H]C1=C(C([H])([H])[H])C([H])=C2C(=O)N=C(C([H])([H])[H])N(C([H])([H])C([H])([H])[H])C2=N1,0
44,baseline,42,[H]C1=C([H])C2=C(N=C(C([H])([H])C([H])([H])[H])N2[H])C(OC([H])([H])C([H])([H])[H])=C1[H],0
44,baseline,43,[H]OC(=O)C([H])([H])C([H])([H])C(=O)C([H])([H])[H],0
44,baseline,44,[H]OC([H])([H])C([H])([H])OC([H])([H])C([H])([H])C([H])([H])[H],0
44,baseline,45,[H]N([H])C(=S)N([H])C([H])([H])C([H])([H])C([H])(C([H])([H])[H])C([H])([H])[H],0
44,baseline,46,[H]OC(=O)C([H])([H])N([H])C(=O)N([H])C1=C([H])C([H])=C([H])C([H])=C1[H],0
44,baseline,47,[H]N([H])C([H])([H])C([H])(N(C([H])([H])[H])C([H])([H])[H])C([H])([H])C([H])([H])[H],0
44,baseline,48,[H]N(C(=O)C([H])([H])[H])C([H])(C([H])([H])[H])C(Cl)(Cl)Cl,0
44,baseline,49,[H]C1([H])C(=O)N2C([H])([H])C([H])([H])C([H])([H])C([H])([H])C2([H])C1([H])[H],0
44,baseline,50,[H]C1=C(C([H])([H])[H])N=C(SC([H])([H])C([H])([H])N([H])C(=O)C([H])([H])[H])N1C([H])([H])[H],0
44,baseline,51,[H]N=C([H])N([H])[H],0
44,baseline,52,[H]N(C(=O)C(Cl)(Cl)Cl)C([H])([H])C([H])([H])C([H])([H])[H],0
44,baseline,53,[H]C([H])(Cl)C([H])(Cl)Cl,0
44,baseline,54,[H]C1=C([H])C(C([H])([H])[H])=C([H])C([H])=C1N(C([H])([H])[H])C([H])([H])[H],0
44,baseline,55,[H]OC(=O)C([H])([H])Cl,0
44,baseline,56,[H]OC([H])([H])C([H])([H])C([H])([H])Cl,0
44,baseline,57,[H]OC([H])([H])C([H])([H])C([H])([H])[H],0
44,baseline,58,[H]C1=C([H])C([H])=C2OC([H])(C([H])([H])C([H])([H])[H])C(C([H])([H])[H])=NC2=C1[H],0
44,baseline,59,[H]C1=C([H])C(C([H])([H])N([H])C(=O)C([H])([H])[H])=C([H])C([H])=C1Br,0
44,baseline,60,[H]C([H])([H])C([H])([H])C([H])([H])C([H])([H])C([H])([H])[H],0
44,baseline,61,[H]N([H])C([H])([H])C([H])([H])C([H])([H])OC([H])([H])C([H])([H])[H],0
44,baseline,62,[H]N(C(=O)C([H])([H])Cl)N([H])C(=O)C([H])(C([H])([H])[H])C([H])([H])[H],0
44,baseline,63,[H]C([H])([H])SC([H])([H])C([H])([H])Cl,0
44,baseline,64,[H]C1=NC(Cl)=C2N=NN(C([H])([H])C([H])(C([H])([H])[H])C([H])([H])[H])C2=N1,0
44,baseline,65,[H]C1=C2SC([H])([H])C([H])([H])N([H])C2=NC(OC([H])([H])C([H])([H])[H])=N1,0
44,baseline,66,[H]C([H])(OC(=O)C([H])([H])C([H])([H])[N+]([H])([H])[H])C(=O)OC([H])([H])C([H])([H])[H],0
44,baseline,67,[H]OC([H])([H])C([H])([H])N([H])P(=O)(=O)C([H])([H])C([H])([H])[H],0
44,baseline,68,[H]OC(=O)C1(C([H])([H])[H])SS1,0
44,baseline,69,[H]C1=C([H])C(C([H])([H])[H])=C(C([H])([H])C([H])([H])C([H])([H])[H])C([H])=C1[H],0
44,baseline,70,[H]C1=C([H])C(S(=O)(=O)N([H])N([H])C(=O)C([H])([H])C(=O)OC([H])([H])[H])=C([H])C([H])=C1Cl,0
44,baseline,71,[H]OC(=O)C([H])([H])C([H])([H])C([H])([H])N([H])[H],0
44,baseline,72,[H]N([H])C(=O)C([H])([H])C([H])([H])[H],0
44,baseline,73,[H]C([H])=C([H])C([H])([H])SC(=S)N([H])C(=O)OC([H])([H])C([H])([H])[H],0
44,baseline,74,[H]N([H])C(=O)N([H])[H],0
44,baseline,75,[H]OC([H])([H])C([H])(O[H])C([H])([H])C([H])([H])[H],0
44,baseline,76,[H]C(=NN([H])C(=O)C([H])([H])C([H])([H])[H])C1=C([H])C([H])=C(C([H])([H])[H])C([H])=C1[H],0
44,baseline,77,[H]N(C([H])(C([H])([H])[H])C([H])([H])C([H])([H])[H])S(=O)(=O)C([H])([H])[H],0
44,baseline,78,[H]C1=C([H])C(C([H])([H])[H])=C([H])C([H])=C1N([H])C(=O)OC([H])([H])C([H])([H])[H],0
44,baseline,79,[H]C([H])([H])OC(=O)C1([H])C([H])([H])C([H])([H])C([H])([H])C([H])([H])C1([H])[H],0
44,baseline,80,[H]C([H])([H])N1C([H])([H])C([H])([H])C(=O)OC([H])(C([H])([H])[H])C1([H])[H],0
44,baseline,81,[H]C([H])([H])N(C([H])([H])[H])S(=O)(=O)C1=C(Cl)SN=C1Cl,0
44,baseline,82,[H]C([H])([H])C([H])(N1C([H])([H])C([H])([H])OC([H])([H])C1([H])[H])C([H])([H])[H],0
44,baseline,83,[H]N(C(=O)OC([H])([H])[H])C([H])([H])C([H])([H])[H],0
44,baseline,84,[H]N([H])C(=O)C([H])([H])ON=C(C([H])([H])[H])C([H])([H])[H],0
44,baseline,85,[H]OC(=O)C([H])([H])C([H])([H])C([H])([H])C(=O)OC([H])([H])C([H])([H])[H],0
44,baseline,86,[H]N([H])C(=S)N([H])C([H])([H])C(=O)C([H])([H])[H],0
44,baseline,87,[H]N([H])C([H])([H])C(=O)C([H])([H])[H],0
44,baseline,88,[H]C([H])([H])C1=C(C(=O)OC([H])([H])C([H])([H])[H])SC(=S)N1C([H])([H])[H],0
44,baseline,89,[H]N([H])C(=O)C([H])([H])C([H])([H])[H],0
44,baseline,90,[H]N([H])C(=O)N([H])C([H])([H])[H],0
44,baseline,91,[H]OC([H])([H])C([H])([H])C([H])([H])[H],0
44,baseline,92,[H]N([H])C([H])(C([H])([H])[H])C([H])([H])C([H])([H])[H],0
44,baseline,93,[H]C1=NN(C([H])([H])[H])C(C([H])([H])C([H])([H])C([H])([H])[H])=N1,0
44,baseline,94,[H]OC(=O)C1=C([H])C([H])=C(C([H])([H])C([H])([H])C([H])([H])[H])C([H])=C1[H],0
44,baseline,95,[H]N([H])C(=S)N([H])N([H])C(=O)C([H])([H])Cl,0
44,baseline,96,[H]C1=C([H])C(N([H])S(=O)(=O)C([H])([H])[H])=C([H])C([H])=C1Cl,0
44,baseline,97,[H]N1N=C(C([H])([H])C([H])(C([H])([H])[H])C([H])([H])C([H])([H])[H])N([H])C1=S,0
44,baseline,98,[H]C([H])([H])OC(=O)N1C([H])([H])SC([H])(C([H])([H])[H])C([H])([H])C1([H])[H],0
44,baseline,99,[H]N([H])C(=O)C([H])([H])C([H])([H])[H],0
44,baseline,100,[H]N(C(=O)N([H])C([H])([H])C([H])([H])N([H])C(=O)C([H])([H])[H])C([H])([H])[H],0
44,baseline,101,[H]OC(=O)C([H])([H])C([H])([H])SC1=NC([H])=C([H])C(=O)N1[H],0
44,baseline,102,[H]OC1=NC(Cl)=NC(N([H])C([H])([H])C([H])([H])[H])=N1,0
44,baseline,103,[H]N([H])N([H])N([H])[H],0
44,baseline,104,[H]N([H])OC(=O)C1([H])C([H])([H])N(C(=S)N([H])C([H])([H])C([H])([H])[H])C([H])([H])C([H])([H])C1([H])[H],0
44,baseline,105,[H]C1=C([H])C([H])=C(N([H])C(=O)OC([H])([H])[H])C(N([H])[H])=C1[H],0
44,baseline,106,[H]C1=C([H])C([H])=C([H])C(C([H])([H])C([H])([H])SC([H])([H])C([H])([H])[H])=N1,0
44,baseline,107,[H]OC(=O)C([H])([H])C([H])([H])C([H])([H])C([H])([H])C([H])([H])[H],0
44,baseline,108,[H]C([H])(OC(=O)C([H])([H])C([H])([H])[H])C(=O)OC([H])([H])C([H])([H])[H],0
44,baseline,109,[H]C1=C([H])C(F)=C([H])C(N([H])C(=O)C([H])([H])C([H])([H])C([H])([H])C([H])([H])[H])=C1[H],0
44,baseline,110,[H]C1=NC(=[S+]C([H])([H])[H])N(C([H])([H])C([H])([H])[H])C([H])=C1N([O-])[O-],0
44,baseline,111,[H]C([H])([H])C1(C([H])([H])[H])C([H])([H])C([H])([H])C([H])([H])C1([H])[H],0
44,baseline,112,[H]OC([H])([H])C([H])(O[H])C([H])(O[H])N([H])[H],0
44,baseline,113,[H]C([H])=C([H])C([H])([H])OC1=C([H])C([H])=C(Cl)C([H])=C1[H],0
44,baseline,114,[H]C1=C([H])C2=C(C([H])=C1[H])N([H])C(C(=O)C([H])([H])C([H])([H])C([H])([H])[H])=C2[H],0
44,baseline,115,[H]C1=C(C([H])([H])[H])SC(N([H])[H])=C1C(=O)C([H])([H])[H],0
44,baseline,116,[H]C1=C([H])C(N([H])C(=O)OC([H])([H])[H])=C([H])C([H])=C1Cl,0
44,baseline,117,[H]C1=NN2C(=NN(C(=O)C([H])([H])C([H])=C([H])[H])C2([H])[H])C([H])=C1[H],0
44,baseline,118,[H]OC1=C(C([H])([H])C([H])=C([H])[H])C([H])=C([H])C([H])=C1[H],0
44,baseline,119,[H]N([H])C([H])([H])C([H])([H])N(C([H])([H])[H])C([H])([H])[H],0
44,baseline,120,[H]C(=C(C([H])([H])[H])C([H])([H])[H])C([H])([H])C(=O)C([H])([H])[H],0
44,baseline,121,[H]C1=C(OC([H])([H])[H])C([H])=C(OC([H])([H])[H])C(C(=O)C([H])([H])C([H])([H])[H])=C1[H],0
44,baseline,122,[H]OC([H])([H])C([H])([H])N([H])C([H])([H])C([H])([H])C([H])([H])[H],0
44,baseline,123,[H]N(C([H])([H])C([H])([H])[H])C([H])([H])C([H])([H])C([H])([H])[H],0
44,baseline,124,[H]C1=C([H])C(C(=O)N([H])C2=C([H])C([H])=C(OC([H])([H])[H])C([H])=C2[H])=C([H])O1,0
44,baseline,125,[H]OC(=O)C([H])(OC([H])([H])[H])C([H])([H])[H],0
44,baseline,126,[H]N1C([H])([H])C([H])([H])[N+]([H])([H])C([H])(C([H])([H])[H])C1([H])[H],0
44,baseline,127,[H]C([H])([H])OC(=O)C1=C(C([H])([H])[H])OC(SC([H])([H])[H])=C1C([H])([H])[H],0
44,baseline,128,[H]N([H])C1=NN=C(N([H])[H])N1[H],0
44,baseline,129,[H]N([H])C([H])(C([H])([H])[H])C([H])([H])C([H])([H])[H],0
44,baseline,130,[H]OC(=O)C([H])([H])C(=O)N([H])[H],0
44,baseline,131,[H]C([H])=C([H])C([H])([H])N1C(=S)N([H])N=C1C([H])([H])[H],0
44,baseline,132,[H]OC(=O)N([H])C1=C([H])C([H])=C([H])C([H])=C1OC([H])([H])C([H])([H])[H],0
44,baseline,133,[H]N([H])C([H])(C([H])([H])[H])C([H])([H])C([H])([H])[H],0
44,baseline,134,[H]N1N=C(N([H])C([H])([H])C([H])([H])[H])N([H])C1=S,0
44,baseline,135,[H]C1=C([H])C([H])=C(C2=NN([H])C(C([H])(C([H])([H])[H])C([H])([H])[H])=N2)C([H])=C1[H],0
44,baseline,136,[H]C1=C2C(=O)C([H])([H])C([H])([H])C([H])(C([H])([H])[H])N2C(SC([H])([H])C([H])([H])[H])=N1,0
44,baseline,137,[H]C1=C([H])C([H])=C([H])C(OC([H])([H])C([H])([H])OC(=O)C([H])([H])[H])=N1,0
44,baseline,138,[H]N([H])C(=O)C([H])(C([H])([H])[H])C([H])(N([H])[H])C([H])([H])[H],0
44,baseline,139,[H]C1=C([H])C([H])=C(N([H])C(=O)C([H])([H])[H])C(OC([H])([H])[H])=C1[H],0
44,baseline,140,[H]OC(=O)C([H])([H])Cl,0
44,baseline,141,[H]OC(=O)C([H])(S[H])C([H])([H])C([H])([H])[H],0
44,baseline,142,[H]OC(=O)C([H])([H])[H],0
44,baseline,143,[H]C1=C([H])C(OC([H])([H])C([H])(C([H])([H])[H])C([H])([H])[H])=C([H])C(N([H])[H])=C1[H],0
44,baseline,144,[H]N([H])C(=S)N([H])C([H])([H])C([H])(C([H])([H])[H])C([H])([H])[H],0
44,baseline,145,[H]C([H])([H])N1C([H])([H])C([H])([H])C([H])([H])[N+]([H])(C([H])([H])[H])C([H])([H])C1([H])[H],0
44,baseline,146,[H]C1=NN(C(=O)C([H])([H])[H])C([H])=C1SC([H])([H])C(=O)N([H])C(=O)C([H])([H])[H],0
44,baseline,147,[H]C1=C([H])C([H])=C([H])C(N([H])C(=O)C([H])([H])OC(=O)C([H])([H])C([H])([H])[H])=N1,0
44,baseline,148,[H]OC(=O)C([H])([H])C(N([H])[H])(C([H])([H])[H])C([H])([H])[H],0
44,baseline,149,[H]OC(=O)C([H])([H])Cl,0
44,baseline,150,[H]N([H])C([H])([H])C([H])([H])C([H])(N([H])[H])C([H])([H])[H],0
44,baseline,151,[H]C1=C([H])C([H])=C(N2C(=O)C(C([H])([H])[H])(C([H])([H])[H])SC2=S)C([H])=C1[H],0
44,baseline,152,[H]C([H])([H])OC([H])([H])C([H])([H])[N+]([H])([H])[H],0
44,baseline,153,[H]N([H])C(=O)C([H])([H])C([H])([H])[H],0
44,baseline,154,[H]C1=NN=C(C([H])(C([H])([H])[H])C([H])([H])[H])S1,0
44,baseline,155,[H]C1=C(N(C([H])([H])[H])C([H])([H])[H])OC(C([H])([H])[H])=C1[H],0
44,baseline,156,[H]N(C(=S)N([H])C([H])([H])C([H])([H])N([H])C(=O)C([H])([H])[H])C([H])([H])[H],0
44,baseline,157,[H]N([H])C(=O)C([H])([H])C([H])([H])[H],0
44,baseline,158,[H]N([H])C(=S)N([H])C([H])([H])C([H])([H])[H],0
44,baseline,159,[H]N(C(=O)C([H])([H])[H])C(=S)N([H])C([H])([H])C([H])([H])N(C([H])([H])[H])C([H])([H])[H],0
44,baseline,160,[H]C1=C([H])C2=C(C(=O)N([H])C(=S)O2)C([H])=C1OC([H])([H])C([H])([H])C([H])([H])[H],0
44,baseline,161,[H]N1N=NN=C1C([H])([H])C([H])(N([H])C([H])([H])C([H])([H])OC([H])([H])[H])C([H])([H])[H],0
44,baseline,162,[H]OC(=O)C([H])([H])C([H])([H])C(C([H])([H])[H])(C([H])([H])[H])C([H])([H])[H],0
44,baseline,163,[H]C1=NC2=C(C([H])=C([H])C([H])=C2[H])N1C([H])([H])C([H])([H])C([H])([H])[H],0
44,baseline,164,[H]C(=O)N([H])N([H])[H],0
44,baseline,165,[H]C([H])([H])C1=NSC(SC([H])([H])C([H])([H])C([H])([H])C([H])([H])[H])=N1,0
44,baseline,166,[H]N1C(=O)N(C([H])([H])[H])C(=O)C([H])([H])C1(C([H])([H])[H])C([H])([H])[H],0
44,baseline,167,[H]C1=C([H])C([H])=C(C([H])([H])C([H])([H])C#N)C(OC([H])([H])[H])=C1[H],0
44,baseline,168,[H]C1=C([H])C([H])=C(C(=O)N([H])C([H])([H])C([H])([H])C([H])([H])C([H])([H])[H])S1,0
44,baseline,169,[H]C1=C([H])C([H])=C(OC([H])([H])C(=O)OC([H])([H])[H])C(Cl)=C1[H],0
44,baseline,170,[H]OC([H])([H])C([H])([H])C([H])(N([H])C([H])([H])[H])C([H])([H])[H],0
44,baseline,171,[H]C1=C([H])C(N([H])[H])=C([H])C([H])=C1OC(=O)C([H])([H])C([H])([H])[H],0
44,baseline,172,[H]C1=C(C([H])([H])C([H])([H])C([H])([H])[H])N([H])C(=S)N([H])C1=O,0
44,baseline,173,[H]N(C(=O)C([H])([H])SC([H])([H])C([H])([H])[H])C([H])([H])[H],0
44,baseline,174,[H]C([H])([H])C1([H])SC([H])([H])C([H])([H])C([H])([H])C1([H])[H],0
44,baseline,175,[H]C([H])([H])C1([H])C([H])([H])C([H])([H])C(C([H])([H])[H])(C([H])([H])[H])[N+]1([H])[H],0
44,baseline,176,[H]C([H])([H])C([H])([H])C(=O)N1C([H])([H])C([H])([H])C([H])([H])C([H])([H])C([H])([H])C1([H])[H],0
44,baseline,177,[H]N1N=C(C([H])([H])[H])N([H])C1=S,0
44,baseline,178,[H]OC(=O)C([H])(S[H])C([H])([H])[H],0
44,baseline,179,[H]OC(=O)C(=O)C([H])(C([H])([H])[H])C([H])([H])[H],0
44,baseline,180,[H]C1=C([H])C([H])=C(N([H])[H])C(C([H])([H])N(C([H])([H])[H])C([H])([H])[H])=N1,0
44,baseline,181,[H]N([H])C(=O)C([H])([H])C([H])([H])[H],0
44,baseline,182,[H]N([H])C(=S)N([H])C(=O)N([H])C([H])([H])C([H])(C([H])([H])[H])C([H])([H])[H],0
44,baseline,183,[H]C([H])([H])OC(=O)C([H])([H])SC1=NN=C(C([H])([H])[H])S1,0
44,baseline,184,[H]C1=C([H])C([H])=C(C([H])([H])N([H])C(=O)C([H])([H])[H])C(Cl)=C1[H],0
44,baseline,185,[H]N(C(=S)SC([H])([H])C([H])([H])[H])C([H])([H])C([H])([H])[H],0
44,baseline,186,[H]C1=C([H])SC(N([H])C([H])([H])C([H])([H])[H])=N1,0
44,baseline,187,[H]N([H])C([H])(C([H])([H])[H])C([H])([H])C([H])([H])[H],0
44,baseline,188,[H]N([H])C(=O)N([H])[H],0
44,baseline,189,[H]O[N+]([H])([H])C([H])(C([H])([H])[H])C([H])([H])C(=O)C([H])([H])[H],0
44,baseline,190,[H]C([H])=C(C(=O)N([H])C1=NC(=[S+]C([H])([H])[H])SC1=C([O-])N([H])[H])C([H])([H])[H],0
44,baseline,191,[H]N(C(=O)C([H])([H])C([H])(C([H])([H])[H])C([H])([H])[H])C([H])(C([H])([H])[H])C([H])([H])[H],0
44,baseline,192,[H]C(=NN([H])S(=O)(=O)C1=C([H])C([H])=C([H])S1)C(=O)C([H])([H])[H],0
44,baseline,193,[H]C1=C(C#N)N=C(SC([H])([H])C([H])(C([H])([H])[H])C([H])([H])[H])N1[H],0
44,baseline,194,[H]OC([H])([H])C([H])(C([H])([H])O[H])C([H])([H])C([H])([H])[H],0
44,baseline,195,[H]C1=NN(C([H])([H])C([H])(C([H])([H])[H])C([H])([H])[H])C([H])=N1,0
44,baseline,196,[H]OC(=O)N([H])C([H])(C([H])([H])[H])C([H])([H])[H],0
44,baseline,197,[H]N([H])C(=S)N([H])C([H])([H])C([H])([H])C([H])([H])C([H])([H])[H],0
44,baseline,198,[H]OC(=O)C1([H])C([H])([H])C([H])([H])C([H])(C([H])([H])C([H])([H])[H])C([H])(O[H])C1([H])[H],0
44,baseline,199,[H]OC(=O)C([H])([H])SC([H])([H])[H],0
44,baseline,200,[H]N1C([H])([H])C([H])([H])C([H])(C([H])([H])[H])C([H])([H])C1([H])[H],0
44,baseline,201,[H]N(C(=O)C([H])([H])[H])C([H])([H])[H],0
44,baseline,202,[H]N(C(=S)N1C([H])([H])C([H])([H])SC1([H])C([H])([H])[H])C([H])(C([H])([H])[H])C([H])([H])[H],0
44,baseline,203,[H]N1N=NN=C1SC([H])([H])C([H])(C([H])([H])[H])C([H])([H])[H],0
44,baseline,204,[H]C1=C(C([H])([H])C([H])([H])C([H])([H])C([H])([H])C([H])([H])[H])N([H])C(=S)S1,0
44,baseline,205,[H]N(C([H])([H])C([H])([H])[H])C([H])([H])C([H])([H])[H],0
44,baseline,206,[H]C([H])([H])OC([H])([H])C([H])([H])C([H])([H])C([H])([H])[H],0
44,baseline,207,[H]OC([H])([H])C([H])([H])C([H])([H])[H],0
44,baseline,208,[H]C1=C(C(=O)OC([H])([H])C([H])([H])[H])C2=C(S1)C([H])=C([H])C([H])=C2[H],0
44,baseline,209,[H]OC(=O)C([H])([H])Cl,0
44,baseline,210,[H]C([H])([H])C([H])([H])OC(=O)C1([H])C([H])([H])C([H])([H])C([H])([H])C1([H])[H],0
44,baseline,211,[H]N(C(=O)C([H])([H])C([H])([H])[H])C([H])([H])C([H])([H])[H],0
44,baseline,212,[H]C([H])(Cl)C1(Cl)SS1,0
44,baseline,213,[H]C1=C([H])C([H])=C(N([H])C2=NC(N([H])C(=O)OC([H])([H])C([H])([H])[H])=NS2)C([H])=C1[H],0
44,baseline,214,[H]C([H])([H])C([H])([H])OC(=O)C([H])([H])C([H])([H])C([H])([H])C([H])([H])[H],0
44,baseline,215,[H]N([H])C([H])([H])C([H])([H])N([H])C([H])([H])C([H])([H])[H],0
44,baseline,216,[H]C1=NC(SC([H])([H])C([H])([H])[H])=NN=C1C([H])([H])[H],0
44,baseline,217,[H]N([H])C(=O)C([H])([H])C([H])([H])[H],0
44,baseline,218,[H]C1=NC([H])=C(Br)C([H])=C1C(=O)N([H])C([H])(C([H])([H])[H])C([H])([H])C([H])([H])[H],0
44,baseline,219,[H]C1=C([H])C(N([H])C(=O)OC([H])([H])[H])=C([H])C([H])=C1Cl,0
44,baseline,220,[H]C(=S)N([H])C([H])([H])C([H])([H])C([H])([H])[H],0
44,baseline,221,[H]OC([H])([H])C([H])([H])N([H])C(=S)N([H])C(=O)C(C([H])([H])[H])(C([H])([H])[H])C([H])([H])[H],0
44,baseline,222,[H]N(C(=O)C([H])([H])[H])C([H])([H])C(=O)OC([H])([H])[H],0
44,baseline,223,[H]C1=C(C(=O)OC([H])([H])C([H])([H])[H])C([H])([H])C([H])([H])C([H])([H])C1=O,0
44,baseline,224,[H]N(C(=O)C([H])([H])[H])C(=S)N([H])C([H])([H])[H],0
44,baseline,225,[H]N1C([H])([H])C([H])([H])C(C([H])([H])[H])([N+]([H])([H])[H])C([H])([H])C1([H])[H],0
44,baseline,226,[H]N([H])C(=O)C([H])([H])C([H])([H])[H],0
44,baseline,227,[H]N([H])N([H])C(=S)N([H])C([H])([H])C([H])([H])[H],0
44,baseline,228,[H]N([H])C([H])(C([H])([H])C([H])([H])[H])C([H])([H])C([H])([H])[H],0
44,baseline,229,[H]OC(=O)C(N([H])[H])(C([H])([H])[H])C([H])([H])[H],0
44,baseline,230,[H]C1=C(Cl)C([H])=C([H])C(N([H])C(=O)C([H])([H])[H])=N1,0
44,baseline,231,[H]N([H])C([H])([H])C([H])([H])C([H])([H])C([H])([H])[H],0
44,baseline,232,[H]C(=O)C([H])([H])OC1=C([H])C([H])=C(N([H])[H])C([H])=C1[H],0
44,baseline,233,[H]N(C(=O)C([H])([H])C(Cl)(Cl)Cl)C(C([H])([H])[H])(C([H])([H])[H])C([H])([H])[H],0
44,baseline,234,[H]N([H])C(C([H])([H])[H])(C([H])([H])[H])C([H])([H])[H],0
44,baseline,235,[H]ON=C(SC([H])([H])[H])C([H])([H])OC(=O)C([H])([H])[H],0
44,baseline,236,[H]C([H])([H])C1=NSC(=NC(=O)C([H])([H])C([H])([H])[H])S1,0
44,baseline,237,[H]C1=C([H])C(C(=O)OC([H])([H])[H])=C([H])C([H])=C1Cl,0
44,baseline,238,[H]N([H])C(=O)N([H])[H],0
44,baseline,239,[H]C([H])([H])C1(C([H])([H])[H])OC(=O)C(C([H])([H])[H])(C([H])([H])[H])C([H])([H])C1([H])[H],0
44,baseline,240,[H]N([H])C([H])([H])C([H])([H])C([H])([H])C([H])([H])[H],0
44,baseline,241,[H]C1=NC(N([H])C([H])([H])[H])=NN1C([H])([H])C([H])([H])C([H])([H])C([H])([H])[H],0
44,baseline,242,[H]C([H])([H])C([H])([H])C([H])([H])C([H])([H])C([H])([H])[H],0
44,baseline,243,[H]C1=C([H])C(C([H])([H])[H])=C(C(=O)N([H])[H])C([H])=C1OC([H])([H])[H],0
44,baseline,244,[H]OC(=O)C([H])([H])C([H])(C([H])([H])[H])C([H])([H])C([H])([H])C([H])([H])[H],0
44,baseline,245,[H]C([H])([H])N1C([H])([H])C([H])([H])[N+]([H])(C([H])(C([H])([H])[H])C([H])([H])[H])C([H])([H])C1([H])[H],0
44,baseline,246,[H]N(C(=O)C([H])([H])[H])C1=NN=C(C([H])([H])C([H])([H])C([H])([H])[H])S1,0
44,baseline,247,[H]C([H])([H])OC(=O)C(C([H])([H])[H])(C([H])([H])[H])C([H])([H])N1C(=O)C([H])([H])C([H])([H])C1=O,0
44,baseline,248,[H]N([H])C(=O)OC([H])([H])[H],0
44,baseline,249,[H]C([H])=C([H])N([H])C([H])([H])[H],0
44,baseline,250,[H]N([H])N([H])C(=S)N([H])C([H])([H])C([H])([H])C([H])([H])[H],0
44,baseline,251,[H]C1=NC([H])=C([H])C2=C1C(C([H])([H])[H])(C([H])([H])[H])C([H])([H])C2([H])[H],0
44,baseline,252,[H]OC(=O)C([H])(S[H])C([H])([H])[H],0
44,baseline,253,[H]OC(=O)C1=C([H])C(OC([H])([H])C([H])([H])[H])=C([H])C([H])=C1[H],0
44,baseline,254,[H]C([H])([H])N(C(=O)C([H])([H])N1C(=O)C([H])([H])C([H])([H])C1=O)C([H])([H])[H],0
44,baseline,255,[H]N(N1C(=O)N([H])C(C([H])([H])[H])(C([H])([H])[H])C1=O)C([H])([H])[H],0
44,baseline,256,[H]N1N=C(C([H])([H])OC([H])([H])C([H])([H])[H])N([H])C1=S,0
44,baseline,257,[H]N([H])C([H])(N([H])[H])C([H])([H])[H],0
44,baseline,258,[H]C([H])([H])C([H])([H])C([H])([H])C([H])([H])[H],0
44,baseline,259,[H]C([H])([H])N(C(=O)C([H])([H])N1C([H])([H])C([H])([H])C([H])([H])C([H])([H])C1([H])[H])C([H])([H])[H],0
44,baseline,260,[H]C1=C([H])C2=C(C([H])=C1[H])N(C([H])([H])C(=O)OC([H])([H])C([H])([H])[H])C(=O)C2=O,0
44,baseline,261,[H]N(C(=O)C(Cl)(Cl)Cl)C([H])([H])C([H])(C([H])([H])[H])C([H])([H])[H],0
44,baseline,262,[H]N([H])N([H])C(=O)C([H])([H])C([H])([H])[H],0
44,baseline,263,[H]C([H])([H])C([H])(Cl)C(=O)OC([H])([H])C([H])([H])C([H])([H])[H],0
44,baseline,264,[H]C1=NC(N([H])C([H])([H])C([H])([H])C([H])([H])C([H])([H])[H])=NC([H])=C1[H],0
44,baseline,265,[H]C1=C([H])C([H])=C(C([H])([H])C(=O)OC([H])([H])[H])S1,0
44,baseline,266,[H]C1=C([H])C(C([H])([H])C([H])([H])[H])=C([H])C(N([H])C(=O)C([H])([H])[H])=C1[H],0
44,baseline,267,[H]N([H])C([H])(C([H])([H])[H])C([H])([H])C([H])([H])[H],0
44,baseline,268,[H]N(C(=S)SC([H])([H])C([H])([H])[H])C([H])([H])[H],0
44,baseline,269,[H]N([H])C(=O)C([H])([H])N([H])[H],0
44,baseline,270,[H]C1=NC(C(=O)OC([H])([H])C([H])([H])[H])=C(N([H])C([H])([H])C([H])([H])C([H])([H])[H])S1,0
44,baseline,271,[H]N([H])C(=O)C([H])([H])C([H])([H])C([H])([H])C([H])([H])C([H])([H])[H],0
44,baseline,272,[H]N([H])C(=O)C([H])([H])C([H])([H])[H],0
44,baseline,273,[H]N([H])C(=NOC([H])([H])[H])C1=NN=C(SC([H])([H])C([H])([H])[H])O1,0
44,baseline,274,[H]C1=C([H])C(C([H])([H])[H])=C([H])C([H])=C1OC([H])([H])C(=O)OC([H])([H])[H],0
44,baseline,275,[H]C(=C(C(=O)C([H])([H])[H])C([H])([H])[H])N([H])[H],0
44,baseline,276,[H]N([H])C([H])(C([H])([H])[H])C([H])([H])C([H])([H])[H],0
44,baseline,277,[H]OC(=O)C([H])(C(=O)C([H])([H])[H])C([H])([H])[H],0
44,baseline,278,[H]C1=C(C([H])([H])C([H])([H])[H])N=C(N([H])C(=O)OC([H])([H])[H])S1,0
44,baseline,279,[H]N([H])C([H])([H])C([H])([H])C1=NN=C(C([H])([H])C([H])(C([H])([H])[H])C([H])([H])[H])O1,0
44,baseline,280,[H]C1=C([H])C([H])=C(N([H])C([H])([H])C([H])([H])C([H])([H])[H])C([H])=C1[H],0
44,baseline,281,[H]OC([H])([H])C([H])(SC([H])([H])C([H])([H])[H])C(=O)N([H])[H],0
44,baseline,282,[H]C([H])([H])C([H])([H])OC(=O)C1([H])C([H])([H])C([H])([H])C([H])([H])C([H])([H])C1([H])[H],0
44,baseline,283,[H]OC(=O)C([H])([H])OC([H])([H])[H],0
44,baseline,284,[H]C1=C(N(C([H])([H])C([H])([H])[H])C([H])([H])C([H])([H])[H])C(=O)OC1([H])[H],0
44,baseline,285,[H]OC(=O)OC([H])(O[H])C([H])([H])C([H])([H])[H],0
44,baseline,286,[H]C([H])([H])C(=O)C([H])([H])C([H])([H])C([H])([H])[H],0
44,baseline,287,[H]OC([H])(C([H])([H])[H])C([H])([H])[H],0
44,baseline,288,[H]C1=C(C([H])([H])[H])N([H])N=C(C([H])([H])[H])C1=O,0
44,baseline,289,[H]C1=NC(Cl)=C(Cl)C([H])=C1C(=O)OC([H])([H])C([H])([H])[H],0
44,baseline,290,[H]N1C(=O)N([H])C2=C1C([H])([H])C([H])([H])C([H])([H])C2([H])[H],0
44,baseline,291,[H]OC(=O)C([H])(N([H])C(=O)C([H])([H])[H])C([H])([H])C([H])([H])C([H])([H])[H],0
44,baseline,292,[H]C([H])=C([H])C([H])([H])N1C(=O)N([H])C(=O)N(C([H])([H])[H])C1=O,0
44,baseline,293,[H]C1=C([H])C([H])=C(C(=O)N([H])C(=S)N([H])C([H])([H])C([H])([H])[H])S1,0
44,baseline,294,[H]C([H])([H])OC(=O)C(C([H])([H])[H])(C([H])([H])[H])C([H])([H])[H],0
44,baseline,295,[H]C1=C([H])C(=O)N([H])C(SC([H])([H])C(=O)C([H])([H])[H])=N1,0
44,baseline,296,[H]N([H])OC(=O)C([H])([H])SC1=NC([H])([H])C([H])([H])S1,0
44,baseline,297,[H]N(C(=O)C(Cl)(Cl)C([H])([H])[H])C([H])([H])C([H])(C([H])([H])[H])C([H])([H])[H],0
44,baseline,298,[H]OC([H])([H])C([H])(O[H])C([H])([H])C([H])(O[H])C([H])([H])[H],0
44,baseline,299,[H]C1=C([H])C([H])=C(N([H])C([H])([H])C([H])(C([H])([H])[H])C([H])([H])[H])C(N([H])[H])=C1[H],0
44,baseline,300,[H]C1=C([H])C(C(=O)C([H])([H])[H])=C([H])C([H])=C1OC([H])([H])C([H])([H])[H],0
44,baseline,301,[H]OC([H])([H])C(N([H])[H])(C([H])([H])[H])C([H])([H])C([H])([H])[H],0
44,baseline,302,[H]C1=C([H])C(C(=O)OC([H])(C([H])([H])[H])C([H])([H])[H])=C(C([H])([H])[H])O1,0
44,baseline,303,[H]OC(=O)C([H])([H])Cl,0
44,baseline,304,[H]N([H])C(=O)C([H])([H])C([H])([H])C([H])([H])[H],0
44,baseline,305,[H]C1=C(Br)OC(C(=O)OC([H])([H])C([H])([H])[H])=C1[H],0
44,baseline,306,[H]N1C([H])([H])C([H])([H])N(C(=O)C([H])(C([H])([H])[H])C([H])([H])[H])C([H])([H])C1([H])[H],0
44,baseline,307,[H]OC(=O)C([H])(N([H])C1=C([H])C([H])=C(Cl)C([H])=C1Cl)C([H])([H])[H],0
44,baseline,308,[H]N([H])OC(=O)C([H])(C([H])([H])[H])C([H])([H])[H],0
44,baseline,309,[H]C(=NN1C(SC([H])([H])C([H])([H])[H])=NC([H])=C1[H])C1=C([H])C([H])=C([H])S1,0
44,baseline,310,[H]N(C([H])([H])C([H])([H])[H])C([H])([H])C([H])([H])[H],0
44,baseline,311,[H]C([H])([H])C([H])([H])C([H])([H])[N+]([H])([H])C([H])(C([H])([H])[H])C([H])([H])[H],0
44,baseline,312,[H]N([H])C1=NC(C([H])([H])C([H])([H])C([H])([H])C([H])([H])[H])=NN1[H],0
44,baseline,313,[H]ON([H])C(=O)C([H])([H])C([H])([H])C([H])(C([H])([H])[H])C([H])([H])[H],0
44,baseline,314,[H]N([H])N([H])C(=O)OC([H])([H])[H],0
44,baseline,315,[H]C1=C([H])C([H])=C(OC([H])([H])[H])C(OC([H])([H])[H])=N1,0
44,baseline,316,[H]C1=NC(S(=O)(=O)C([H])([H])C([H])([H])[H])=C([H])C([H])=C1[H],0
44,baseline,317,[H]C#CC([H])([H])N1C([H])=NC([H])=C1C([H])([H])[H],0
44,baseline,318,[H]N([H])C([H])([H])C([H])([H])C([H])([H])C([H])([H])C([H])([H])[H],0
44,baseline,319,[H]C1=C([H])C([H])=C(C(=O)OC([H])([H])C([H])([H])C([H])([H])[H])C([H])=C1[H],0
44,baseline,320,[H]N(C(=O)C([H])([H])C([H])([H])C([H])([H])[H])C(=S)OC([H])([H])[H],0
44,baseline,321,[H]OC(=O)C([H])([H])C([H])([H])[H],0
44,baseline,322,[H]C([H])=C(C([H])([H])[H])C([H])([H])C([H])(C(=O)N([H])[H])C([H])([H])[H],0
44,baseline,323,[H]OC([H])([H])C([H])([H])C([H])([H])C([H])([H])[H],0
44,baseline,324,[H]C1=C(Cl)SC(N([H])C(=O)OC([H])([H])[H])=N1,0
44,baseline,325,[H]C1=C([H])C2=C(C([H])=C1[H])N(C([H])([H])[H])C(C([H])([H])C([H])([H])OC([H])([H])[H])=N2,0
44,baseline,326,[H]N(C([H])([H])[H])C([H])([H])C([H])([H])C([H])([H])[N+]([H])([H])[H],0
44,baseline,327,[H]N([H])C(=O)SC([H])([H])C(=O)OC([H])([H])[H],0
44,baseline,328,[H]C1=C([H])C([H])=C(C([H])([H])C([H])([H])C([H])([H])[H])C(OC(=O)C([H])([H])[H])=C1[H],0
44,baseline,329,[H]C1=C(C([H])([H])[H])ON=C1C(=O)C([H])([H])[H],0
44,baseline,330,[H]N1C([H])([H])C([H])(OC([H])([H])[H])C([H])([H])C([H])(C([H])([H])[H])C1([H])[H],0
44,baseline,331,[H]C([H])([H])C(=O)C([H])([H])C([H])([H])C([H])([H])C([H])([H])[H],0
44,baseline,332,[H]C1=C([H])C([H])=C(C(=O)N([H])C(=O)C([H])([H])C([H])([H])C([H])([H])[H])C([H])=C1[H],0
44,baseline,333,[H]C1=C(C2=C([H])C([H])=C([H])C([H])=C2[H])N=C(N([H])C(=O)OC([H])([H])[H])S1,0
44,baseline,334,[H]N(C([H])([H])C([H])([H])[H])C([H])([H])C([H])([H])[H],0
44,baseline,335,[H]C([H])=C([H])C([H])([H])N1C(C([H])([H])C([H])([H])[H])=NC2=C1C([H])=C([H])C([H])=C2[H],0
44,baseline,336,[H]OC(=O)C([H])([H])SC([H])([H])C([H])([H])[H],0
44,baseline,337,[H]C1=C2C(=O)C([H])([H])C([H])([H])C2=C([H])C([H])=C1C([H])([H])C([H])([H])[H],0
44,baseline,338,[H]C1=NC([H])=C([H])N=C1C([H])=C([H])C(=O)OC([H])([H])[H],0
44,baseline,339,[H]N(C(=O)C([H])([H])[H])C([H])([H])C([H])([H])C([H])([H])[H],0
44,baseline,340,[H]N([H])C(=O)C([H])([H])C([H])([H])[H],0
44,baseline,341,[H]C1=C([H])C(C([H])([H])[H])=C([H])C([H])=C1N(C([H])([H])[H])C([H])([H])[H],0
44,baseline,342,[H]C1=C([H])C([H])=C2C(=C1[H])N=NN2C([H])([H])C(=O)N([H])C([H])([H])[H],0
44,baseline,343,[H]N([H])C(=O)C([H])([H])C([H])([H])[H],0
44,baseline,344,[H]C1=C(C([H])([H])[H])C([H])([H])C([H])(C([H])([H])[H])N([H])C1=O,0
44,baseline,345,[H]N([H])C(=O)C([H])([H])C([H])([H])[H],0
44,baseline,346,[H]N(C(=O)C([H])([H])[H])C([H])([H])C([H])([H])[H],0
44,baseline,347,[H]OC([H])([H])C([H])([H])C([H])([H])[H],0
44,baseline,348,[H]C(=O)C([H])([H])C([H])([H])N([H])[H],0
44,baseline,349,[H]OC(=O)N([H])C([H])([H])C([H])([H])C([H])([H])[H],0
44,baseline,350,[H]N([H])C([H])([H])C([H])([H])N([H])[H],0
44,baseline,351,[H]C1=C(C([H])([H])[H])N(C([H])([H])C([H])([H])[H])C([H])=C1C(=O)C([H])([H])[H],0
44,baseline,352,[H]OC(=O)C([H])(C([H])([H])[H])C([H])([H])[H],0
44,baseline,353,[H]C([H])=C([H])C([H])([H])SC(=S)N([H])N([H])[H],0
44,baseline,354,[H]C1=C([H])N(C([H])([H])[H])C([H])=C1S(=O)(=O)OC([H])([H])[H],0
44,baseline,355,[H]C([H])([H])OC(=O)C1([H])C([H])([H])C([H])([H])C(=O)C([H])(C([H])([H])[H])C1([H])[H],0
44,baseline,356,[H]C1=C(OC([H])([H])[H])C([H])=C(C(=O)OC([H])([H])[H])C([H])=C1OC([H])([H])[H],0
44,baseline,357,[H]N([H])C([H])([H])[H],0
44,baseline,358,[H]C1=C([H])N(C([H])([H])C([H])([H])[H])C(C(=O)C([H])([H])[H])=C1[H],0
44,baseline,359,[H]C1=C([H])C(S(=O)(=O)N([H])C([H])(C([H])([H])[H])C([H])([H])[H])=C([H])C([H])=C1Br,0
44,baseline,360,[H]C1=C([H])N(C([H])([H])C([H])([H])[H])N=C1C([H])([H])[H],0
44,baseline,361,[H]N([H])C(=O)N([H])[H],0
44,baseline,362,[H]C([H])([H])OC(=O)C([H])([H])C([H])(C([H])([H])[H])C([H])([H])[H],0
44,baseline,363,[H]N(C([H])([H])C([H])([H])[H])C([H])([H])C([H])([H])[H],0
44,baseline,364,[H]C1=C([H])C(C2=NN([H])C(=S)O2)=C([H])C([H])=C1OC([H])([H])[H],0
44,baseline,365,[H]N([H])C(=O)C([H])([H])C([H])([H])C(=O)C([H])([H])C([H])([H])[H],0
44,baseline,366,[H]OC([H])([H])C([H])(C([H])([H])[H])C([H])([H])O[H],0
44,baseline,367,[H]C1=C(OC([H])([H])[H])C([H])=C(OC([H])([H])C([H])([H])[H])C(OC([H])([H])[H])=C1OC([H])([H])[H],0
44,baseline,368,[H]N(C([H])([H])[H])C([H])([H])C(=O)OC([H])([H])[H],0
44,baseline,369,[H]C([H])([H])C([H])([H])C([H])([H])C([H])([H])N1C(=O)OC(C([H])([H])[H])(C([H])([H])[H])C1=O,0
44,baseline,370,[H]C1=C([H])C2=C(C([H])=C1[H])C1(OC(=O)C([H])([H])N1C(=O)C([H])([H])[H])SC2([H])[H],0
44,baseline,371,[H]C1=NC2=C(C([H])=C1[H])C1=C(N=C(C([H])([H])C([H])([H])[H])C(C([H])([H])[H])=C1[H])S2,0
44,baseline,372,[H]C1=C(Cl)C([H])=C(C([H])([H])[H])C(N([H])C(=O)N([H])C([H])([H])[H])=C1[H],0
44,baseline,373,[H]C1=NC([H])=C([H])C([H])=C1C([H])([H])OC(=O)C([H])([H])[H],0
44,baseline,374,[H]N([H])C([H])([H])C([H])(N([H])[H])C([H])([H])[H],0
44,baseline,375,[H]N([H])C(=O)N([H])[H],0
44,baseline,376,[H]N([H])C(=O)N([H])[H],0
44,baseline,377,[H]ON=C([H])N([H])[H],0
44,baseline,378,[H]OC([H])([H])N(C#N)C([H])([H])[H],0
44,baseline,379,[H]C([H])([H])C1=NC(C([H])([H])C([H])([H])C([H])([H])[H])=NO1,0
44,baseline,380,[H]OC(=O)C([H])([H])C([H])([H])C([H])([H])O[H],0
44,baseline,381,[H]C1=C([H])N2N=C(C([H])([H])C([H])([H])C([H])([H])[H])SC2=N1,0
44,baseline,382,[H]C1=C([H])C([H])=C2C(=C1[H])N([H])C(=NC(=O)OC([H])([H])C([H])([H])[H])SC2([H])[H],0
44,baseline,383,[H]N(C(=O)C([H])([H])C([H])([H])[H])C1=NN=C(C([H])([H])[H])S1,0
44,baseline,384,[H]C([H])([H])C([H])([H])OC(=O)C1([H])C([H])([H])C([H])([H])C([H])([H])C([H])([H])C1([H])[H],0
44,baseline,385,[H]N([H])C(=O)C([H])(C([H])([H])[H])C([H])([H])C([H])([H])C([H])([H])C([H])([H])[H],0
44,baseline,386,[H]N([H])C([H])([H])C([H])([H])N([H])[H],0
44,baseline,387,[H]N([H])C(=O)C([H])(C([H])([H])[H])C([H])([H])[H],0
44,baseline,388,[H]N(C(=O)C([H])([H])[H])N([H])C(=O)C([H])([H])[H],0
44,baseline,389,[H]C1=NC([H])=C([H])C(C([H])([H])N([H])C(=O)C([H])=C([H])[H])=C1[H],0
44,baseline,390,[H]C1=NC([H])=C(C([H])([H])C([H])([H])C(=O)OC([H])([H])C([H])([H])[H])C([H])=C1[H],0
44,baseline,391,[H]OC([H])(C([H])([H])[H])C([H])(O[H])C([H])([H])[H],0
44,baseline,392,[H]C1=C([H])C([H])=C(C(=O)N([H])C([H])([H])C(=O)N([H])C(=O)C([H])([H])[H])C([H])=C1[H],0
44,baseline,393,[H]C([H])=C([H])C([H])([H])N([H])C1=C([H])C([H])=C([H])C([H])=C1[N+](=O)[O-],0
44,baseline,394,[H]OC(=O)C([H])(O[H])C([H])([H])[H],0
44,baseline,395,[H]N(C([H])([H])C([H])([H])C([H])([H])[H])C([H])([H])C([H])([H])C([H])([H])C([H])([H])C([H])([H])[H],0
44,baseline,396,[H]C1=C(C([H])([H])[H])SC(S(=O)(=O)OC([H])([H])C([H])([H])[H])=C1[H],0
44,baseline,397,[H]N([H])C(=S)N([H])C(C([H])([H])[H])(C([H])([H])[H])C([H])([H])C([H])([H])[H],0
44,baseline,398,[H]C([H])(Cl)C([H])([H])Cl,0
44,baseline,399,[H]OC(=O)C([H])([H])C([H])([H])C([H])([H])[H],0
44,baseline,400,[H]N([H])N(C([H])([H])[H])C([H])([H])[H],0
44,baseline,401,[H]C1=C(Br)OC(C(=O)N([H])C([H])([H])C(=O)N(C([H])([H])[H])C([H])([H])[H])=C1[H],0
44,baseline,402,[H]C1=C([H])C([H])=C2C(=C1[H])C(C([H])([H])[H])=C(C(=O)C([H])([H])C(=O)OC([H])([H])[H])N2[H],0
44,baseline,403,[H]N([H])N(C([H])([H])[H])C([H])([H])[H],0
44,baseline,404,[H]C1=C(Cl)SC(C([H])([H])N(C([H])([H])[H])C([H])([H])[H])=C1[H],0
44,baseline,405,[H]OC([H])(C([H])([H])[H])C(N([H])[H])(C([H])([H])[H])C([H])([H])[H],0
44,baseline,406,[H]N1C([H])([H])C([H])([H])C([H])([H])C([H])([H])C1(C([H])([H])[H])C([H])([H])[H],0
44,baseline,407,[H]N([H])C([H])([H])[H],0
44,baseline,408,[H]C(C(=O)OC([H])([H])[H])=C([H])C1=C(C(=O)C([H])([H])[H])N([H])C2=C([H])C([H])=C([H])C([H])=C12,0
44,baseline,409,[H]N(C(=O)C(C([H])([H])[H])(C([H])([H])[H])C([H])([H])[H])C([H])(C([H])([H])[H])C([H])([H])[H],0
44,baseline,410,[H]N([H])C(=O)C([H])([H])C([H])([H])C([H])([H])C([H])([H])C([H])([H])[H],0
44,baseline,411,[H]OC(=O)C([H])([H])C([H])([H])C([H])([H])C([H])([H])[H],0
44,baseline,412,[H]OC([H])([H])C(=O)N([H])C([H])([H])C([H])(C([H])([H])[H])C([H])([H])[H],0
44,baseline,413,[H]OC(=O)C([H])([H])C([H])([H])C#N,0
44,baseline,414,[H]OC(=O)C([H])([H])C([H])([H])C([H])=C([H])C([H])([H])[H],0
44,baseline,415,[H]C([H])=C([H])C([H])([H])OC1=C([H])C([H])=C(Cl)C([H])=C1[H],0
44,baseline,416,[H]C1=C([H])C2=C(N=C(C([H])([H])[H])N(C([H])([H])C([H])([H])[H])C2=O)S1,0
44,baseline,417,[H]C1=C([H])SC(N([H])S(=O)(=O)C([H])(C([H])([H])[H])C([H])([H])[H])=N1,0
44,baseline,418,[H]N1C(=O)N([H])N(C([H])([H])C([H])([H])[H])C1=S,0
44,baseline,419,[H]N1C(=O)N(C([H])([H])C(=O)OC([H])([H])C([H])([H])[H])C(=O)C1([H])[H],0
44,baseline,420,[H]C1=C([H])C(C([H])([H])[H])=C([H])C([H])=C1OC([H])([H])[H],0
44,baseline,421,[H]C1=C([H])C(OC([H])([H])C(=O)OC([H])([H])[H])=C([H])C([H])=C1Br,0
44,baseline,422,[H]OC(=O)C([H])([H])SC1=NN=C(C([H])([H])C([H])([H])[H])S1,0
44,baseline,423,[H]C1=C(OC([H])([H])C([H])([H])[H])C([H])=C(N([H])C(=O)C([H])([H])[H])C(Cl)=C1N([H])[H],0
44,baseline,424,[H]OC([H])([H])C([H])([H])C([H])([H])[H],0
44,baseline,425,[H]N(C(=O)C([H])([H])[H])C([H])([H])C([H])([H])[H],0
44,baseline,426,[H]ON([H])C([H])([H])C([H])([H])N([H])C([H])([H])[H],0
44,baseline,427,[H]C([H])([H])C([H])([H])C(=O)OC([H])([H])C([H])([H])C([H])([H])[H],0
44,baseline,428,[H]OC([H])(C(=O)N([H])[H])C([H])(C([H])([H])[H])C([H])([H])[H],0
44,baseline,429,[H]OC(=O)C([H])([H])C([H])([H])C([H])([H])C([H])([H])C([H])([H])C([H])([H])[H],0
44,baseline,430,[H]OC(=O)C([H])([H])C([H])([H])N(C([H])([H])[H])C([H])([H])[H],0
44,baseline,431,[H]C([H])([H])C([H])([H])C([H])([H])C([H])([H])C(=O)N1C([H])([H])C([H])([H])C([H])([H])C1([H])[H],0
44,baseline,432,[H]C([H])=C([H])C([H])([H])C([H])([H])C([H])([H])C(=O)N([H])[H],0
44,baseline,433,[H]C([H])([H])C1([H])SS1,0
44,baseline,434,[H]C1=C(Cl)C([H])=C(Cl)C(OC([H])([H])[H])=C1[H],0
44,baseline,435,[H]N([H])C(=O)C([H])([H])N([H])C([H])([H])C([H])([H])C([H])([H])[H],0
44,baseline,436,[H]C1=NC(C(=O)C([H])([H])[H])=C([H])N1C([H])([H])C([H])([H])[H],0
44,baseline,437,[H]N([H])C(=S)N([H])C(C([H])([H])[H])(C([H])([H])[H])C([H])([H])[H],0
44,baseline,438,[H]N(C(=O)C([H])([H])[H])C([H])([H])[H],0
44,baseline,439,[H]C([H])([H])C([H])([H])[N+]1([H])C([H])([H])C([H])([H])OC([H])([H])C1([H])[H],0
44,baseline,440,[H]OC(=O)C([H])([H])N([H])C([H])([H])C([H])([H])[H],0
44,baseline,441,[H]N(C(=S)N([H])C([H])([H])C([H])([H])C([H])([H])[H])C([H])([H])[H],0
44,baseline,442,[H]OC(=O)C([H])([H])C([H])([H])[H],0
44,baseline,443,[H]SC([H])(C([H])([H])[H])C([H])([H])[H],0
44,baseline,444,[H]C(=O)C([H])([H])OC(=O)C([H])([H])C([H])([H])[H],0
44,baseline,445,[H]N(C(=O)OC([H])([H])[H])C([H])([H])C(=O)N([H])C([H])([H])C([H])([H])[H],0
44,baseline,446,[H]OC([H])([H])C([H])([H])C1([H])OC([H])([H])C([H])([H])N1C([H])([H])C([H])([H])C([H])([H])[H],0
44,baseline,447,[H]C([H])([H])C([H])([H])N(C(=O)C(Cl)(Cl)Cl)C([H])([H])C([H])([H])C([H])([H])[H],0
44,baseline,448,[H]N(C(=O)C([H])([H])[H])C(=O)C([H])([H])C([H])([H])C([H])([H])[H],0
44,baseline,449,[H]C1=NC([H])=C([H])C([H])=C1C([H])([H])C([H])([H])C(=O)OC([H])([H])C([H])=C([H])[H],0
44,baseline,450,[H]N1C(=S)N(C([H])(C([H])([H])[H])C([H])([H])OC([H])([H])[H])C(=O)C1([H])[H],0
44,baseline,451,[H]N1C([H])([H])C([H])([H])N(C([H])([H])[H])C([H])([H])C1([H])[H],0
44,baseline,452,[H]C1=NC([H])=C([H])C(C([H])([H])C2=C([H])C([H])=C(OC([H])([H])[H])C([H])=C2[H])=C1[H],0
44,baseline,453,[H]C1=C([H])C([H])=C(C([H])([H])C(=O)OC([H])([H])C(=O)OC([H])([H])C([H])([H])[H])S1,0
44,baseline,454,[H]C1=NC(C([H])([H])C(=O)OC([H])([H])[H])=NC2=C1C(C([H])([H])[H])=C(C([H])([H])[H])S2,0
44,baseline,455,[H]C1=C(Cl)C([H])=C(Cl)C(OC([H])([H])C(=O)N([H])N([H])C(=O)C([H])([H])[H])=C1[H],0
44,baseline,456,[H]C1=C(C(=O)C([H])([H])C([H])([H])[H])C([H])=C([H])C(OC([H])([H])[H])=N1,0
44,baseline,457,[H]OC(=O)C1=C([H])N([H])C(SC([H])([H])[H])=N1,0
44,baseline,458,[H]C(=NN([H])C(=O)N([H])[H])C([H])([H])[H],0
44,baseline,459,[H]C([H])=C1C(=O)N(C([H])([H])C([H])=C([H])[H])C([H])([H])C1=O,0
44,baseline,460,[H]OC(=O)C([H])([H])C(N=C([H])[H])(C([H])([H])[H])C([H])([H])[H],0
44,baseline,461,[H]C1=NC2=C(C([H])=C([H])N=C2[H])N(C([H])([H])C(=O)C([H])([H])[H])C1=O,0
44,baseline,462,[H]N([H])C(=O)C([H])([H])C([H])([H])[H],0
44,baseline,463,[H]N([H])C(=O)C([H])([H])C([H])([H])[H],0
44,baseline,464,[H]C1=C([H])C2=C(C(=O)C3=C([H])C(N([H])C(=O)OC([H])([H])[H])=C([H])C([H])=C3C2=O)C([H])=C1[H],0
44,baseline,465,[H]C(=O)C([H])([H])OC1=C([H])C([H])=C(C(=O)OC([H])([H])[H])C([H])=C1[H],0
44,baseline,466,[H]OC(=O)C([H])([H])[H],0
44,baseline,467,[H]N(C(=O)C([H])([H])[H])C([H])([H])[H],0
44,baseline,468,[H]C1=C(Cl)C([H])=C(Cl)C(ON([H])C(=O)N([H])C([H])(C([H])([H])[H])C([H])([H])C([H])([H])[H])=C1[H],0
44,baseline,469,[H]C([H])([H])OC(=O)C([H])(OC(=O)C([H])([H])[H])C([H])([H])[H],0
44,baseline,470,[H]C1=C(C([H])([H])[H])N=C(N([H])C([H])([H])C([H])([H])[H])S1,0
44,baseline,471,[H]C1=C([H])C([H])=C(C([H])([H])C([H])([H])N([H])[H])C([H])=C1[H],0
44,baseline,472,[H]OC(=O)C([H])([H])C([H])([H])[H],0
44,baseline,473,[H]C1=C(C([H])([H])[H])N=C(OC([H])([H])C([H])([H])[H])N([H])C1=O,0
44,baseline,474,[H]C1=C(C([H])=C([H])C(=O)C([H])([H])[H])SC(N([H])[H])=N1,0
44,baseline,475,[H]N1C(=O)C2([H])C([H])([H])C([H])([H])C([H])(C(=O)C([H])([H])[H])C([H])([H])C2(C([H])([H])[H])C1([H])[H],0
44,baseline,476,[H]N(C(=S)N([H])C([H])([H])[H])C([H])([H])[H],0
44,baseline,477,[H]OC([H])([H])C([H])(O[H])C([H])([H])C([H])(O[H])C([H])([H])[H],0
44,baseline,478,[H]C1=C([H])C(C(=O)OC([H])([H])[H])=C([H])C([H])=C1Br,0
44,baseline,479,[H]OC(=O)C1([H])C([H])([H])C([H])([H])C([H])([H])C([H])(C([H])([H])[H])C1([H])[H],0
44,baseline,480,[H]OC(=O)C([H])(Cl)Cl,0
44,baseline,481,[H]OC(=O)C([H])([H])C([H])(SC([H])([H])C([H])([H])[H])C([H])([H])[H],0
44,baseline,482,[H]OC(=O)C([H])([H])N([H])C(=S)N([H])C([H])([H])C([H])([H])[H],0
44,baseline,483,[H]C1=C(C(=O)OC([H])([H])C([H])([H])[H])C2=C([H])C([H])=C([H])C([H])=C2O1,0
44,baseline,484,[H]OC(=O)C([H])([H])C([H])(N([H])[H])C([H])([H])C([H])([H])[H],0
44,baseline,485,[H]C1=C(C([H])([H])[H])N([H])N=C1N([H])C(=O)C([H])([H])C([H])([H])[H],0
44,baseline,486,[H]N([H])C([H])([H])C([H])([H])N([H])[H],0
44,baseline,487,[H]N(C(=O)C([H])([H])[H])C1=NN=C(C([H])([H])C([H])([H])C([H])([H])[H])S1,0
44,baseline,488,[H]N([H])C(=O)C([H])([H])C([H])([H])C([H])([H])C(=O)C([H])([H])[H],0
44,baseline,489,[H]N(C([H])([H])C([H])([H])[H])S(=O)(=O)C([H])([H])C([H])([H])C(=O)C([H])([H])C([H])([H])[H],0
44,baseline,490,[H]OC(=O)C([H])(C([H])([H])[H])C([H])([H])C([H])(C([H])([H])[H])C([H])([H])[H],0
44,baseline,491,[H]N1C(=O)C([H])([H])C([H])(C([H])([H])[H])C([H])([H])C1([H])[H],0
44,baseline,492,[H]OC(=O)C([H])([H])[H],0
44,baseline,493,[H]C([H])(C#N)SC1=NN=C(C([H])([H])C([H])([H])C([H])([H])C([H])([H])[H])O1,0
44,baseline,494,[H]OC(=O)C([H])([H])N([H])C(=O)C([H])([H])[H],0
44,baseline,495,[H]C([H])([H])OC(=O)C([H])([H])C1=C(C([H])([H])[H])SC(C([H])([H])[H])=C1C([H])([H])[H],0
44,baseline,496,[H]C(C(=O)C([H])([H])[H])=C([H])C1=C([H])C([H])=C([H])C([H])=C1[H],0
44,baseline,497,[H]N([H])C(C([H])([H])[H])(C([H])([H])[H])C([H])([H])[H],0
44,baseline,498,[H]C([H])([H])SC1=NN2C(=NN=C2SC([H])([H])C([H])([H])OC([H])([H])C([H])([H])[H])S1,0
44,framework,0,[H]C([H])([H])C1=NON=C1C([H])([H])C([H])([H])C([H])([H])[H],0
44,framework,1,[H]ON=C(N([H])[H])C([H])([H])C(=O)OC([H])([H])[H],0
44,framework,2,[H]OP(=O)(=O)N([H])[H],0
44,framework,3,[H]C1=C(Br)C([H])=C(OC([H])([H])[H])C(OC([H])([H])[H])=C1[H],0
44,framework,4,[H]N([H])C([H])([H])C([H])([H])C([H])([H])C([H])([H])C([H])([H])[H],0
44,framework,5,[H]C1=C([H])C([H])=C([H])C(SC([H])([H])C(=O)N([H])C(=O)C([H])([H])[H])=N1,0
44,framework,6,[H]C1=C([H])C([H])=C([H])C(SC([H])([H])C(=O)OC([H])([H])C([H])([H])[H])=N1,0
44,framework,7,[H]C1=C([H])C(C([H])([H])OC(=O)N([H])C([H])([H])[H])=C([H])C([H])=C1Br,0
44,framework,8,[H]N([H])C(=O)C([H])([H])OC(=O)C(C([H])([H])[H])(C([H])([H])[H])C([H])([H])[H],0
44,framework,9,[H]N([H])C(=O)C([H])([H])C([H])([H])C([H])([H])C([H])([H])C([H])([H])[H],0
44,framework,10,[H]N(C1=NC(=O)C([H])([H])S1)C([H])([H])C([H])([H])C([H])([H])[H],0
44,framework,11,[H]OC([H])([H])C(C([H])([H])[H])(C([H])([H])O[H])C([H])([H])C([H])([H])[H],0
44,framework,12,[H]OC(=O)N([H])C([H])([H])C(=O)[O-],0
44,framework,13,[H]C1=C([H])C(C(=O)OC([H])([H])[H])=C([H])C([H])=C1OC([H])([H])[H],0
44,framework,14,[H]OC([H])(C(=O)C([H])([H])[H])C([H])(C([H])([H])[H])C([H])([H])C([H])([H])[H],0
44,framework,15,[H]C(=NN([H])C(=O)C([H])([H])[H])C([H])([H])C(=O)OC([H])([H])C([H])([H])[H],0
44,framework,16,[H]C1=C([H])C([H])=C(C(=O)OC([H])(C([H])([H])[H])C([H])([H])[H])C([H])=C1[H],0
44,framework,17,[H]N([H])C(=S)N([H])C([H])(C([H])([H])[H])C([H])([H])C([H])([H])C([H])([H])[H],0
44,framework,18,[H]C1=C(Cl)C([H])=C(S(=O)(=O)N([H])C(=O)C([H])([H])C([H])([H])[H])C(Cl)=C1[H],0
44,framework,19,[H]C1=NC2=C(N=C(N([H])C(=O)C([H])([H])C([H])([H])C([H])([H])C([H])([H])[H])S2)C([H])=N1,0
44,framework,20,[H]ON1C(=O)C([H])([H])C([H])(C([H])=NOC([H])([H])[H])C1=O,0
44,framework,21,[H]C1=C([H])C([H])=C(C2([H])C(=O)N(C([H])([H])C([H])([H])C([H])([H])[H])C(=S)N2[H])C(Cl)=C1[H],0
44,framework,22,[H]C([H])([H])OC(=O)C1([H])C([H])([H])C(=O)C([H])([H])C1([H])[H],0
44,framework,23,[H]C([H])([H])C([H])([H])C([H])([H])[N+]([H])([H])C([H])([H])C([H])([H])[H],0
44,framework,24,[H]N1C(=O)N(C([H])([H])[H])C(C([H])([H])[H])=C1C(=O)OC([H])([H])[H],0
44,framework,25,[H]N([H])C([H])(N([H])[H])C([H])([H])[H],0
44,framework,26,[H]C(C(=O)OC([H])([H])C([H])([H])[H])=C(N([H])[H])C([H])([H])[H],0
44,framework,27,[H]N([H])C(=S)N([H])C([H])(C([H])([H])[H])C([H])([H])C([H])([H])[H],0
44,framework,28,[H]OC(=O)C([H])([H])C([H])([H])C([H])([H])C([H])([H])C([H])([H])[H],0
44,framework,29,[H]OC([H])([H])C([H])([H])N([H])[H],0
44,framework,30,[H]OC(=O)C([H])([H])C(C([H])([H])[H])(C([H])([H])[H])C([H])([H])[H],0
44,framework,31,[H]C1=C([H])C(N([H])C([H])([H])C([H])([H])N(C([H])([H])[H])C([H])([H])[H])=C([H])C([H])=C1Cl,0
44,framework,32,[H]OC([H])([H])C([H])(N1N=C([H])C(C(=O)OC([H])([H])[H])=C1N([H])[H])C([H])([H])[H],0
44,framework,33,[H]OC(=O)C1=C([H])C(OC([H])([H])C([H])([H])[H])=C([H])C([H])=C1[H],0
44,framework,34,[H]N([H])C(=O)OC([H])([H])C([H])([H])C([H])([H])[H],0
44,framework,35,[H]C([H])=C([H])C([H])([H])N([H])C(=O)C(Cl)(Cl)Cl,0
44,framework,36,[H]C([H])([H])C1([H])SC([H])([H])C([H])([H])C([H])([H])C1([H])[H],0
44,framework,37,[H]C1=C([H])C([H])=C2C(=C1[H])N=C(C([H])([H])C([H])([H])C([H])([H])[H])N2C([H])([H])[H],0
44,framework,38,[H]C1=C([H])C([H])=C([H])C(OC(=O)C([H])([H])C([H])([H])C([H])([H])[H])=N1,0
44,framework,39,[H]N([H])C(=S)SC([H])(C([H])([H])[H])C([H])([H])[H],0
44,framework,40,[H]C1=C([H])C([H])=C(C(=O)C([H])([H])C([H])([H])C([H])([H])[H])C([H])=C1[H],0
44,framework,41,[H]C1=C([H])C(N([H])[H])=C([H])C(C(=O)OC([H])([H])[H])=C1[H],0
44,framework,42,[H]N([H])C(=O)C([H])([H])C([H])([H])[H],0
44,framework,43,[H]OC1=C([H])C(C([H])([H])[H])=C([H])C([H])=C1OC([H])([H])[H],0
44,framework,44,[H]C#CC([H])([H])O[H],0
44,framework,45,[H]OC(=O)N([H])C(=O)C([H])([H])[H],0
44,framework,46,[H]C1=C(C(=O)OC([H])([H])C([H])([H])[H])SC(=S)N1C([H])([H])[H],0
44,framework,47,[H]C1=NN([H])C(=S)N1C([H])([H])C([H])([H])C(=O)C([H])([H])[H],0
44,framework,48,[H]OC(=O)C([H])(N([H])C([H])=O)C([H])([H])[H],0
44,framework,49,[H]N(C(=O)C([H])([H])C([H])([H])C([H])([H])[H])C([H])([H])C([H])([H])C([H])([H])C([H])([H])[H],0
44,framework,50,[H]N([H])N([H])C(=O)C([H])([H])C([H])(C([H])([H])[H])C([H])([H])[H],0
44,framework,51,[H]C([H])([H])N1N=NN=C1C([H])([H])C([H])([H])[H],0
44,framework,52,[H]N([H])C([H])(C([H])([H])[H])C([H])([H])C([H])([H])[H],0
44,framework,53,[H]C1=C(SC([H])([H])C([H])([H])[H])N=C(N([H])[H])N([H])C1=O,0
44,framework,54,[H]OC(=O)C([H])([H])C([H])([H])[H],0
44,framework,55,[H]OC([H])([H])C([H])([H])C([H])(O[H])C([H])([H])[H],0
44,framework,56,[H]N1N=C(C([H])(C([H])([H])[H])C([H])([H])[H])C(=O)N([H])C1=S,0
44,framework,57,[H]OC(=O)C([H])([H])SC([H])(C(=O)O[H])C([H])([H])C([H])([H])C([H])([H])[H],0
44,framework,58,[H]OC(=O)C([H])([H])C([H])([H])C(=O)C([H])([H])[H],0
44,framework,59,[H]C(=NN([H])C(=S)N([H])C1=C([H])C([H])=C([H])C([H])=C1Cl)C([H])(C([H])([H])[H])C([H])([H])[H],0
44,framework,60,[H]C([H])([H])C([H])([H])C([H])([H])C([H])([H])C([H])([H])C([H])([H])[H],0
44,framework,61,[H]C([H])([H])C(=O)C(C([H])([H])[H])(C([H])([H])[H])C([H])([H])[H],0
44,framework,62,[H]C1=NC([H])=C([H])N=C1C([H])([H])OC1=C([H])C([H])=C([H])C([H])=C1OC([H])([H])[H],0
44,framework,63,[H]OC(=O)C([H])([H])N([H])C(=O)C([H])([H])C([H])([H])C([H])([H])[H],0
44,framework,64,[H]C1=C([H])C2=C([H])C([H])=C(N([H])[H])C([H])=C2N=C1N([H])C([H])([H])[H],0
44,framework,65,[H]C1=C([H])C(C(=O)OC([H])([H])C([H])([H])[H])=C(Cl)C([H])=C1Cl,0
44,framework,66,[H]C1=C(C([H])([H])[H])C2=C(N=C1C([H])([H])[H])C(=O)C(=O)N2C([H])([H])[H],0
44,framework,67,[H]C(=O)C(C([H])([H])[H])(C([H])([H])[H])C([H])([H])[H],0
44,framework,68,[H]OC([H])([H])C([H])(O[H])C([H])(C([H])([H])[H])C([H])([H])[H],0
44,framework,69,[H]OC(=O)C1(C([H])([H])[H])SS1,0
44,framework,70,[H]ON=C(SC([H])([H])C([H])([H])[H])C([H])([H])[H],0
44,framework,71,[H]N1C(C([H])([H])[H])=NC(C(=O)C([H])([H])[H])=C1C([H])([H])[H],0
44,framework,72,[H]C1=C([H])C([H])=C(C([H])(N([H])C(=O)C([H])([H])[H])C([H])([H])[H])C([H])=C1[H],0
44,framework,73,[H]C([H])([H])C1([H])C([H])([H])C([H])([H])C([H])([H])C1([H])[H],0
44,framework,74,[H]N([H])C(=O)C([H])([H])C([H])([H])[H],0
44,framework,75,[H]OC(=O)C([H])(C(=O)O[H])C([H])(C([H])([H])[H])C([H])([H])[H],0
44,framework,76,[H]N([H])C1=NN=C(C([H])(C([H])([H])[H])C([H])([H])C([H])(C([H])([H])[H])C([H])([H])[H])S1,0
44,framework,77,[H]C([H])([H])C([N+](=O)[O-])(C([H])([H])[H])C([H])([H])[H],0
44,framework,78,[H]OC(=O)C([H])([H])C([H])([H])S[H],0
44,framework,79,[H]C1=NN([H])N=C1C([H])([H])C([H])(C([H])([H])[H])C([H])([H])[H],0
44,framework,80,[H]C1=NC([H])=C(C([H])([H])N([H])C(=O)C([H])(C([H])([H])[H])C([H])([H])[H])C([H])=C1[H],0
44,framework,81,[H]C(=NN([H])C(=S)N([H])[H])C([H])([H])C([H])([H])C([H])([H])C([H])([H])[H],0
44,framework,82,[H]C([H])=C([H])C([H])([H])OC(=O)C([H])([H])C(=O)N([H])[H],0
44,framework,83,[H]N([H])C(=O)N([H])C(=O)C([H])(C([H])([H])[H])C([H])([H])C([H])([H])[H],0
44,framework,84,[H]ON=NC(=O)O[H],0
44,framework,85,[H]C([H])([H])C1([H])SC([H])([H])C([H])([H])N1C([H])([H])C([H])([H])C([H])([H])[H],0
44,framework,86,[H]OC1=C(OC([H])([H])[H])C([H])=C(C(=O)C([H])([H])[H])C(C([H])([H])[H])=C1[H],0
44,framework,87,[H]N(C(=O)OC([H])([H])C([H])([H])[H])C([H])([H])[H],0
44,framework,88,[H]OC(=O)C([H])([H])C([H])([H])C([H])([H])C([H])([H])[H],0
44,framework,89,[H]OC1=C([H])C([H])=C([H])C2=C1C(C([H])([H])C([H])([H])C([H])([H])[H])=C([H])C(=O)O2,0
44,framework,90,[H]N(C(=O)OC([H])([H])C([H])([H])[H])C([H])(C(=O)OC([H])([H])[H])C([H])([H])[H],0
44,framework,91,[H]N(C(=NC([H])([H])[H])C([H])([H])C#N)C([H])([H])C([H])([H])[H],0
44,framework,92,[H]C([H])([H])C([H])(C([H])([H])[H])[N+]([H])([H])[H],0
44,framework,93,[H]OC1([H])C([H])([H])N(C([H])(C([H])([H])[H])C([H])([H])[H])C([H])(C([H])([H])[H])C1([H])[H],0
44,framework,94,[H]N([H])C(=O)C([H])([H])C([H])([H])C([H])([H])C([H])([H])[H],0
44,framework,95,[H]C([H])=C(C([H])([H])[H])C([H])([H])C(=O)N([H])[H],0
44,framework,96,[H]C([H])([H])C(=O)C1([H])SC([H])([H])C([H])([H])C([H])([H])C1([H])[H],0
44,framework,97,[H]N([H])C(=S)N([H])C([H])([H])C([H])([H])[H],0
44,framework,98,[H]OC(=O)N([H])C(=O)C([H])([H])[H],0
44,framework,99,[H]N([H])C(=O)N([H])[H],0
44,framework,100,[H]C([H])(Cl)C1(Br)[PH]#S1,0
44,framework,101,[H]C1=C([H])C(C(=O)C([H])([H])C([H])([H])[H])=C([H])C([H])=C1Br,0
44,framework,102,[H]C1=C([H])C(C([H])([H])[H])=C([H])C([H])=C1SC([H])([H])[H],0
44,framework,103,[H]OC(=O)C1=C([H])C([H])=C(OC([H])([H])C([H])([H])[H])C([H])=C1[H],0
44,framework,104,[H]C#CC([H])([H])SC1=NC(C([H])([H])C([H])([H])C([H])([H])[H])=C2C(=N1)SC([H])=C2[H],0
44,framework,105,[H]C1=NC([H])=C([H])N1C([H])([H])C([H])([H])OC(=O)C([H])([H])C([H])([H])[H],0
44,framework,106,[H]C([H])([H])C([H])([H])C(=O)C([H])([H])C([H])([H])[H],0
44,framework,107,[H]OC(=O)C([H])([H])C([H])(C([H])([H])[H])C([H])([H])C([H])([H])[H],0
44,framework,108,[H]N(C(=O)C([H])([H])[H])C([H])([H])C([H])([H])[H],0
44,framework,109,[H]N([H])C(=O)C(=O)N([H])C([H])([H])C([H])(C([H])([H])[H])C([H])([H])[H],0
44,framework,110,[H]C1=C(Cl)C(C([H])([H])[H])=C([H])C(S(=O)(=O)N([H])C([H])([H])C([H])([H])[H])=C1Cl,0
44,framework,111,[H]N1C(=O)N([H])C(C([H])([H])[H])(C([H])([H])[H])C([H])([H])C1([H])C(=O)OC([H])([H])C([H])([H])[H],0
44,framework,112,[H]C1=C(Cl)C([H])=C([H])C(OC([H])([H])[H])=N1,0
44,framework,113,[H]C1=C([H])C([H])=C(N([H])C(=O)OC([H])([H])[H])C(C(=O)OC([H])([H])[H])=C1[H],0
44,framework,114,[H]N([H])C(=O)C([H])(C([H])([H])[H])C([H])([H])C([H])([H])[H],0
44,framework,115,[H]N(C(=O)C([H])([H])C([H])([H])[H])N([H])C(=S)N([H])C([H])([H])C([H])([H])[H],0
44,framework,116,[H]C1=NSN=C1C(=O)N([H])C([H])([H])C([H])([H])C([H])([H])C([H])([H])[H],0
44,framework,117,[H]C1=C([H])C([H])=C(SC([H])([H])C(=O)OC([H])([H])[H])S1,0
44,framework,118,[H]C([H])([H])C([H])([H])C([H])(C([H])([H])C([H])([H])[H])[N+]([H])([H])[H],0
44,framework,119,[H]N(C([H])([H])C([H])([H])[H])S(=O)(=O)C([H])([H])[H],0
44,framework,120,[H]ON=C(N([H])[H])C([H])([H])C([H])([H])C([H])([H])[H],0
44,framework,121,[H]OC([H])(C1=C([H])C([H])=C(OC([H])([H])[H])C(Cl)=C1[H])C([H])([H])[H],0
44,framework,122,[H]N([H])C([H])([H])C([H])([H])C([H])([H])C([H])([H])[H],0
44,framework,123,[H]N([H])C(=S)N([H])C([H])(C([H])([H])[H])C([H])([H])[H],0
44,framework,124,[H]OC(=O)N([H])C([H])(C([H])([H])[H])C([H])([H])[H],0
44,framework,125,[H]N(C(=O)C([H])([H])[H])C([H])([H])C([H])([H])C#N,0
44,framework,126,[H]C1=C([H])C([H])=C(C([H])([H])[H])C(N([H])[H])=C1[H],0
44,framework,127,[H]SC(C([H])([H])[H])(C([H])([H])[H])C([H])([H])[H],0
44,framework,128,[H]N([H])C([H])(C([H])([H])[H])C([H])([H])C([H])([H])[H],0
44,framework,129,[H]OC(=O)C([H])([H])C([H])([H])C([H])([H])[H],0
44,framework,130,[H]OC(=O)C([H])([H])[H],0
44,framework,131,[H]C([H])=C([H])C([H])([H])N([H])C(=O)C([H])([H])SC1=C([H])C([H])=C(Cl)C([H])=C1[H],0
44,framework,132,[H]OC([H])([H])C([H])([H])C([H])([H])[H],0
44,framework,133,[H]C1=C([H])C([H])=C(C(=O)N([H])C([H])([H])C([H])([H])[H])S1,0
44,framework,134,[H]N(C([H])([H])[H])C([H])(C([H])([H])[H])C([H])(C([H])([H])[H])C([H])([H])[H],0
44,framework,135,[H]N([H])C1(C([H])([H])[H])C([H])([H])C([H])([H])C([H])([H])C([H])(C([H])([H])[H])C1([H])[H],0
44,framework,136,[H]ON=C([H])C([H])(C([H])([H])[H])C([H])([H])[H],0
44,framework,137,[H]C([H])=C([H])C([H])([H])C(=O)N([H])C1=C(Cl)C([H])=C([H])C([H])=C1Cl,0
44,framework,138,[H]C1=C(Cl)C([H])=C(Cl)C(C([H])([H])C([H])([H])C(=O)N([H])C([H])([H])C([H])([H])[H])=C1[H],0
44,framework,139,[H]C1=C([H])C2=C(C([H])=C1[H])C([H])=C(C(=O)OC([H])([H])C([H])([H])[H])O2,0
44,framework,140,[H]C1=NN(C([H])(C(=O)N([H])[H])C([H])([H])C([H])([H])C([H])([H])[H])C([H])=N1,0
44,framework,141,[H]C1=NC([H])=C(N([H])C([H])([H])C([H])=C([H])[H])C([H])=C1[H],0
44,framework,142,[H]OC1([H])C([H])([H])N(C([H])([H])C([H])([H])[H])C([H])([H])C([H])([H])C1([H])[H],0
44,framework,143,[H]C1=C([H])C(N([H])C(=O)N([H])C(=S)N([H])C([H])([H])C([H])([H])[H])=C([H])C([H])=C1Cl,0
44,framework,144,[H]N([H])C(=O)C([H])([H])SC([H])([H])C#N,0
44,framework,145,[H]C1=C([H])C([H])=C2SC(N([H])C([H])([H])C(=O)OC([H])([H])[H])=NC2=C1[H],0
44,framework,146,[H]N([H])C([H])([H])C([H])([H])C([H])([H])C([H])([H])[H],0
44,framework,147,[H]OC1=NC(SC([H])([H])C([H])([H])[H])=C([H])C(C([H])([H])[H])=C1C(=O)OC([H])([H])[H],0
44,framework,148,[H]OC(=O)C([H])([H])[H],0
44,framework,149,[H]OC1=C(C(=O)OC([H])([H])C([H])([H])[H])C2=C(OC(C([H])([H])[H])=N2)C([H])=C1[H],0
44,framework,150,[H]C1=C([H])N(C([H])([H])[H])C(SC([H])([H])C([H])([H])C#N)=N1,0
44,framework,151,[H]OC([H])([H])C([H])(N([H])C(=O)OC([H])([H])[H])C([H])([H])[H],0
44,framework,152,[H]C([H])=C([H])C([H])([H])C([H])([H])C(=O)N([H])[H],0
44,framework,153,[H]C1=C([H])C([H])=C(C([H])([H])C(C([H])([H])[H])(C([H])([H])[H])[N+]([H])([H])[H])C([H])=C1[H],0
44,framework,154,[H]C([H])([H])C([H])([H])C([H])([H])C([H])([H])C([H])([H])[N+]([H])([H])[H],0
44,framework,155,[H]N([H])C([H])([H])C([H])([H])C(=O)OC([H])([H])[H],0
44,framework,156,[H]C1=C([H])SC(SC([H])([H])C(=O)OC([H])([H])[H])=N1,0
44,framework,157,[H]C1=C(C([H])([H])[H])N(C([H])([H])[H])C([H])=C1C(=O)C([H])([H])[H],0
44,framework,158,[H]N([H])C1=NN=C(SC([H])(C([H])([H])[H])C([H])([H])[H])S1,0
44,framework,159,[H]N([H])C([H])([H])C([H])([H])N([H])[H],0
44,framework,160,[H]OC(=O)C([H])([H])C([H])([H])[H],0
44,framework,161,[H]C([H])([H])OC(=O)C1([H])C([H])([H])C([H])([H])C([H])([H])C([H])([H])C1([H])[H],0
44,framework,162,[H]C([H])([H])C([H])([H])C([H])(C([H])([H])[H])C([H])([H])C([H])([H])[H],0
44,framework,163,[H]OC(=O)C([H])(C([H])([H])[H])C([H])([H])[H],0
44,framework,164,[H]OC([H])([H])C([H])([H])C([H])([H])[H],0
44,framework,165,[H]C1=C(C(=O)OC([H])([H])[H])OC(C([H])([H])C([H])([H])[H])=C1[H],0
44,framework,166,[H]C([H])([H])C(=O)N(C1=NN=C(C([H])([H])[H])S1)C([H])([H])C([H])([H])[H],0
44,framework,167,[H]N1C(=O)C([H])([H])C([H])([H])C([H])(C([H])([H])[H])C1([H])C([H])([H])[H],0
44,framework,168,[H]C1=C(C(=O)OC([H])([H])C([H])([H])[H])C([H])=C2C(=C1[H])N([H])C(=O)N2C([H])([H])C([H])([H])[H],0
44,framework,169,[H]OC(=O)C([H])([H])C([H])([H])C([H])([H])[H],0
44,framework,170,[H]C1=C([H])C([H])=C([N+](=O)[O-])C(N([H])C([H])([H])C([H])([H])N([H])[H])=C1[H],0
44,framework,171,[H]C1=C(C(=O)N([H])C([H])([H])C([H])(C([H])([H])[H])C([H])([H])C([H])([H])[H])C([H])=C(Br)O1,0
44,framework,172,[H]N([H])C(=O)N([H])[H],0
44,framework,173,[H]ON=C(N([H])[H])N([H])C([H])([H])C([H])([H])[H],0
44,framework,174,[H]C([H])([H])C([H])(OC(=O)C([H])(C#N)C([H])([H])[N+](=O)[O-])C([H])([H])[H],0
44,framework,175,[H]C([H])([H])C([H])([H])C([H])([H])C([H])([H])OC(=O)C1([H])C([H])([H])C1(Cl)Cl,0
44,framework,176,[H]N1N=C(C([H])([H])N([H])[H])C2=C1C([H])([H])C([H])([H])C([H])([H])C2=O,0
44,framework,177,[H]N([H])C(=O)C([H])([H])C([H])([H])C([H])([H])[H],0
44,framework,178,[H]N1C(=O)C(C([H])([H])C([H])([H])C(=O)C([H])([H])[H])=C(C([H])([H])[H])N1[H],0
44,framework,179,[H]C1=NC(C2=C(Cl)C([H])=C([H])C([H])=C2[H])=NN1C(=O)C([H])([H])[H],0
44,framework,180,[H]N([H])C([H])([H])C([H])([H])C([H])([H])C([H])([H])[H],0
44,framework,181,[H]OC(=O)C([H])([H])C([H])([H])OC([H])([H])C([H])([H])[H],0
44,framework,182,[H]OC(=O)C(O[H])(C([H])([H])O[H])C([H])([H])C([H])([H])[H],0
44,framework,183,[H]OC(=O)C([H])(Cl)Cl,0
44,framework,184,[H]OC(=O)C([H])([H])C([H])(O[H])C([H])([H])O[H],0
44,framework,185,[H]C1=C(C(=O)OC([H])([H])C([H])([H])[H])C(C(=O)C([H])([H])[H])=C([H])N1[H],0
44,framework,186,[H]N(N=C(C([H])([H])[H])C([H])([H])[H])C([H])([H])[H],0
44,framework,187,[H]OC([H])([H])C([H])([H])C([H])(N([H])C([H])([H])C([H])([H])[H])C([H])([H])[H],0
44,framework,188,[H]C([H])([H])N1C(=O)N(C([H])([H])[H])C([H])([H])C1([H])[H],0
44,framework,189,[H]N([H])C([H])([H])C([H])([H])N([H])[H],0
44,framework,190,[H]C1=C(C([H])([H])[H])SC(SC([H])([H])C(=O)N([H])[H])=N1,0
44,framework,191,[H]OC(C([H])([H])[H])(C([H])([H])[H])C([H])([H])C([H])([H])N([H])[H],0
44,framework,192,[H]C1=C(N([H])C([H])([H])C([H])([H])[H])N=C(N([H])[H])N=C1C([H])([H])[H],0
44,framework,193,[H]N([H])P(=O)(N([H])C(=O)C([H])([H])[H])C([H])([H])C([H])([H])C([H])([H])[H],0
44,framework,194,[H]C([H])([H])OC([H])([H])C([H])([H])SC([H])([H])[H],0
44,framework,195,[H]C(=NN([H])C([H])([H])C([H])([H])C([H])([H])[H])C1([H])C([H])([H])C1([H])[H],0
44,framework,196,[H]OC(=O)C([H])([H])N(C([H])([H])[H])C([H])([H])[H],0
44,framework,197,[H]C1=C([H])C([H])=C(N([H])C(=O)C([H])([H])C([H])([H])C([H])([H])[H])C(Cl)=C1[H],0
44,framework,198,[H]C([H])=C(C([H])([H])[H])C([H])([H])N([H])C(=O)OC([H])([H])C([H])([H])[H],0
44,framework,199,[H]N(C(=O)C([H])([H])C([H])([H])C([H])([H])[H])C([H])([H])C([H])([H])C(=O)OC([H])([H])[H],0
44,framework,200,[H]OC([H])([H])C([H])([H])C([H])([H])[N+]([H])([H])[H],0
44,framework,201,[H]C1=C([H])C([H])=C(C([H])([H])C(=O)OC([H])([H])[H])C(Cl)=C1[H],0
44,framework,202,[H]C(C(=O)C([H])([H])[H])=C([H])N([H])C(=O)C([H])(C([H])([H])[H])C([H])([H])[H],0
44,framework,203,[H]C1=C([H])C(C([H])([H])C(=O)OC([H])([H])[H])=C([H])C([H])=C1Br,0
44,framework,204,[H]C1=C(C(=O)OC([H])([H])[H])C(N([H])[H])=NC(C([H])([H])[H])=C1[H],0
44,framework,205,[H]N([H])C(=O)C([H])([H])C([H])([H])C([H])([H])C([H])([H])[H],0
44,framework,206,[H]N([H])C(=S)N([H])C([H])([H])C([H])(C([H])([H])[H])C([H])([H])[H],0
44,framework,207,[H]N([H])C(=S)N([H])C([H])([H])C([H])([H])C([H])([H])C([H])([H])[H],0
44,framework,208,[H]N([H])C1=NN([H])C(=O)C1([H])[H],0
44,framework,209,[H]C([H])([H])OC(=O)C([H])([H])Cl,0
44,framework,210,[H]N1N=C(C([H])([H])C([H])([H])C([H])([H])C([H])([H])C([H])([H])[H])N([H])C1=S,0
44,framework,211,[H]OC1=C([H])C([H])=C(C([H])([H])[H])N1C([H])([H])C([H])([H])[H],0
44,framework,212,[H]C([H])([H])C([H])([H])N1C(=O)C([H])([H])C([H])([H])C([H])([H])C1=O,0
44,framework,213,[H]SC([H])(C([H])([H])[H])C([H])([H])[H],0
44,framework,214,[H]C([H])=C([H])C([H])([H])N([H])C(=O)C([H])([H])C1=C([H])C([H])=C([H])S1,0
44,framework,215,[H]C1=C([H])C([H])=C(C(=O)C([H])([H])C([H])([H])[H])C([H])=C1[H],0
44,framework,216,[H]C1=C([H])C([H])=C(N([H])C(=O)C([H])([H])[H])C(Cl)=C1[H],0
44,framework,217,[H]N(C(=O)C([H])([H])N1C([H])([H])C([H])([H])OC([H])([H])C1([H])[H])C([H])([H])C([H])([H])[H],0
44,framework,218,[H]C1=C([H])C(C([H])([H])C([H])(C([H])([H])[H])[N+]([H])([H])[H])=C([H])C([H])=C1C([H])([H])[H],0
44,framework,219,[H]N([H])C(=O)C([H])(C([H])([H])[H])C([H])([H])[H],0
44,framework,220,[H]C1=C([H])C(OC([H])([H])C(=O)N([H])C([H])([H])C([H])([H])[H])=C([H])C([H])=C1Cl,0
44,framework,221,[H]C([H])([H])C(=O)OC([H])(C([H])([H])[H])C([H])([H])C([H])([H])[H],0
44,framework,222,[H]N([H])C(=O)C([H])([H])C([H])([H])[H],0
44,framework,223,[H]OC(=O)C([H])([H])C([H])([H])C([H])([H])C([H])([H])[H],0
44,framework,224,[H]C1=C([H])C([H])=C2C(=C1[H])C(=O)N(C([H])([H])C(=O)OC([H])([H])[H])C(=S)N2[H],0
44,framework,225,[H]C1=C(N([H])[H])N=C(N([H])C([H])([H])[H])N=C1C([H])([H])[H],0
44,framework,226,[H]N(C(=O)C([H])([H])Cl)C1([H])C([H])([H])C([H])([H])N(C([H])([H])[H])C([H])([H])C1([H])[H],0
44,framework,227,[H]C1=C(C([H])([H])[H])N=C(N([H])C([H])([H])C([H])([H])[H])N1C([H])([H])C([H])([H])[H],0
44,framework,228,[H]N1C([H])([H])C([H])([H])C([H])(C([H])([H])C([H])([H])[H])C1([H])[H],0
44,framework,229,[H]OC(=O)C([H])(N([H])[H])C([H])([H])C([H])([H])[H],0
44,framework,230,[H]N(C(=O)C([H])([H])[H])C(=S)N([H])C([H])([H])C([H])([H])[H],0
44,framework,231,[H]C1=C(C(=O)N([H])[H])SC(=S)N1C([H])([H])C([H])([H])[H],0
44,framework,232,[H]OC(=O)C([H])([H])[H],0
44,framework,233,[H]N([H])C([H])([H])C([H])(C([H])([H])[H])C([H])([H])N([H])[H],0
44,framework,234,[H]C1=C([H])C([H])=C(N([H])C(=S)N([H])C([H])([H])C([H])([H])C([H])([H])[H])C([H])=C1[H],0
44,framework,235,[H]C1=NN=C(C([H])([H])C([H])([H])[H])N1C([H])([H])C([H])([H])C([H])([H])[H],0
44,framework,236,[H]C1=NN(C([H])([H])C([H])([H])C([H])([H])C([H])([H])[H])C([H])=N1,0
44,framework,237,[H]C1=C(C([H])([H])[H])N=C(C([H])([H])C(=O)N([H])C([H])(C([H])([H])[H])C([H])([H])[H])S1,0
44,framework,238,[H]OC([H])([H])C([H])([H])C([H])([H])OC([H])([H])[H],0
44,framework,239,[H]N([H])C([H])(N([H])[H])C([H])([H])C([H])([H])C([H])([H])C([H])([H])C([H])([H])[H],0
44,framework,240,[H]OC(=O)C1([H])N=C(N([H])C([H])(C([H])([H])[H])C([H])([H])[H])SC1([H])[H],0
44,framework,241,[H]C1=C(C([H])([H])[H])N=C(C(=O)OC([H])([H])C([H])([H])[H])N([H])C1=O,0
44,framework,242,[H]N([H])C(=S)N([H])[H],0
44,framework,243,[H]C([H])([H])N(C(=O)C([H])([H])C([H])([H])[H])C([H])([H])[H],0
44,framework,244,[H]C([H])=C([H])C([H])([H])N1C(=O)C(=O)N(C([H])([H])C(=O)OC([H])([H])[H])C1=O,0
44,framework,245,[H]OC(=O)N([H])[H],0
44,framework,246,[H]C([H])=C([H])C([H])([H])N([H])C(=O)OC([H])([H])C([H])([H])C([H])([H])[H],0
44,framework,247,[H]SC([H])(C([H])([H])[H])C([H])([H])[H],0
44,framework,248,[H]C1=C(Cl)SC(S(=O)(=O)OC([H])([H])[H])=C1[H],0
44,framework,249,[H]N(C(=S)N([H])C([H])([H])C([H])([H])[H])C([H])([H])C([H])([H])[H],0
44,framework,250,[H]OC(=O)C([H])([H])C([H])([H])C(=O)OC([H])([H])C([H])([H])[H],0
44,framework,251,[H]N([H])C(=S)N(C([H])([H])C([H])([H])[H])C([H])([H])C([H])([H])[H],0
44,framework,252,[H]C([H])=NC1=C(C([H])([H])C([H])([H])[H])SC(N([H])C(=O)C2=C([H])C([H])=C([H])S2)=N1,0
44,framework,253,[H]C1=C([H])C([H])=C(C(=O)C([H])([H])[H])C(SC([H])([H])[H])=C1[H],0
44,framework,254,[H]C([H])([H])C(=O)C([H])([H])C([H])([H])C([H])([H])[H],0
44,framework,255,[H]C1=C(N([H])C(=O)C([H])([H])C([H])([H])[H])C([H])([H])C([H])([H])C1([H])[H],0
44,framework,256,[H]C1=C([H])C([H])=C(C(=NN([H])C(=O)C([H])([H])OC([H])([H])[H])C([H])([H])C([H])([H])[H])C([H])=C1[H],0
44,framework,257,[H]C1=C([H])C(C([H])([H])[H])=C([H])C(C(=O)C([H])([H])[H])=C1[H],0
44,framework,258,[H]N([H])C(=O)C([H])([H])SC([H])([H])C([H])([H])[H],0
44,framework,259,[H]C1=C([H])C(C(=O)OC([H])([H])C([H])([H])[H])=C([H])C(C(F)(F)F)=C1[H],0
44,framework,260,[H]C1=C([H])C(N([H])C(=O)N([H])C([H])([H])C([H])([H])C([H])([H])[H])=C([H])C([H])=C1Br,0
44,framework,261,[H]C1=C([H])C2=C(S1)N([H])C(=S)N(C([H])([H])C(=O)OC([H])([H])C([H])([H])[H])C2=O,0
44,framework,262,[H]N1N=C(SC([H])([H])C([H])([H])OC([H])([H])[H])N([H])C1=S,0
44,framework,263,[H]OC(=O)C1=C([H])C([H])=C([H])C(C([H])([H])C([H])([H])C([H])([H])[H])=C1[H],0
44,framework,264,[H]C1=C([H])C(C(=O)N([H])C([H])([H])C([H])([H])OC([H])([H])[H])=C([H])C([H])=C1Br,0
44,framework,265,[H]C1=C([H])C(C([H])([H])C([H])([H])[H])=C([H])C(C([H])([H])C([H])([H])[H])=C1[H],0
44,framework,266,[H]N([H])C(=S)N([H])N([H])C(=O)C([H])(C([H])([H])[H])C([H])([H])C([H])([H])OC([H])([H])[H],0
44,framework,267,[H]N(C(=O)OC([H])([H])C([H])([H])[H])C([H])([H])C([H])([H])[H],0
44,framework,268,[H]C([H])([H])OC(=O)C([H])([H])C([H])([H])C([H])([H])[H],0
44,framework,269,[H]C1=C(C([H])([H])C([H])([H])[H])C(C([H])([H])C([H])([H])[H])=C([H])N([H])C1=O,0
44,framework,270,[H]OC(=O)C1=C([H])C([H])=C(C([H])([H])C([H])([H])[H])C([H])=C1[H],0
44,framework,271,[H]OC(=O)C([H])([H])C([H])([H])C([H])(C([H])([H])[H])C([H])([H])[H],0
44,framework,272,[H]C([H])([H])C([H])([H])OC(=O)C([H])(C([H])([H])[H])C([H])([H])[H],0
44,framework,273,[H]C([H])([H])C(=O)OC(C([H])([H])[H])(C([H])([H])[H])C([H])([H])[H],0
44,framework,274,[H]N1C([H])([H])C([H])([H])N(C([H])([H])[H])C([H])([H])C1([H])[H],0
44,framework,275,[H]C([H])(Cl)C([H])([H])Cl,0
44,framework,276,[H]C1=C(Br)C([H])=C(C(=O)N(C([H])([H])[H])C([H])([H])[H])C(OC([H])([H])[H])=C1[H],0
44,framework,277,[H]OC1=C([H])C([H])=C([H])C([H])=C1N([H])C([H])([H])C([H])([H])C([H])([H])[H],0
44,framework,278,[H]OC(=O)C([H])([H])C([H])(C([H])([H])[H])C([H])([H])[H],0
44,framework,279,[H]N1C(=O)C([H])([H])N([H])C([H])(C([H])([H])C([H])([H])[H])C1=O,0
44,framework,280,[H]N(C(=O)C([H])([H])C([H])([H])C([H])([H])[H])C([H])([H])C([H])([H])C([H])([H])C([H])([H])[H],0
44,framework,281,[H]SC(=S)SC([H])([H])C([H])([H])[H],0
44,framework,282,[H]C1=C([H])C([H])=C(OC([H])(C([H])([H])[H])C([H])([H])[H])C([H])=C1[H],0
44,framework,283,[H]OC([H])([H])C([H])([H])N1C([H])=NC([H])=C1[H],0
44,framework,284,[H]N1N=C(C([H])([H])C([H])([H])C([H])([H])[H])C(=O)N([H])C1=S,0
44,framework,285,[H]C1=C([H])C(C(=O)C([H])([H])C(=O)OC([H])([H])C([H])([H])[H])=C([H])C([H])=C1Br,0
44,framework,286,[H]N([H])C(=O)C([H])([H])SC([H])(C([H])([H])[H])C([H])([H])[H],0
44,framework,287,[H]C([H])(S)C([H])([H])Cl,0
44,framework,288,[H]C([H])([H])N(C([H])([H])[H])C([H])([H])[H],0
44,framework,289,[H]C1=C([H])C(Cl)=C([H])C(N([H])C(=O)OC([H])([H])[H])=C1[H],0
44,framework,290,[H]OC(=O)C([H])([H])C(=O)N([H])[H],0
44,framework,291,[H]N([H])C(=S)N([H])C([H])([H])C([H])([H])C([H])([H])C([H])([H])[H],0
44,framework,292,[H]N([H])C(=S)N([H])C([H])(C([H])([H])[H])C([H])([H])C([H])([H])[H],0
44,framework,293,[H]C([H])([H])C([H])([H])C([H])([H])C([H])([H])C([H])([H])C([H])([H])[H],0
44,framework,294,[H]N1C(=O)C([H])([H])C([H])(C(=O)OC([H])([H])[H])C1([H])[H],0
44,framework,295,[H]C1=C(C([H])([H])[H])N=C(N([H])C([H])([H])C([H])([H])C([H])([H])[H])N([H])C1=O,0
44,framework,296,[H]OC(=O)C(N([H])[H])(C([H])([H])[H])C([H])([H])[H],0
44,framework,297,[H]C([H])([H])C(=O)C([H])(C([H])([H])[H])C([H])([H])[H],0
44,framework,298,[H]C(=O)C([H])([H])C([H])([H])C1=NC(C2=C([H])C([H])=C([H])N=C2[H])=NO1,0
44,framework,299,[H]C1=C([H])C([H])=C2C(C([H])([H])C([H])([H])[H])=NC(N([H])C([H])([H])C([H])([H])[H])=NC2=C1[H],0
44,framework,300,[H]OC([H])([H])C([H])(C([H])([H])[H])C([H])([H])C([H])(C([H])([H])[H])C([H])([H])[H],0
44,framework,301,[H]OC(=O)C([H])([H])C([H])([H])C([H])([H])C([H])([H])[H],0
44,framework,302,[H]C1([H])SC(=S)N(C([H])([H])C([H])(C([H])([H])[H])C([H])([H])[H])C1=O,0
44,framework,303,[H]C1=C([H])C(C(=O)C([H])([H])C([H])([H])[H])=C([H])C([H])=C1Cl,0
44,framework,304,[H]C1=NC([H])=C([H])C(N([H])C(=S)N([H])C([H])([H])C([H])([H])[H])=C1[H],0
44,framework,305,[H]OC([H])([H])C([H])([H])C([H])([H])C([H])([H])[N+]([H])(C([H])([H])[H])C([H])([H])[H],0
44,framework,306,[H]C([H])([H])OC(=O)C([H])([H])C([H])([H])C(=O)OC([H])([H])[H],0
44,framework,307,[H]N([H])C(=O)C([H])([H])C([H])([H])C([H])([H])[H],0
44,framework,308,[H]N(C(=S)N([H])C([H])(C([H])([H])[H])C([H])([H])[H])C([H])([H])C([H])([H])[H],0
44,framework,309,[H]C1=C(Cl)C(S(=O)(=O)N([H])[H])=C([H])C(C([H])([H])C([H])([H])[H])=C1[H],0
44,framework,310,[H]N([H])C([H])([H])C([H])([H])C([H])([H])C([H])([H])C([H])([H])C([H])([H])N([H])[H],0
44,framework,311,[H]C1=C(Cl)C(OC([H])([H])[H])=C([H])C([H])=C1N([H])C(=O)OC([H])([H])[H],0
44,framework,312,[H]N(C(=O)C([H])([H])[H])C([H])([H])C([H])([H])[H],0
44,framework,313,[H]OC(=O)C([H])([H])C([H])([H])[H],0
44,framework,314,[H]N([H])C(=O)C([H])(Cl)C([H])([H])[H],0
44,framework,315,[H]C([H])([H])C1=NN=C(C([H])([H])C([H])([H])[H])O1,0
44,framework,316,[H]OC(=O)C1=NN(C([H])([H])C([H])([H])[H])C([H])([H])SC1([H])[H],0
44,framework,317,[H]C1=C([H])C2=C(C([H])=C1[H])C([H])(C(=O)N([H])C([H])([H])[H])OC2=O,0
44,framework,318,[H]OC(=O)C([H])([H])SC1=NN=C([H])N1C([H])([H])C([H])([H])[H],0
44,framework,319,[H]C([H])([H])C([H])([H])C([H])([H])C(=O)C1([H])C([H])([H])C1([H])[H],0
44,framework,320,[H]C1=C([H])C(N([H])C(=O)C([H])([H])[H])=C([H])C([H])=C1C(=O)C([H])([H])[H],0
44,framework,321,[H]C1=C(C(=O)C([H])([H])C([H])([H])[H])SC(N([H])[H])=N1,0
44,framework,322,[H]OC([H])([H])C(=O)OC([H])([H])C([H])([H])[H],0
44,framework,323,[H]C([H])(Cl)C1(Cl)[PH]#S1,0
44,framework,324,[H]C1=NN(C([H])(C([H])([H])C(=O)C([H])([H])[H])C([H])([H])C([H])([H])[H])C([N+](=O)[O-])=C1[H],0
44,framework,325,[H]OC(=O)C([H])([H])C([H])(C(=O)O[H])N([H])[H],0
44,framework,326,[H]OC(=O)C([H])([H])C(C([H])([H])[H])(C([H])([H])[H])C([H])([H])[H],0
44,framework,327,[H]OC(=O)C([H])([H])Cl,0
44,framework,328,[H]C1=C(N([H])[H])N([H])C([H])=C1C(=O)OC([H])([H])[H],0
44,framework,329,[H]C1=C([H])C(N([H])[H])=C([H])C([H])=C1C(=O)OC([H])([H])[H],0
44,framework,330,[H]N1N=C(C([H])([H])OC([H])([H])[H])C([H])([H])C([H])([H])C1=O,0
44,framework,331,[H]OC(=O)C([H])([H])C([H])(C([H])([H])[H])C([H])([H])[H],0
44,framework,332,[H]C1=C(N([H])C(=O)C([H])([H])[H])C([H])=C(C([H])([H])[H])C(C([H])([H])[H])=N1,0
44,framework,333,[H]N([H])N([H])C(=S)N([H])C([H])([H])C(C([H])([H])[H])(C([H])([H])[H])C([H])([H])[H],0
44,framework,334,[H]C(=O)C([H])(N([H])C(=O)C([H])([H])[H])C([H])([H])C([H])([H])[H],0
44,framework,335,[H]C([H])=C([H])C([H])([H])OC(=O)C1=C([H])C([H])=C(Br)O1,0
44,framework,336,[H]N([H])C(=O)C([H])([H])C([H])([H])[H],0
44,framework,337,[H]C([H])=C([H])C([H])([H])SC1=NC(C([H])([H])[H])=C([H])C(=O)N1[H],0
44,framework,338,[H]C1=C([H])C([H])=C(C([H])([H])C(=O)OC([H])(C([H])([H])[H])C([H])([H])[H])C([H])=C1[H],0
44,framework,339,[H]N(C(=O)C([H])([H])C([H])([H])C([H])([H])C([H])([H])[H])C([H])([H])C([H])([H])[H],0
44,framework,340,[H]OC([H])([H])C([H])(O[H])C([H])([H])C([H])([H])[H],0
44,framework,341,[H]C([H])([H])C1=NN=C(C([H])([H])C([H])([H])[H])S1,0
44,framework,342,[H]C1=C(Cl)C([H])=C([H])C(N([H])C(=O)OC2=C([H])C([H])=C([H])C([H])=C2OC(=O)C([H])([H])[H])=N1,0
44,framework,343,[H]C([H])([H])C1(C([H])([H])[H])C(=O)C(=O)OC([H])([H])C1([H])[H],0
44,framework,344,[H]OC(=O)C([H])(S[H])C([H])(C([H])([H])[H])C([H])([H])[H],0
44,framework,345,[H]OC(=O)C([H])([H])N([H])C(=O)C([H])([H])C([H])([H])C([H])([H])C([H])([H])C([H])([H])[H],0
44,framework,346,[H]OC([H])([H])C([H])([H])C([H])([H])N(C([H])([H])[H])C([H])([H])[H],0
44,framework,347,[H]C([H])([H])C1([H])C([H])([H])N(S(=O)(=O)C([H])([H])[H])C([H])([H])C([H])([H])C1([H])[H],0
44,framework,348,[H]OC(=O)N([H])C([H])([H])C([H])([H])C([H])([H])[H],0
44,framework,349,[H]N([H])C([H])([H])C([H])([H])C([H])([H])C([H])([H])[H],0
44,framework,350,[H]C1=NN([H])C([H])=C1C(=O)OC([H])(C([H])([H])[H])C([H])([H])[H],0
44,framework,351,[H]N([H])C(=O)C([H])([H])C([H])([H])Cl,0
44,framework,352,[H]C([H])([H])OC(=O)C([H])([H])C([H])(C([H])([H])[H])C([H])([H])[H],0
44,framework,353,[H]N([H])C(C([H])([H])[H])(C([H])([H])[H])C([H])([H])C([H])([H])[H],0
44,framework,354,[H]N([H])C(=O)C1([H])C([H])([H])C([H])([H])C([H])([H])C([H])([H])C1([H])[H],0
44,framework,355,[H]C1=C([H])C([H])=C(C(=O)N([H])C([H])([H])C([H])([H])N([H])C([H])([H])[H])S1,0
44,framework,356,[H]N(C(=O)OC([H])([H])C(=O)N([H])C([H])([H])[H])C([H])([H])[H],0
44,framework,357,[H]C1=NN(C([H])([H])[H])C(=O)N1C([H])([H])C(=O)C([H])([H])[H],0
44,framework,358,[H]OC(=O)C([H])([H])C(=O)N([H])[H],0
44,framework,359,[H]N([H])C([H])([H])C([H])(C([H])([H])[H])C([H])([H])[H],0
44,framework,360,[H]OC([H])(C([H])([H])[H])C([H])([H])C(=O)N([H])[H],0
44,framework,361,[H]ON([H])C(=O)C([H])([H])C([H])(C([H])([H])[H])C([H])([H])[H],0
44,framework,362,[H]C1=NC([H])=C(Br)C([H])=C1C(=O)N([H])C([H])([H])C(=O)OC([H])([H])[H],0
44,framework,363,[H]OC(=O)N([H])C([H])(C([H])([H])[H])C([H])([H])[H],0
44,framework,364,[H]N([H])C1=C(C(C([H])([H])[H])(C([H])([H])[H])C([H])([H])[H])C(=O)N([H])C(=S)N1[H],0
44,framework,365,[H]N(C(=O)C([H])([H])Cl)C([H])([H])C([H])([H])C([H])([H])[H],0
44,framework,366,[H]C1=C([H])C([H])=C(C([H])([H])N([H])C(=S)N([H])C([H])([H])[H])S1,0
44,framework,367,[H]C(Cl)(Cl)C(=O)N1C([H])([H])C([H])([H])C([H])([H])C([H])([H])C1([H])[H],0
44,framework,368,[H]OC(=O)C(N([H])[H])(C([H])([H])[H])C([H])([H])[H],0
44,framework,369,[H]C1=NN(C([H])([H])C([H])([H])[H])C(=O)N(C([H])(C([H])([H])[H])C([H])([H])[H])C1=O,0
44,framework,370,[H]C1=C([H])C(C(=O)C([H])([H])C([H])([H])[H])=C([H])C([H])=C1Cl,0
44,framework,371,[H]C1=C(N([H])C([H])([H])C([H])(C([H])([H])[H])C([H])([H])[H])N([H])N([H])C1=S,0
44,framework,372,[H]C1=C([H])C([H])=C([H])C(C([H])([H])C([H])([H])C([H])([H])C(=O)OC([H])([H])[H])=N1,0
44,framework,373,[H]C1=NN(C([H])([H])[H])C(SC([H])([H])C(=O)C([H])([H])C([H])([H])[H])=N1,0
44,framework,374,[H]N([H])C(=O)C([H])([H])N([H])C(=O)OC([H])([H])C([H])([H])[H],0
44,framework,375,[H]OC1=C([H])C([H])=C(OC([H])([H])[H])C(C(=O)OC([H])([H])[H])=C1[H],0
44,framework,376,[H]C([H])([H])C([H])([H])C([H])([H])OC(=O)C(C([H])([H])[H])(C([H])([H])[H])[N+]([H])([H])[H],0
44,framework,377,[H]OC(=O)C([H])(O[H])C([H])([H])C([H])([H])[H],0
44,framework,378,[H]OC(=O)C([H])([H])C([H])(C([H])([H])[H])C([H])([H])C([H])([H])[H],0
44,framework,379,[H]OC(=O)C([H])([H])[H],0
44,framework,380,[H]N(C(=O)C([H])([H])C([H])([H])C([H])([H])[H])C([H])([H])C([H])([H])C([H])([H])[H],0
44,framework,381,[H]C1=NC(N([H])C(=S)N([H])C([H])([H])C([H])([H])OC([H])([H])[H])=C([H])C([H])=C1[H],0
44,framework,382,[H]OC([H])([H])C([H])([H])C([H])([H])C([H])([H])OC([H])([H])[H],0
44,framework,383,[H]N(C(=O)C(Cl)(Cl)Cl)C([H])(C([H])([H])[H])C([H])([H])C([H])([H])C([H])([H])[H],0
44,framework,384,[H]OC(=O)N([H])C([H])(C([H])([H])[H])C([H])([H])[H],0
44,framework,385,[H]OC(=O)C([H])([H])OC(=O)N([H])N=C([H])C([H])([H])[H],0
44,framework,386,[H]C1=C([H])C([H])=C(C([H])([H])C([H])([H])C([H])([H])[H])C([H])=C1[H],0
44,framework,387,[H]C1=NN=C(SC([H])([H])C(=O)OC([H])([H])[H])N1N([H])[H],0
44,framework,388,[H]C1=C(C(=O)OC([H])([H])[H])C([H])=C(C([H])([H])[H])C(C([H])([H])[H])=C1OC([H])([H])[H],0
44,framework,389,[H]C1=C(C([H])(C([H])([H])[H])C([H])([H])[H])C([H])=C(N([H])[H])S1,0
44,framework,390,[H]C1=C([H])C(C([H])([H])C([H])([H])[H])=NC(SC([H])([H])[H])=N1,0
44,framework,391,[H]C1=C(C([H])([H])OC([H])([H])C([H])([H])[H])N([H])C(=S)N1[H],0
44,framework,392,[H]C1=C(Br)C(C([H])([H])[H])=NN1C([H])([H])C([H])([H])[H],0
44,framework,393,[H]OC([H])([H])C([H])([H])C([H])([H])N(C([H])([H])[H])C([H])([H])[H],0
44,framework,394,[H]C([H])(Cl)C(=O)N(C([H])([H])[H])C([H])([H])[H],0
44,framework,395,[H]C1=C([H])N(C([H])([H])C(=O)OC([H])([H])[H])C([H])=C1[H],0
44,framework,396,[H]OC(=O)C([H])([H])[H],0
44,framework,397,[H]C1=C2OC(=O)N(C([H])([H])[H])C2=C([H])C([H])=C1C(=O)OC([H])([H])[H],0
44,framework,398,[H]C1=C(N([H])[H])C([H])=C([H])C(N([H])C([H])(C([H])([H])[H])C([H])([H])[H])=N1,0
44,framework,399,[H]C1=C([H])C([H])=C(C(=O)N([H])C(=O)C([H])(C([H])([H])[H])C([H])([H])[H])C(Cl)=C1[H],0
44,framework,400,[H]OC(=O)C([H])([H])C1([H])OC([H])([H])C([H])([H])C1([H])[H],0
44,framework,401,[H]C1=C([H])C([H])=C(C(=O)C([H])([H])C([H])([H])C(=O)OC([H])([H])[H])C([H])=C1[H],0
44,framework,402,[H]N(C(=S)N([H])C([H])([H])C([H])([H])C([H])([H])C([H])([H])[H])C([H])([H])C([H])([H])[H],0
44,framework,403,[H]C(C(=O)OC([H])([H])[H])=C([H])C(=O)N([H])[H],0
44,framework,404,[H]N1C(=O)C([H])([H])N(C([H])([H])C([H])([H])C([H])([H])[H])C1=S,0
44,framework,405,[H]C1=C(C([H])([H])C([H])([H])[H])N([H])C(=S)N1[H],0
44,framework,406,[H]OC(=O)C([H])([H])C([H])(N([H])[H])C([H])([H])[H],0
44,framework,407,[H]N1N=C(OC([H])([H])[H])C(C([H])([H])[H])=C1C([H])([H])[H],0
44,framework,408,[H]C([H])([H])N(C([H])([H])[H])C([H])([H])C([H])([H])[H],0
44,framework,409,[H]C([H])([H])OC([H])([H])C(Cl)(Cl)Cl,0
44,framework,410,[H]C([H])=C([H])S(=O)(=O)N1C([H])([H])C([H])([H])C([H])([H])C([H])([H])C1([H])[H],0
44,framework,411,[H]OC([H])([H])C([H])([H])OC([H])([H])C([H])([H])[H],0
44,framework,412,[H]N([H])C([H])([H])C([H])([H])[N+]([H])([H])C([H])([H])C([H])([H])C([H])([H])C([H])([H])[H],0
44,framework,413,[H]C(=O)C([H])([H])C([H])([H])C([H])([H])C([H])([H])[H],0
44,framework,414,[H]C1=NC(C([H])([H])N(C([H])([H])[H])C([H])([H])[H])=C([H])C(C([H])([H])[H])=N1,0
44,framework,415,[H]OC(=O)C([H])([H])OC1=C(OC([H])([H])[H])C([H])=C(C(=O)C([H])([H])[H])C([H])=C1[H],0
44,framework,416,[H]C1=C([H])N(C([H])([H])C(=O)OC([H])([H])[H])C([H])=C1[H],0
44,framework,417,[H]C1=NC2=C(C([H])=C1[H])N([H])C(SC([H])([H])C([H])([H])C([H])([H])C([H])([H])[H])=N2,0
44,framework,418,[H]C([H])([H])OC(=O)C([H])([H])C([H])([H])[N+]([H])([H])C([H])([H])[H],0
44,framework,419,[H]OC(=O)C([H])([H])C([H])(N([H])[H])C([H])([H])[H],0
44,framework,420,[H]C1=C(C([H])([H])[H])C(S(=O)(=O)OC([H])([H])[H])=C([H])C(Cl)=C1C([H])([H])[H],0
44,framework,421,[H]C1=C([H])C([H])=C(C(=C(C(=O)C([H])([H])[H])N([H])C(=O)C([H])([H])[H])C([H])([H])[H])C([H])=C1[H],0
44,framework,422,[H]OC1=NC(=[S+]C([H])([H])C([H])([H])OC([H])([H])[H])N([H])C([O-])=C1[H],0
44,framework,423,[H]ON=C(C(=O)N([H])[H])C([H])([H])C([H])([H])[H],0
44,framework,424,[H]C(=O)C1=C([H])N(C([H])([H])C(=O)OC([H])([H])[H])C([H])=C1[H],0
44,framework,425,[H]C([H])(Cl)C(=O)N1C([H])([H])C([H])([H])C([H])(C([H])([H])[H])C([H])([H])C1([H])[H],0
44,framework,426,[H]OC(=O)C([H])([H])C([H])(C(=O)OC([H])([H])C([H])([H])[H])C([H])([H])C([H])([H])[H],0
44,framework,427,[H]OC([H])([H])C([H])(O[H])C([H])([H])C([H])([H])[H],0
44,framework,428,[H]C([H])([H])C([H])([H])C([H])([H])C1([H])C([H])([H])C([H])([H])C([H])([H])C([H])([H])C1([H])[H],0
44,framework,429,[H]N([H])C(=O)C([H])([H])C([H])([H])[H],0
44,framework,430,[H]OC(=O)C1=C([H])C([H])=C([H])C([H])=C1OC([H])([H])C(=O)C([H])([H])[H],0
44,framework,431,[H]C1=NN(C([H])([H])C([H])([H])OC([H])([H])[H])C2=C([H])C([H])=C([H])C([H])=C12,0
44,framework,432,[H]C1=C([H])SC(N([H])C(=O)C([H])([H])C([H])([H])C(=O)OC([H])([H])[H])=N1,0
44,framework,433,[H]OC([H])([H])C([H])([H])C([H])([H])[H],0
44,framework,434,[H]N([H])C(=O)C([H])(Cl)C([H])([H])[H],0
44,framework,435,[H]C([H])=C([H])C([H])([H])N([H])C(=O)C([H])([H])OC1=C([H])C([H])=C([H])C([H])=C1C([H])([H])[H],0
44,framework,436,[H]C([H])([H])N(C(=O)C(Cl)(Cl)Cl)C([H])([H])C([H])([H])C([H])([H])[H],0
44,framework,437,[H]OC(=O)N([H])C([H])(C(=O)O[H])C([H])([H])[H],0
44,framework,438,[H]N(C(=O)C([H])([H])[H])C([H])([H])N(C([H])([H])[H])C([H])([H])[H],0
44,framework,439,[H]C1=C([H])C([H])=C2N=C(C([H])([H])C([H])([H])[H])N([H])C2=N1,0
44,framework,440,[H]C1=NC([H])=C([H])C([H])=C1C([H])=NC([H])([H])C([H])([H])C([H])([H])[H],0
44,framework,441,[H]C1=C(Cl)C(OC([H])([H])C([H])([H])[H])=C([H])C([H])=C1N([H])C(=O)C([H])([H])[H],0
44,framework,442,[H]OC(=O)C([H])([H])C([H])([H])C([H])([H])C(=O)OC([H])([H])[H],0
44,framework,443,[H]OC([H])([H])C([H])([H])C([H])(O[H])C([H])([H])[H],0
44,framework,444,[H]OC(=O)C([H])([H])C([H])(N([H])[H])C([H])([H])[H],0
44,framework,445,[H]OC1=C(C(=O)C([H])([H])C([H])([H])[H])C([H])([H])C([H])([H])C([H])([H])C1=O,0
44,framework,446,[H]OC(=O)C([H])(S[H])C([H])([H])[H],0
44,framework,447,[H]C1=C(N([H])C(=O)OC([H])([H])C([H])([H])[H])SC(C([H])([H])[H])=C1[H],0
44,framework,448,[H]OC([H])([H])N([H])[H],0
44,framework,449,[H]OC(=O)C1=C(C([H])([H])[H])N(C([H])([H])C([H])([H])C([H])([H])[H])N=C1[H],0
44,framework,450,[H]C1=C([H])C(Cl)=C(C(=O)N([H])C([H])([H])C([H])([H])C([H])([H])[H])C([H])=C1[H],0
44,framework,451,[H]N(N=C(C(=O)OC([H])([H])[H])C([H])([H])[H])C(=O)C([H])([H])N([H])[H],0
44,framework,452,[H]OC([H])([H])C([H])([H])N(C([H])([H])[H])C([H])([H])C([H])([H])OC([H])([H])[H],0
44,framework,453,[H]C([H])([H])C1=NN=C(C([H])([H])C([H])([H])[H])S1,0
44,framework,454,[H]C1=C([H])C([H])=C(N([H])C(=O)N([H])C(=O)C([H])([H])[H])C(OC([H])([H])[H])=C1[H],0
44,framework,455,[H]C1=NN([H])N=C1C(=O)N([H])N([H])C(=O)OC([H])([H])[H],0
44,framework,456,[H]C([H])=C([H])C(=O)N([H])[H],0
44,framework,457,[H]C(C(=O)OC([H])([H])[H])=C([H])N([H])C([H])([H])C(=O)OC([H])([H])[H],0
44,framework,458,[H]N(C(=O)C([H])([H])C([H])([H])C([H])([H])[H])C1=NN=C(C([H])([H])[H])S1,0
44,framework,459,[H]C(=O)C1([H])C([H])([H])C([H])([H])C([H])([H])C([H])([H])C1([H])[H],0
44,framework,460,[H]C1=C([H])C(C([H])([H])[H])=C([H])C(C([H])([H])[N+]([H])(C([H])([H])[H])C([H])([H])C([H])([H])[H])=C1[H],0
44,framework,461,[H]OC(=O)C(C([H])([H])[H])(C([H])([H])[H])C([H])([H])C([H])([H])C([H])([H])[H],0
44,framework,462,[H]C1=C([H])C([H])=C(C([H])(C(=O)OC([H])([H])[H])C([H])([H])[H])C([H])=C1[H],0
44,framework,463,[H]OC1([H])C([H])([H])C([H])([H])C([H])([N+]([H])([H])[H])C([H])([H])C1([H])O[H],0
44,framework,464,[H]OC(=O)C([H])(N([H])C(=S)N([H])[H])C([H])([H])C([H])([H])[H],0
44,framework,465,[H]N([H])C(=O)C([H])([H])C([H])([H])C(=NC(=O)C([H])([H])[H])[N+]([H])([H])[H],0
44,framework,466,[H]OC(=O)C([H])([H])C([H])(N([H])[H])C([H])([H])[H],0
44,framework,467,[H]C1=C([H])C([H])=C(N(C(=S)N([H])C([H])([H])C([H])([H])[H])C([H])([H])C([H])([H])[H])C([H])=C1[H],0
44,framework,468,[H]OC(=O)C([H])([H])C([H])([H])[H],0
44,framework,469,[H]N([H])C(=O)N([H])[H],0
44,framework,470,[H]C([H])=C([H])C([H])([H])C(=O)C1=C([H])C([H])=C(Cl)S1,0
44,framework,471,[H]N([H])C(=O)C([H])([H])C([H])([H])C([H])([H])[H],0
44,framework,472,[H]C1=NC([H])=C([H])C([H])=C1C([H])([H])C([H])([H])C([H])([H])[H],0
44,framework,473,[H]OC(=O)C([H])(O[H])C([H])([H])[H],0
44,framework,474,[H]OC(=O)C([H])([H])N(C([H])([H])[H])C([H])([H])[H],0
44,framework,475,[H]OC(=O)C([H])([H])SC(=S)N([H])C([H])([H])[H],0
44,framework,476,[H]C([H])([H])C([H])([H])C([H])([H])C([H])([H])C([H])([H])C([H])([H])[H],0
44,framework,477,[H]C1=C([H])C([H])([H])C([H])(N([H])C(=O)OC([H])([H])C([H])([H])[H])C1([H])[H],0
44,framework,478,[H]OC(=O)C([H])(C([H])([H])[H])C([H])([H])C([H])([H])C([H])([H])[H],0
44,framework,479,[H]N1C([H])([H])C([H])([H])C([H])([H])C([H])(C([H])([H])C([H])([H])[H])C1([H])[H],0
44,framework,480,[H]OC(=O)C([H])(Cl)Cl,0
44,framework,481,[H]C(=NC([H])([H])[H])N1N=NN=C1SC([H])([H])C([H])([H])[H],0
44,framework,482,[H]C1=C(C(=O)OC([H])([H])[H])C(N([H])[H])=C([H])C(Cl)=N1,0
44,framework,483,[H]N([H])C(=NSC([H])([H])C([H])([H])[H])N([H])[H],0
44,framework,484,[H]OC(=O)C([H])([H])C([H])([H])C#N,0
44,framework,485,[H]C([H])([H])OC(=O)C([H])([H])C([H])(C([H])([H])[H])C([H])([H])[H],0
44,framework,486,[H]N([H])C(=O)N([H])[H],0
44,framework,487,[H]C([H])([H])C([H])([H])C([H])([H])[N+]([H])([H])C([H])([H])C([H])([H])[H],0
44,framework,488,[H]C([H])=C([H])C([H])([H])N([H])C(=O)C([H])([H])C([H])([H])C([H])([H])[H],0
44,framework,489,[H]OC([H])(C([H])([H])N([H])[H])C([H])([H])C([H])([H])C([H])([H])[H],0
44,framework,490,[H]C([H])([H])OC1([H])OC([H])(C([H])([H])[H])C([H])([H])C1([H])[H],0
44,framework,491,[H]N(C(=O)C([H])([H])[H])C([H])([H])C([H])([H])OC([H])([H])[H],0
44,framework,492,[H]OC(=O)C1(C([H])([H])[H])N([H])C([H])(C([H])([H])[H])C([H])(O[H])C1([H])[H],0
44,framework,493,[H]C1=C(C(=O)N([H])C([H])([H])C([H])([H])[H])SC(C([H])([H])[H])=C1[H],0
44,framework,494,[H]C1=C([H])C(C([H])(C([H])([H])[H])C([H])([H])[H])=C([H])C([H])=C1N([H])[H],0
44,framework,495,[H]N1C(=S)N(C([H])([H])C([H])([H])[H])N=C1C([H])([H])C([H])([H])C([H])([H])[H],0
44,framework,496,[H]OC(=O)C([H])([H])OC1=C([H])C([H])=C(C(=O)OC([H])([H])C([H])([H])[H])C([H])=C1[H],0
44,framework,497,[H]N(C(=O)C([H])([H])Cl)C([H])([H])C([H])([H])[H],0
44,framework,498,[H]C([H])([H])C([H])([H])C([H])([H])C([H])([H])C([H])([H])C([H])([H])C([H])([H])[H],0
44,framework,499,[H]C1=C([H])C([H])=C(C2=C(C([H])([H])[H])C(=O)N(C([H])([H])[H])C(=O)N2OC([H])([H])[H])C([H])=C1[H],0
